g logistic-station-1
v 1.33107185 6.58748055 4.0336683E-16
v 1.07685983 7.25526667 -0.782384455
v 1.07685983 6.58748055 -0.782384455
v 1.33107185 7.25526667 4.44256922E-16
v 1.07686019 6.58748055 0.782384098
v 1.07686019 7.25526667 0.782384098
v 0.751966894 8.52271366 0.546335459
v 0.929481924 8.52271366 -4.78050799E-09
v 0.751966715 8.52271366 -0.546335757
v 0.411323845 6.58748055 -1.26592469
v -0.411323905 7.25526667 -1.26592469
v -0.411323905 6.58748055 -1.26592469
v 0.411323845 7.25526667 -1.26592469
v 1.07685983 6.58748055 -0.782384455
v 1.07685983 7.25526667 -0.782384455
v 0.751966715 8.52271366 -0.546335757
v 0.287225723 8.52271366 -0.883989751
v -0.287225783 8.52271366 -0.883989751
v -1.07685995 6.58748055 -0.782384396
v -1.33107185 7.25526667 1.16366003E-07
v -1.33107185 6.58748055 1.16366003E-07
v -1.07685995 7.25526667 -0.782384396
v -0.411323905 6.58748055 -1.26592469
v -0.411323905 7.25526667 -1.26592469
v -0.287225783 8.52271366 -0.883989751
v -0.751966715 8.52271366 -0.546335697
v -0.929481924 8.52271366 7.64773915E-08
v -1.07685983 6.58748055 0.782384574
v -0.411323965 7.25526667 1.26592469
v -0.411323965 6.58748055 1.26592469
v -1.07685983 7.25526667 0.782384574
v -1.33107185 6.58748055 1.16366003E-07
v -1.33107185 7.25526667 1.16366003E-07
v -0.929481924 8.52271366 7.64773915E-08
v -0.751966715 8.52271366 0.546335876
v -0.287225842 8.52271366 0.883989751
v 0.411324024 6.58748055 1.26592469
v 1.07686019 7.25526667 0.782384098
v 1.07686019 6.58748055 0.782384098
v 0.411324024 7.25526667 1.26592469
v -0.411323965 6.58748055 1.26592469
v -0.411323965 7.25526667 1.26592469
v -0.287225842 8.52271366 0.883989751
v 0.287225842 8.52271366 0.883989751
v 0.751966894 8.52271366 0.546335459
v 1.2249999 8.52271366 -2.12176228
v -1.07092902E-07 8.52271366 -2.45000005
v -6.23063897E-07 8.52271366 -3.05175774E-07
v 2.12176228 8.52271366 -1.22500002
v 2.45000005 8.52271366 5.21865734E-16
v 2.45000005 8.52271366 5.21865734E-16
v 2.45000005 13.6080971 7.69014963E-10
v 2.12176228 13.6080971 -1.22500002
v 2.12176228 8.52271366 -1.22500002
v 1.2249999 13.6080971 -2.12176228
v 1.2249999 8.52271366 -2.12176228
v -1.07092887E-07 13.6080971 -2.45000005
v -1.07092902E-07 8.52271366 -2.45000005
v -1.07092902E-07 8.52271366 -2.45000005
v -1.07092887E-07 13.6080971 -2.45000005
v -1.22500014 13.6080971 -2.12176228
v -1.22500014 8.52271366 -2.12176228
v -2.12176228 13.6080971 -1.22500014
v -2.12176228 8.52271366 -1.22500014
v -2.45000005 13.6080971 -3.69170664E-07
v -2.45000005 8.52271366 -3.69939727E-07
v -2.45000005 8.52271366 -3.69939727E-07
v -2.45000005 13.6080971 -3.69170664E-07
v -2.12176251 13.6080971 1.22499943
v -2.12176251 8.52271366 1.22499943
v -1.22500074 13.6080971 2.1217618
v -1.22500074 8.52271366 2.1217618
v -1.13903513E-06 13.6080971 2.45000005
v -1.13903513E-06 8.52271366 2.45000005
v -1.13903513E-06 8.52271366 2.45000005
v -1.13903513E-06 13.6080971 2.45000005
v 1.22499871 13.6080971 2.12176299
v 1.22499871 8.52271366 2.12176299
v 2.12176132 13.6080971 1.22500145
v 2.12176132 8.52271366 1.22500145
v 2.45000005 13.6080971 7.69014963E-10
v 2.45000005 8.52271366 5.21865734E-16
v 2.45000005 13.6080971 7.69014963E-10
v 1.75348532 13.6080971 1.04915223E-08
v 1.51856291 13.6080971 -0.876742661
v 2.12176228 13.6080971 -1.22500002
v 0.876742482 13.6080971 -1.51856291
v 1.2249999 13.6080971 -2.12176228
v -1.77866056E-07 13.6080971 -1.75348532
v -1.07092887E-07 13.6080971 -2.45000005
v -1.07092887E-07 13.6080971 -2.45000005
v -1.77866056E-07 13.6080971 -1.75348532
v -0.876742899 13.6080971 -1.51856291
v -1.22500014 13.6080971 -2.12176228
v -1.51856291 13.6080971 -0.87674278
v -2.12176228 13.6080971 -1.22500014
v -1.75348532 13.6080971 -2.5427741E-07
v -2.45000005 13.6080971 -3.69170664E-07
v -2.45000005 13.6080971 -3.69170664E-07
v -1.75348532 13.6080971 -2.5427741E-07
v -1.51856303 13.6080971 0.876742303
v -2.12176251 13.6080971 1.22499943
v -0.876743376 13.6080971 1.51856256
v -1.22500074 13.6080971 2.1217618
v -9.16435681E-07 13.6080971 1.75348532
v -1.13903513E-06 13.6080971 2.45000005
v -1.13903513E-06 13.6080971 2.45000005
v -9.16435681E-07 13.6080971 1.75348532
v 0.876741648 13.6080971 1.51856339
v 1.22499871 13.6080971 2.12176299
v 1.51856232 13.6080971 0.876743674
v 2.12176132 13.6080971 1.22500145
v 1.75348532 13.6080971 1.04915223E-08
v 2.45000005 13.6080971 7.69014963E-10
v 1.75348532 13.6080971 1.04915223E-08
v 1.75348532 8.67491913 1.04915214E-08
v 1.51856291 8.67491913 -0.876742661
v 1.51856291 13.6080971 -0.876742661
v 0.876742482 8.67491913 -1.51856291
v 0.876742482 13.6080971 -1.51856291
v -1.77866056E-07 8.67491913 -1.75348532
v -1.77866056E-07 13.6080971 -1.75348532
v -1.77866056E-07 13.6080971 -1.75348532
v -1.77866056E-07 8.67491913 -1.75348532
v -0.876742899 8.67491913 -1.51856291
v -0.876742899 13.6080971 -1.51856291
v -1.51856291 8.67491913 -0.87674278
v -1.51856291 13.6080971 -0.87674278
v -1.75348532 8.67491913 -2.5427741E-07
v -1.75348532 13.6080971 -2.5427741E-07
v -1.75348532 13.6080971 -2.5427741E-07
v -1.75348532 8.67491913 -2.5427741E-07
v -1.51856303 8.67491913 0.876742303
v -1.51856303 13.6080971 0.876742303
v -0.876743376 8.67491913 1.51856256
v -0.876743376 13.6080971 1.51856256
v -9.16435681E-07 8.67491913 1.75348532
v -9.16435681E-07 13.6080971 1.75348532
v -9.16435681E-07 13.6080971 1.75348532
v -9.16435681E-07 8.67491913 1.75348532
v 0.876741648 8.67491913 1.51856339
v 0.876741648 13.6080971 1.51856339
v 1.51856232 8.67491913 0.876743674
v 1.51856232 13.6080971 0.876743674
v 1.75348532 8.67491913 1.04915214E-08
v 1.75348532 13.6080971 1.04915223E-08
v 1.51856291 8.67491913 -0.876742661
v -3.27428211E-07 8.67491913 1.90734859E-08
v 0.876742482 8.67491913 -1.51856291
v 1.75348532 8.67491913 1.04915214E-08
v 1.51856232 8.67491913 0.876743674
v 0.876742482 8.67491913 -1.51856291
v -3.27428211E-07 8.67491913 1.90734859E-08
v -1.77866056E-07 8.67491913 -1.75348532
v -0.876742899 8.67491913 -1.51856291
v -1.51856291 8.67491913 -0.87674278
v -1.51856291 8.67491913 -0.87674278
v -3.27428211E-07 8.67491913 1.90734859E-08
v -1.75348532 8.67491913 -2.5427741E-07
v -1.51856303 8.67491913 0.876742303
v -0.876743376 8.67491913 1.51856256
v -0.876743376 8.67491913 1.51856256
v -3.27428211E-07 8.67491913 1.90734859E-08
v -9.16435681E-07 8.67491913 1.75348532
v 0.876741648 8.67491913 1.51856339
v 1.51856232 8.67491913 0.876743674
v -6.23063897E-07 8.52271366 -3.05175774E-07
v -1.07092902E-07 8.52271366 -2.45000005
v -1.22500014 8.52271366 -2.12176228
v -2.12176228 8.52271366 -1.22500014
v -2.45000005 8.52271366 -3.69939727E-07
v 2.45000005 8.52271366 5.21865734E-16
v -6.23063897E-07 8.52271366 -3.05175774E-07
v -1.13903513E-06 8.52271366 2.45000005
v 2.12176132 8.52271366 1.22500145
v 1.22499871 8.52271366 2.12176299
v -6.23063897E-07 8.52271366 -3.05175774E-07
v -2.45000005 8.52271366 -3.69939727E-07
v -2.12176251 8.52271366 1.22499943
v -1.13903513E-06 8.52271366 2.45000005
v -1.22500074 8.52271366 2.1217618
v -1.30112231 11.3814135 3.14119101
v -1.30112231 9.35018826 3.14119101
v -3.14119005 9.35018826 1.30112398
v -3.14119005 11.3814135 1.30112398
v -1.08140731 9.35018826 2.61075211
v -2.61075139 9.35018826 1.08140874
v -3.14119005 9.35018826 1.30112398
v -1.30112231 9.35018826 3.14119101
v -1.08140731 11.3814135 2.61075211
v -1.30112231 11.3814135 3.14119101
v -3.14119005 11.3814135 1.30112398
v -2.61075139 11.3814135 1.08140874
v -2.61075139 11.3814135 1.08140874
v -2.61075139 9.35018826 1.08140874
v -1.08140731 9.35018826 2.61075211
v -1.08140731 11.3814135 2.61075211
v -0.872886181 9.35018826 2.46440172
v -1.08140731 9.35018826 2.61075211
v 0.87288785 9.35018826 2.46440148
v -1.30112231 9.35018826 3.14119101
v 1.3011241 9.35018826 3.14119005
v 1.08140886 9.35018826 2.61075139
v -1.08140731 9.35018826 2.61075211
v -0.872886181 11.3814135 2.46440172
v -1.08140731 11.3814135 2.61075211
v -0.872886181 9.35018826 2.46440172
v 0.87288785 11.3814135 2.46440148
v 0.87288785 9.35018826 2.46440148
v 1.08140886 11.3814135 2.61075139
v 1.08140886 9.35018826 2.61075139
v -1.08140731 11.3814135 2.61075211
v -0.872886181 11.3814135 2.46440172
v 0.87288785 11.3814135 2.46440148
v -1.30112231 11.3814135 3.14119101
v 1.08140886 11.3814135 2.61075139
v 1.3011241 11.3814135 3.14119005
v -3.14119172 11.3814135 -1.30112123
v -3.14119005 11.3814135 1.30112398
v -3.14119005 9.35018826 1.30112398
v -3.14119172 9.35018826 -1.30112123
v -2.61075139 11.3814135 1.08140874
v -3.14119005 11.3814135 1.30112398
v -3.14119172 11.3814135 -1.30112123
v -2.46440148 11.3814135 0.87288779
v -2.61075258 11.3814135 -1.08140635
v -2.4644022 11.3814135 -0.872885287
v -2.61075139 9.35018826 1.08140874
v -2.46440148 9.35018826 0.87288779
v -3.14119005 9.35018826 1.30112398
v -3.14119172 9.35018826 -1.30112123
v -2.61075258 9.35018826 -1.08140635
v -2.4644022 9.35018826 -0.872885287
v -2.61075139 11.3814135 1.08140874
v -2.46440148 9.35018826 0.87288779
v -2.61075139 9.35018826 1.08140874
v -2.46440148 11.3814135 0.87288779
v -2.4644022 9.35018826 -0.872885287
v -2.4644022 11.3814135 -0.872885287
v -2.61075258 9.35018826 -1.08140635
v -2.61075258 11.3814135 -1.08140635
v 3.14119101 11.3814135 1.30112207
v 3.14119101 9.35018826 1.30112207
v 1.3011241 9.35018826 3.14119005
v 1.3011241 11.3814135 3.14119005
v 2.61075211 9.35018826 1.08140719
v 1.08140886 9.35018826 2.61075139
v 1.3011241 9.35018826 3.14119005
v 3.14119101 9.35018826 1.30112207
v 2.61075211 11.3814135 1.08140719
v 3.14119101 11.3814135 1.30112207
v 1.3011241 11.3814135 3.14119005
v 1.08140886 11.3814135 2.61075139
v 1.08140886 11.3814135 2.61075139
v 1.08140886 9.35018826 2.61075139
v 2.61075211 9.35018826 1.08140719
v 2.61075211 11.3814135 1.08140719
v 3.14119101 11.3814135 1.30112207
v 3.14118981 11.3814135 -1.30112457
v 3.14118981 9.35018826 -1.30112457
v 3.14119101 9.35018826 1.30112207
v 3.14118981 11.3814135 -1.30112457
v 3.14119101 11.3814135 1.30112207
v 2.61075211 11.3814135 1.08140719
v 2.46440172 11.3814135 0.872886121
v 2.61075091 11.3814135 -1.08140934
v 2.46440125 11.3814135 -0.872888327
v 2.61075211 9.35018826 1.08140719
v 2.46440172 11.3814135 0.872886121
v 2.61075211 11.3814135 1.08140719
v 2.46440172 9.35018826 0.872886121
v 2.46440125 11.3814135 -0.872888327
v 2.46440125 9.35018826 -0.872888327
v 2.61075091 11.3814135 -1.08140934
v 2.61075091 9.35018826 -1.08140934
v 2.61075211 9.35018826 1.08140719
v 3.14119101 9.35018826 1.30112207
v 2.46440172 9.35018826 0.872886121
v 3.14118981 9.35018826 -1.30112457
v 2.61075091 9.35018826 -1.08140934
v 2.46440125 9.35018826 -0.872888327
v -1.30112231 11.3814135 3.14119101
v 1.3011241 11.3814135 3.14119005
v 1.3011241 9.35018826 3.14119005
v -1.30112231 9.35018826 3.14119101
v 1.30112159 11.3814135 -3.14119124
v 1.30112159 9.35018826 -3.14119124
v 3.14118981 9.35018826 -1.30112457
v 3.14118981 11.3814135 -1.30112457
v 1.08140671 9.35018826 -2.61075258
v 2.61075091 9.35018826 -1.08140934
v 3.14118981 9.35018826 -1.30112457
v 1.30112159 9.35018826 -3.14119124
v 1.08140671 11.3814135 -2.61075258
v 1.30112159 11.3814135 -3.14119124
v 3.14118981 11.3814135 -1.30112457
v 2.61075091 11.3814135 -1.08140934
v 2.61075091 11.3814135 -1.08140934
v 2.61075091 9.35018826 -1.08140934
v 1.08140671 9.35018826 -2.61075258
v 1.08140671 11.3814135 -2.61075258
v 1.30112159 11.3814135 -3.14119124
v -1.30112505 11.3814135 -3.14118958
v 1.30112159 9.35018826 -3.14119124
v -1.30112505 9.35018826 -3.14118958
v -1.30112505 11.3814135 -3.14118958
v 1.30112159 11.3814135 -3.14119124
v 1.08140671 11.3814135 -2.61075258
v 0.872885644 11.3814135 -2.46440196
v -1.08140969 11.3814135 -2.61075091
v -0.872888684 11.3814135 -2.46440125
v 1.08140671 9.35018826 -2.61075258
v 0.872885644 11.3814135 -2.46440196
v 1.08140671 11.3814135 -2.61075258
v 0.872885644 9.35018826 -2.46440196
v -0.872888684 11.3814135 -2.46440125
v -0.872888684 9.35018826 -2.46440125
v -1.08140969 11.3814135 -2.61075091
v -1.08140969 9.35018826 -2.61075091
v 1.08140671 9.35018826 -2.61075258
v 1.30112159 9.35018826 -3.14119124
v 0.872885644 9.35018826 -2.46440196
v -1.30112505 9.35018826 -3.14118958
v -1.08140969 9.35018826 -2.61075091
v -0.872888684 9.35018826 -2.46440125
v -3.14119172 11.3814135 -1.30112123
v -3.14119172 9.35018826 -1.30112123
v -1.30112505 9.35018826 -3.14118958
v -1.30112505 11.3814135 -3.14118958
v -2.61075258 9.35018826 -1.08140635
v -1.08140969 9.35018826 -2.61075091
v -1.30112505 9.35018826 -3.14118958
v -3.14119172 9.35018826 -1.30112123
v -2.61075258 11.3814135 -1.08140635
v -3.14119172 11.3814135 -1.30112123
v -1.30112505 11.3814135 -3.14118958
v -1.08140969 11.3814135 -2.61075091
v -1.08140969 11.3814135 -2.61075091
v -1.08140969 9.35018826 -2.61075091
v -2.61075258 9.35018826 -1.08140635
v -2.61075258 11.3814135 -1.08140635
v 2.08872104 13.5580139 -0.671815693
v 2.08872128 18.9958687 -0.671815872
v 1.91096556 18.9958687 -1.22456014
v 1.91096568 13.5580149 -1.22456026
v 2.21511984 13.5580149 -0.604639411
v 2.21512008 18.9958687 -0.604639351
v 2.2151196 18.9958687 -0.695367932
v 2.2151196 13.5580149 -0.695368052
v 2.2151196 13.5580149 -0.695368052
v 2.2151196 18.9958687 -0.695367932
v 2.05301547 18.9958687 -0.728901565
v 2.05301547 13.5580149 -0.728901744
v 2.05301547 13.5580149 -0.728901744
v 2.05301547 18.9958687 -0.728901565
v 2.05301571 18.9958687 -0.571105242
v 2.05301547 13.5580149 -0.571105421
v 2.05301547 13.5580149 -0.571105421
v 2.05301571 18.9958687 -0.571105242
v 2.21512008 18.9958687 -0.604639351
v 2.21511984 13.5580149 -0.604639411
v 2.18119192 17.0818481 -0.629759312
v 2.18119359 17.0818481 0.629751682
v 2.18119335 17.2341824 0.629751682
v 2.18119192 17.2341824 -0.629759312
v 2.18119192 17.2341824 -0.629759312
v 2.18119335 17.2341824 0.629751682
v 2.07108355 17.2681713 0.59646517
v 2.07108212 17.2681713 -0.596472442
v 2.07108212 17.2681713 -0.596472442
v 2.07108355 17.2681713 0.59646517
v 2.07108355 17.0478592 0.59646517
v 2.07108212 17.0478592 -0.596472442
v 2.18119192 16.3618469 -0.629759312
v 2.18119359 16.3618469 0.629751682
v 2.18119335 16.5141811 0.629751682
v 2.18119192 16.5141811 -0.629759312
v 2.18119192 16.5141811 -0.629759312
v 2.18119335 16.5141811 0.629751682
v 2.07108355 16.548748 0.59646517
v 2.07108212 16.548748 -0.596472442
v 2.07108212 16.548748 -0.596472442
v 2.07108355 16.548748 0.59646517
v 2.07108355 16.327282 0.59646517
v 2.07108212 16.327282 -0.596472442
v 2.18119192 15.6418476 -0.629759312
v 2.18119359 15.6418476 0.629751682
v 2.18119335 15.7941818 0.629751682
v 2.18119192 15.7941818 -0.629759312
v 2.18119192 15.7941818 -0.629759312
v 2.18119335 15.7941818 0.629751682
v 2.07108355 15.8284664 0.59646517
v 2.07108212 15.8284664 -0.596472442
v 2.07108212 15.8284664 -0.596472442
v 2.07108355 15.8284664 0.59646517
v 2.07108355 15.607563 0.59646517
v 2.07108212 15.607563 -0.596472442
v 2.18119192 14.9218473 -0.629759312
v 2.18119359 14.9218473 0.629751682
v 2.18119335 15.0741816 0.629751682
v 2.18119192 15.0741816 -0.629759312
v 2.18119192 15.0741816 -0.629759312
v 2.18119335 15.0741816 0.629751682
v 2.07108355 15.1087799 0.59646517
v 2.07108212 15.1087799 -0.596472442
v 2.07108212 15.1087799 -0.596472442
v 2.07108355 15.1087799 0.59646517
v 2.07108355 14.8872509 0.59646517
v 2.07108212 14.8872509 -0.596472442
v 2.18119192 14.201849 -0.629759312
v 2.18119359 14.201849 0.629751682
v 2.18119335 14.3541822 0.629751682
v 2.18119192 14.3541822 -0.629759312
v 2.18119192 14.3541822 -0.629759312
v 2.18119335 14.3541822 0.629751682
v 2.07108355 14.3888216 0.59646517
v 2.07108212 14.3888216 -0.596472442
v 2.07108212 14.3888216 -0.596472442
v 2.07108355 14.3888216 0.59646517
v 2.07108355 14.1672096 0.59646517
v 2.07108212 14.1672096 -0.596472442
v 2.30256343 17.3562775 -0.528153419
v 2.16666126 17.3562775 -0.856246829
v 2.04179144 17.3562775 -0.804524004
v 2.17769384 17.3562775 -0.476430535
v 2.30256343 17.7497768 -0.528153419
v 2.17769384 17.7497768 -0.476430535
v 2.04179144 17.7497768 -0.804524004
v 2.16666126 17.7497768 -0.856246829
v 2.30256343 17.3562775 -0.528153419
v 2.30256343 17.7497768 -0.528153419
v 2.16666126 17.7497768 -0.856246829
v 2.16666126 17.3562775 -0.856246829
v 2.16666126 17.3562775 -0.856246829
v 2.16666126 17.7497768 -0.856246829
v 2.04179144 17.7497768 -0.804524004
v 2.04179144 17.3562775 -0.804524004
v 2.04179144 17.3562775 -0.804524004
v 2.04179144 17.7497768 -0.804524004
v 2.17769384 17.7497768 -0.476430535
v 2.17769384 17.3562775 -0.476430535
v 2.17769384 17.3562775 -0.476430535
v 2.17769384 17.7497768 -0.476430535
v 2.30256343 17.7497768 -0.528153419
v 2.30256343 17.3562775 -0.528153419
v 2.18119359 17.0818481 0.629751682
v 2.18119192 17.0818481 -0.629759312
v 2.07108212 17.0478592 -0.596472442
v 2.07108355 17.0478592 0.59646517
v 2.18119359 16.3618469 0.629751682
v 2.18119192 16.3618469 -0.629759312
v 2.07108212 16.327282 -0.596472442
v 2.07108355 16.327282 0.59646517
v 2.18119359 15.6418476 0.629751682
v 2.18119192 15.6418476 -0.629759312
v 2.07108212 15.607563 -0.596472442
v 2.07108355 15.607563 0.59646517
v 2.18119359 14.9218473 0.629751682
v 2.18119192 14.9218473 -0.629759312
v 2.07108212 14.8872509 -0.596472442
v 2.07108355 14.8872509 0.59646517
v 2.18119359 14.201849 0.629751682
v 2.18119192 14.201849 -0.629759312
v 2.07108212 14.1672096 -0.596472442
v 2.07108355 14.1672096 0.59646517
v 2.08872366 13.5580139 0.671808124
v 1.91097021 13.5580149 1.22455335
v 1.91097009 18.9958687 1.22455323
v 2.0887239 18.9958687 0.671808362
v 2.21512151 13.5580149 0.604631662
v 2.21512222 13.5580149 0.695360482
v 2.21512222 18.9958687 0.695360422
v 2.21512151 18.9958687 0.604631603
v 2.21512222 13.5580149 0.695360482
v 2.05301809 13.5580149 0.729294121
v 2.05301809 18.9958687 0.729293823
v 2.21512222 18.9958687 0.695360422
v 2.05301809 13.5580149 0.729294121
v 2.05301714 13.5580149 0.570699036
v 2.05301714 18.9958687 0.570698977
v 2.05301809 18.9958687 0.729293823
v 2.05301714 13.5580149 0.570699036
v 2.21512151 13.5580149 0.604631662
v 2.21512151 18.9958687 0.604631603
v 2.05301714 18.9958687 0.570698977
v 2.30256367 17.3562775 0.528145373
v 2.17769384 17.3562775 0.476422846
v 2.0417943 17.3562775 0.804516971
v 2.1666646 17.3562775 0.856239438
v 2.30256367 17.7497768 0.528145373
v 2.1666646 17.7497768 0.856239438
v 2.0417943 17.7497768 0.804516971
v 2.17769384 17.7497768 0.476422846
v 2.30256367 17.3562775 0.528145373
v 2.1666646 17.3562775 0.856239438
v 2.1666646 17.7497768 0.856239438
v 2.30256367 17.7497768 0.528145373
v 2.1666646 17.3562775 0.856239438
v 2.0417943 17.3562775 0.804516971
v 2.0417943 17.7497768 0.804516971
v 2.1666646 17.7497768 0.856239438
v 2.0417943 17.3562775 0.804516971
v 2.17769384 17.3562775 0.476422846
v 2.17769384 17.7497768 0.476422846
v 2.0417943 17.7497768 0.804516971
v 2.17769384 17.3562775 0.476422846
v 2.30256367 17.3562775 0.528145373
v 2.30256367 17.7497768 0.528145373
v 2.17769384 17.7497768 0.476422846
v 1.90984213 12.7346458 -1.15425575
v 2.28284144 12.90061 -1.5188446
v 1.51884651 12.90061 -2.28283906
v 1.15425169 12.7346458 -1.90984464
v 2.28284144 12.90061 -1.5188446
v 2.28284073 20.1314487 -1.51884425
v 1.51884651 20.1314487 -2.28283858
v 1.51884651 12.90061 -2.28283906
v 2.28284144 12.90061 -1.5188446
v 1.90984213 12.7346458 -1.15425575
v 1.90984142 20.1314487 -1.15425551
v 2.28284073 20.1314487 -1.51884425
v 1.51884651 20.1314487 -2.28283858
v 1.15425098 20.1314487 -1.90984368
v 1.15425169 12.7346458 -1.90984464
v 1.51884651 12.90061 -2.28283906
v 1.15425098 20.1314487 -1.90984368
v 1.90984142 20.1314487 -1.15425551
v 1.90984213 12.7346458 -1.15425575
v 1.15425169 12.7346458 -1.90984464
v 2.18119192 17.8018322 -0.629759252
v 2.18119359 17.8018322 0.629751682
v 2.18119335 17.9541664 0.629751682
v 2.18119192 17.9541664 -0.629759252
v 2.18119192 17.9541664 -0.629759252
v 2.18119335 17.9541664 0.629751682
v 2.07108355 17.9881191 0.596465111
v 2.07108212 17.9881191 -0.596472502
v 2.07108212 17.9881191 -0.596472502
v 2.07108355 17.9881191 0.596465111
v 2.07108355 17.7678814 0.596465111
v 2.07108212 17.7678814 -0.596472502
v 2.18119359 17.8018322 0.629751682
v 2.18119192 17.8018322 -0.629759252
v 2.07108212 17.7678814 -0.596472502
v 2.07108355 17.7678814 0.596465111
v 2.18119192 18.5218334 -0.629759192
v 2.18119359 18.5218334 0.629751742
v 2.18119335 18.6741676 0.629751742
v 2.18119192 18.6741676 -0.629759192
v 2.18119192 18.6741676 -0.629759192
v 2.18119335 18.6741676 0.629751742
v 2.07108355 18.7084465 0.596465111
v 2.07108212 18.7084465 -0.596472502
v 2.07108212 18.7084465 -0.596472502
v 2.07108355 18.7084465 0.596465111
v 2.07108355 18.4875546 0.596465111
v 2.07108212 18.4875546 -0.596472502
v 2.18119359 18.5218334 0.629751742
v 2.18119192 18.5218334 -0.629759192
v 2.07108212 18.4875546 -0.596472502
v 2.07108355 18.4875546 0.596465111
v -0.67181617 13.5580139 -2.08872104
v -0.671816289 18.9958687 -2.08872151
v -1.22456062 18.9958687 -1.91096568
v -1.22456062 13.5580149 -1.9109658
v -0.604639828 13.5580149 -2.21512008
v -0.604639769 18.9958687 -2.21512008
v -0.695368409 18.9958687 -2.21511984
v -0.695368469 13.5580149 -2.21511984
v -0.695368469 13.5580149 -2.21511984
v -0.695368409 18.9958687 -2.21511984
v -0.728901982 18.9958687 -2.05301547
v -0.728902161 13.5580149 -2.05301547
v -0.728902161 13.5580149 -2.05301547
v -0.728901982 18.9958687 -2.05301547
v -0.571105659 18.9958687 -2.05301595
v -0.571105778 13.5580149 -2.05301571
v -0.571105778 13.5580149 -2.05301571
v -0.571105659 18.9958687 -2.05301595
v -0.604639769 18.9958687 -2.21512008
v -0.604639828 13.5580149 -2.21512008
v -0.629759789 17.0818481 -2.18119216
v 0.629751384 17.0818481 -2.18119407
v 0.629751384 17.2341824 -2.18119383
v -0.629759789 17.2341824 -2.18119192
v -0.629759789 17.2341824 -2.18119192
v 0.629751384 17.2341824 -2.18119383
v 0.596464932 17.2681713 -2.07108402
v -0.596472859 17.2681713 -2.07108235
v -0.596472859 17.2681713 -2.07108235
v 0.596464932 17.2681713 -2.07108402
v 0.596464932 17.0478592 -2.07108402
v -0.596472859 17.0478592 -2.07108235
v -0.629759789 16.3618469 -2.18119216
v 0.629751384 16.3618469 -2.18119407
v 0.629751384 16.5141811 -2.18119383
v -0.629759789 16.5141811 -2.18119192
v -0.629759789 16.5141811 -2.18119192
v 0.629751384 16.5141811 -2.18119383
v 0.596464932 16.548748 -2.07108402
v -0.596472859 16.548748 -2.07108235
v -0.596472859 16.548748 -2.07108235
v 0.596464932 16.548748 -2.07108402
v 0.596464932 16.327282 -2.07108402
v -0.596472859 16.327282 -2.07108235
v -0.629759789 15.6418476 -2.18119216
v 0.629751384 15.6418476 -2.18119407
v 0.629751384 15.7941818 -2.18119383
v -0.629759789 15.7941818 -2.18119192
v -0.629759789 15.7941818 -2.18119192
v 0.629751384 15.7941818 -2.18119383
v 0.596464932 15.8284664 -2.07108402
v -0.596472859 15.8284664 -2.07108235
v -0.596472859 15.8284664 -2.07108235
v 0.596464932 15.8284664 -2.07108402
v 0.596464932 15.607563 -2.07108402
v -0.596472859 15.607563 -2.07108235
v -0.629759789 14.9218473 -2.18119216
v 0.629751384 14.9218473 -2.18119407
v 0.629751384 15.0741816 -2.18119383
v -0.629759789 15.0741816 -2.18119192
v -0.629759789 15.0741816 -2.18119192
v 0.629751384 15.0741816 -2.18119383
v 0.596464932 15.1087799 -2.07108402
v -0.596472859 15.1087799 -2.07108235
v -0.596472859 15.1087799 -2.07108235
v 0.596464932 15.1087799 -2.07108402
v 0.596464932 14.8872509 -2.07108402
v -0.596472859 14.8872509 -2.07108235
v -0.629759789 14.201849 -2.18119216
v 0.629751384 14.201849 -2.18119407
v 0.629751384 14.3541822 -2.18119383
v -0.629759789 14.3541822 -2.18119192
v -0.629759789 14.3541822 -2.18119192
v 0.629751384 14.3541822 -2.18119383
v 0.596464932 14.3888216 -2.07108402
v -0.596472859 14.3888216 -2.07108235
v -0.596472859 14.3888216 -2.07108235
v 0.596464932 14.3888216 -2.07108402
v 0.596464932 14.1672096 -2.07108402
v -0.596472859 14.1672096 -2.07108235
v -0.528153837 17.3562775 -2.30256367
v -0.856247306 17.3562775 -2.16666126
v -0.804524422 17.3562775 -2.04179144
v -0.476430982 17.3562775 -2.17769384
v -0.528153837 17.7497768 -2.30256367
v -0.476430982 17.7497768 -2.17769384
v -0.804524422 17.7497768 -2.04179144
v -0.856247306 17.7497768 -2.1666615
v -0.528153837 17.3562775 -2.30256367
v -0.528153837 17.7497768 -2.30256367
v -0.856247306 17.7497768 -2.1666615
v -0.856247306 17.3562775 -2.16666126
v -0.856247306 17.3562775 -2.16666126
v -0.856247306 17.7497768 -2.1666615
v -0.804524422 17.7497768 -2.04179144
v -0.804524422 17.3562775 -2.04179144
v -0.804524422 17.3562775 -2.04179144
v -0.804524422 17.7497768 -2.04179144
v -0.476430982 17.7497768 -2.17769384
v -0.476430982 17.3562775 -2.17769384
v -0.476430982 17.3562775 -2.17769384
v -0.476430982 17.7497768 -2.17769384
v -0.528153837 17.7497768 -2.30256367
v -0.528153837 17.3562775 -2.30256367
v 0.629751384 17.0818481 -2.18119407
v -0.629759789 17.0818481 -2.18119216
v -0.596472859 17.0478592 -2.07108235
v 0.596464932 17.0478592 -2.07108402
v 0.629751384 16.3618469 -2.18119407
v -0.629759789 16.3618469 -2.18119216
v -0.596472859 16.327282 -2.07108235
v 0.596464932 16.327282 -2.07108402
v 0.629751384 15.6418476 -2.18119407
v -0.629759789 15.6418476 -2.18119216
v -0.596472859 15.607563 -2.07108235
v 0.596464932 15.607563 -2.07108402
v 0.629751384 14.9218473 -2.18119407
v -0.629759789 14.9218473 -2.18119216
v -0.596472859 14.8872509 -2.07108235
v 0.596464932 14.8872509 -2.07108402
v 0.629751384 14.201849 -2.18119407
v -0.629759789 14.201849 -2.18119216
v -0.596472859 14.1672096 -2.07108235
v 0.596464932 14.1672096 -2.07108402
v 0.671807826 13.5580139 -2.0887239
v 1.22455323 13.5580149 -1.91097057
v 1.22455311 18.9958687 -1.91097045
v 0.671808064 18.9958687 -2.08872437
v 0.604631364 13.5580149 -2.21512198
v 0.695360184 13.5580149 -2.2151227
v 0.695360065 18.9958687 -2.2151227
v 0.604631305 18.9958687 -2.21512198
v 0.695360184 13.5580149 -2.2151227
v 0.729293823 13.5580149 -2.05301857
v 0.729293525 18.9958687 -2.05301833
v 0.695360065 18.9958687 -2.2151227
v 0.729293823 13.5580149 -2.05301857
v 0.570698738 13.5580149 -2.05301762
v 0.570698678 18.9958687 -2.05301762
v 0.729293525 18.9958687 -2.05301833
v 0.570698738 13.5580149 -2.05301762
v 0.604631364 13.5580149 -2.21512198
v 0.604631305 18.9958687 -2.21512198
v 0.570698678 18.9958687 -2.05301762
v 0.528145075 17.3562775 -2.30256414
v 0.476422518 17.3562775 -2.17769408
v 0.804516673 17.3562775 -2.04179478
v 0.85623914 17.3562775 -2.16666508
v 0.528145075 17.7497768 -2.30256414
v 0.85623914 17.7497768 -2.16666508
v 0.804516673 17.7497768 -2.04179478
v 0.476422518 17.7497768 -2.17769432
v 0.528145075 17.3562775 -2.30256414
v 0.85623914 17.3562775 -2.16666508
v 0.85623914 17.7497768 -2.16666508
v 0.528145075 17.7497768 -2.30256414
v 0.85623914 17.3562775 -2.16666508
v 0.804516673 17.3562775 -2.04179478
v 0.804516673 17.7497768 -2.04179478
v 0.85623914 17.7497768 -2.16666508
v 0.804516673 17.3562775 -2.04179478
v 0.476422518 17.3562775 -2.17769408
v 0.476422518 17.7497768 -2.17769432
v 0.804516673 17.7497768 -2.04179478
v 0.476422518 17.3562775 -2.17769408
v 0.528145075 17.3562775 -2.30256414
v 0.528145075 17.7497768 -2.30256414
v 0.476422518 17.7497768 -2.17769432
v -1.15425611 12.7346458 -1.90984237
v -1.5188452 12.90061 -2.28284144
v -2.28283978 12.90061 -1.51884639
v -1.90984511 12.7346458 -1.15425158
v -1.5188452 12.90061 -2.28284144
v -1.51884484 20.1314487 -2.28284073
v -2.28283906 20.1314487 -1.51884639
v -2.28283978 12.90061 -1.51884639
v -1.5188452 12.90061 -2.28284144
v -1.15425611 12.7346458 -1.90984237
v -1.15425587 20.1314487 -1.90984154
v -1.51884484 20.1314487 -2.28284073
v -2.28283906 20.1314487 -1.51884639
v -1.90984416 20.1314487 -1.15425086
v -1.90984511 12.7346458 -1.15425158
v -2.28283978 12.90061 -1.51884639
v -1.90984416 20.1314487 -1.15425086
v -1.15425587 20.1314487 -1.90984154
v -1.15425611 12.7346458 -1.90984237
v -1.90984511 12.7346458 -1.15425158
v -0.629759669 17.8018322 -2.18119216
v 0.629751384 17.8018322 -2.18119407
v 0.629751384 17.9541664 -2.18119383
v -0.629759669 17.9541664 -2.18119192
v -0.629759669 17.9541664 -2.18119192
v 0.629751384 17.9541664 -2.18119383
v 0.596464872 17.9881191 -2.07108402
v -0.596472919 17.9881191 -2.07108235
v -0.596472919 17.9881191 -2.07108235
v 0.596464872 17.9881191 -2.07108402
v 0.596464872 17.7678814 -2.07108402
v -0.596472919 17.7678814 -2.07108235
v 0.629751384 17.8018322 -2.18119407
v -0.629759669 17.8018322 -2.18119216
v -0.596472919 17.7678814 -2.07108235
v 0.596464872 17.7678814 -2.07108402
v -0.62975961 18.5218334 -2.18119216
v 0.629751444 18.5218334 -2.18119407
v 0.629751444 18.6741676 -2.18119383
v -0.62975961 18.6741676 -2.18119192
v -0.62975961 18.6741676 -2.18119192
v 0.629751444 18.6741676 -2.18119383
v 0.596464872 18.7084465 -2.07108402
v -0.596472919 18.7084465 -2.07108235
v -0.596472919 18.7084465 -2.07108235
v 0.596464872 18.7084465 -2.07108402
v 0.596464872 18.4875546 -2.07108402
v -0.596472919 18.4875546 -2.07108235
v 0.629751444 18.5218334 -2.18119407
v -0.62975961 18.5218334 -2.18119216
v -0.596472919 18.4875546 -2.07108235
v 0.596464872 18.4875546 -2.07108402
v -2.08872104 13.5580139 0.671816468
v -2.08872151 18.9958687 0.671816647
v -1.91096532 18.9958687 1.22456086
v -1.91096556 13.5580149 1.22456098
v -2.21512008 13.5580149 0.604640245
v -2.21512008 18.9958687 0.604640126
v -2.2151196 18.9958687 0.695368767
v -2.2151196 13.5580149 0.695368886
v -2.2151196 13.5580149 0.695368886
v -2.2151196 18.9958687 0.695368767
v -2.05301547 18.9958687 0.72890228
v -2.05301547 13.5580149 0.728902519
v -2.05301547 13.5580149 0.728902519
v -2.05301547 18.9958687 0.72890228
v -2.05301595 18.9958687 0.571105957
v -2.05301571 13.5580149 0.571106136
v -2.05301571 13.5580149 0.571106136
v -2.05301595 18.9958687 0.571105957
v -2.21512008 18.9958687 0.604640126
v -2.21512008 13.5580149 0.604640245
v -2.18119216 17.0818481 0.629760146
v -2.18119407 17.0818481 -0.629751027
v -2.18119383 17.2341824 -0.629751027
v -2.18119192 17.2341824 0.629760146
v -2.18119192 17.2341824 0.629760146
v -2.18119383 17.2341824 -0.629751027
v -2.07108402 17.2681713 -0.596464574
v -2.07108235 17.2681713 0.596473157
v -2.07108235 17.2681713 0.596473157
v -2.07108402 17.2681713 -0.596464574
v -2.07108402 17.0478592 -0.596464574
v -2.07108235 17.0478592 0.596473157
v -2.18119216 16.3618469 0.629760146
v -2.18119407 16.3618469 -0.629751027
v -2.18119383 16.5141811 -0.629751027
v -2.18119192 16.5141811 0.629760146
v -2.18119192 16.5141811 0.629760146
v -2.18119383 16.5141811 -0.629751027
v -2.07108402 16.548748 -0.596464574
v -2.07108235 16.548748 0.596473157
v -2.07108235 16.548748 0.596473157
v -2.07108402 16.548748 -0.596464574
v -2.07108402 16.327282 -0.596464574
v -2.07108235 16.327282 0.596473157
v -2.18119216 15.6418476 0.629760146
v -2.18119407 15.6418476 -0.629751027
v -2.18119383 15.7941818 -0.629751027
v -2.18119192 15.7941818 0.629760146
v -2.18119192 15.7941818 0.629760146
v -2.18119383 15.7941818 -0.629751027
v -2.07108402 15.8284664 -0.596464574
v -2.07108235 15.8284664 0.596473157
v -2.07108235 15.8284664 0.596473157
v -2.07108402 15.8284664 -0.596464574
v -2.07108402 15.607563 -0.596464574
v -2.07108235 15.607563 0.596473157
v -2.18119216 14.9218473 0.629760146
v -2.18119407 14.9218473 -0.629751027
v -2.18119383 15.0741816 -0.629751027
v -2.18119192 15.0741816 0.629760146
v -2.18119192 15.0741816 0.629760146
v -2.18119383 15.0741816 -0.629751027
v -2.07108402 15.1087799 -0.596464574
v -2.07108235 15.1087799 0.596473157
v -2.07108235 15.1087799 0.596473157
v -2.07108402 15.1087799 -0.596464574
v -2.07108402 14.8872509 -0.596464574
v -2.07108235 14.8872509 0.596473157
v -2.18119216 14.201849 0.629760146
v -2.18119407 14.201849 -0.629751027
v -2.18119383 14.3541822 -0.629751027
v -2.18119192 14.3541822 0.629760146
v -2.18119192 14.3541822 0.629760146
v -2.18119383 14.3541822 -0.629751027
v -2.07108402 14.3888216 -0.596464574
v -2.07108235 14.3888216 0.596473157
v -2.07108235 14.3888216 0.596473157
v -2.07108402 14.3888216 -0.596464574
v -2.07108402 14.1672096 -0.596464574
v -2.07108235 14.1672096 0.596473157
v -2.30256367 17.3562775 0.528154194
v -2.16666126 17.3562775 0.856247663
v -2.04179144 17.3562775 0.80452466
v -2.17769384 17.3562775 0.47643131
v -2.30256367 17.7497768 0.528154194
v -2.17769384 17.7497768 0.47643131
v -2.04179144 17.7497768 0.80452466
v -2.16666126 17.7497768 0.856247663
v -2.30256367 17.3562775 0.528154194
v -2.30256367 17.7497768 0.528154194
v -2.16666126 17.7497768 0.856247663
v -2.16666126 17.3562775 0.856247663
v -2.16666126 17.3562775 0.856247663
v -2.16666126 17.7497768 0.856247663
v -2.04179144 17.7497768 0.80452466
v -2.04179144 17.3562775 0.80452466
v -2.04179144 17.3562775 0.80452466
v -2.04179144 17.7497768 0.80452466
v -2.17769384 17.7497768 0.47643131
v -2.17769384 17.3562775 0.47643131
v -2.17769384 17.3562775 0.47643131
v -2.17769384 17.7497768 0.47643131
v -2.30256367 17.7497768 0.528154194
v -2.30256367 17.3562775 0.528154194
v -2.18119407 17.0818481 -0.629751027
v -2.18119216 17.0818481 0.629760146
v -2.07108235 17.0478592 0.596473157
v -2.07108402 17.0478592 -0.596464574
v -2.18119407 16.3618469 -0.629751027
v -2.18119216 16.3618469 0.629760146
v -2.07108235 16.327282 0.596473157
v -2.07108402 16.327282 -0.596464574
v -2.18119407 15.6418476 -0.629751027
v -2.18119216 15.6418476 0.629760146
v -2.07108235 15.607563 0.596473157
v -2.07108402 15.607563 -0.596464574
v -2.18119407 14.9218473 -0.629751027
v -2.18119216 14.9218473 0.629760146
v -2.07108235 14.8872509 0.596473157
v -2.07108402 14.8872509 -0.596464574
v -2.18119407 14.201849 -0.629751027
v -2.18119216 14.201849 0.629760146
v -2.07108235 14.1672096 0.596473157
v -2.07108402 14.1672096 -0.596464574
v -2.0887239 13.5580139 -0.671807528
v -1.91097093 13.5580149 -1.22455299
v -1.91097069 18.9958687 -1.22455287
v -2.08872437 18.9958687 -0.671807766
v -2.21512198 13.5580149 -0.604631007
v -2.21512294 13.5580149 -0.695359766
v -2.2151227 18.9958687 -0.695359707
v -2.21512198 18.9958687 -0.604630947
v -2.21512294 13.5580149 -0.695359766
v -2.05301881 13.5580149 -0.729293525
v -2.05301857 18.9958687 -0.729293168
v -2.2151227 18.9958687 -0.695359707
v -2.05301881 13.5580149 -0.729293525
v -2.05301762 13.5580149 -0.57069844
v -2.05301762 18.9958687 -0.57069838
v -2.05301857 18.9958687 -0.729293168
v -2.05301762 13.5580149 -0.57069844
v -2.21512198 13.5580149 -0.604631007
v -2.21512198 18.9958687 -0.604630947
v -2.05301762 18.9958687 -0.57069838
v -2.30256414 17.3562775 -0.528144777
v -2.17769408 17.3562775 -0.476422191
v -2.04179502 17.3562775 -0.804516375
v -2.16666508 17.3562775 -0.856238782
v -2.30256414 17.7497768 -0.528144777
v -2.16666508 17.7497768 -0.856238782
v -2.04179502 17.7497768 -0.804516375
v -2.17769432 17.7497768 -0.476422191
v -2.30256414 17.3562775 -0.528144777
v -2.16666508 17.3562775 -0.856238782
v -2.16666508 17.7497768 -0.856238782
v -2.30256414 17.7497768 -0.528144777
v -2.16666508 17.3562775 -0.856238782
v -2.04179502 17.3562775 -0.804516375
v -2.04179502 17.7497768 -0.804516375
v -2.16666508 17.7497768 -0.856238782
v -2.04179502 17.3562775 -0.804516375
v -2.17769408 17.3562775 -0.476422191
v -2.17769432 17.7497768 -0.476422191
v -2.04179502 17.7497768 -0.804516375
v -2.17769408 17.3562775 -0.476422191
v -2.30256414 17.3562775 -0.528144777
v -2.30256414 17.7497768 -0.528144777
v -2.17769432 17.7497768 -0.476422191
v -1.90984213 12.7346458 1.15425646
v -2.28284121 12.90061 1.51884544
v -1.51884639 12.90061 2.28284001
v -1.15425134 12.7346458 1.90984535
v -2.28284121 12.90061 1.51884544
v -2.28284049 20.1314487 1.5188452
v -1.51884615 20.1314487 2.2828393
v -1.51884639 12.90061 2.28284001
v -2.28284121 12.90061 1.51884544
v -1.90984213 12.7346458 1.15425646
v -1.9098413 20.1314487 1.15425622
v -2.28284049 20.1314487 1.5188452
v -1.51884615 20.1314487 2.2828393
v -1.1542505 20.1314487 1.90984452
v -1.15425134 12.7346458 1.90984535
v -1.51884639 12.90061 2.28284001
v -1.1542505 20.1314487 1.90984452
v -1.9098413 20.1314487 1.15425622
v -1.90984213 12.7346458 1.15425646
v -1.15425134 12.7346458 1.90984535
v -2.18119216 17.8018322 0.629760087
v -2.18119407 17.8018322 -0.629751027
v -2.18119383 17.9541664 -0.629751027
v -2.18119192 17.9541664 0.629760087
v -2.18119192 17.9541664 0.629760087
v -2.18119383 17.9541664 -0.629751027
v -2.07108402 17.9881191 -0.596464574
v -2.07108235 17.9881191 0.596473217
v -2.07108235 17.9881191 0.596473217
v -2.07108402 17.9881191 -0.596464574
v -2.07108402 17.7678814 -0.596464574
v -2.07108235 17.7678814 0.596473217
v -2.18119407 17.8018322 -0.629751027
v -2.18119216 17.8018322 0.629760087
v -2.07108235 17.7678814 0.596473217
v -2.07108402 17.7678814 -0.596464574
v -2.18119216 18.5218334 0.629760027
v -2.18119407 18.5218334 -0.629751086
v -2.18119383 18.6741676 -0.629751086
v -2.18119192 18.6741676 0.629760027
v -2.18119192 18.6741676 0.629760027
v -2.18119383 18.6741676 -0.629751086
v -2.07108402 18.7084465 -0.596464574
v -2.07108235 18.7084465 0.596473217
v -2.07108235 18.7084465 0.596473217
v -2.07108402 18.7084465 -0.596464574
v -2.07108402 18.4875546 -0.596464574
v -2.07108235 18.4875546 0.596473217
v -2.18119407 18.5218334 -0.629751086
v -2.18119216 18.5218334 0.629760027
v -2.07108235 18.4875546 0.596473217
v -2.07108402 18.4875546 -0.596464574
v 0.671815753 13.5580139 2.08872128
v 0.671815932 18.9958687 2.08872151
v 1.22456026 18.9958687 1.9109658
v 1.22456038 13.5580149 1.91096604
v 0.604639471 13.5580149 2.21512008
v 0.604639471 18.9958687 2.21512032
v 0.695368052 18.9958687 2.21511984
v 0.695368111 13.5580149 2.21511984
v 0.695368111 13.5580149 2.21511984
v 0.695368052 18.9958687 2.21511984
v 0.728901565 18.9958687 2.05301571
v 0.728901803 13.5580149 2.05301571
v 0.728901803 13.5580149 2.05301571
v 0.728901565 18.9958687 2.05301571
v 0.571105361 18.9958687 2.05301595
v 0.57110554 13.5580149 2.05301595
v 0.57110554 13.5580149 2.05301595
v 0.571105361 18.9958687 2.05301595
v 0.604639471 18.9958687 2.21512032
v 0.604639471 13.5580149 2.21512008
v 0.629759371 17.0818481 2.18119216
v -0.629751742 17.0818481 2.18119383
v -0.629751742 17.2341824 2.18119359
v 0.629759371 17.2341824 2.18119216
v 0.629759371 17.2341824 2.18119216
v -0.629751742 17.2341824 2.18119359
v -0.59646523 17.2681713 2.07108378
v 0.596472561 17.2681713 2.07108235
v 0.596472561 17.2681713 2.07108235
v -0.59646523 17.2681713 2.07108378
v -0.59646523 17.0478592 2.07108378
v 0.596472561 17.0478592 2.07108235
v 0.629759371 16.3618469 2.18119216
v -0.629751742 16.3618469 2.18119383
v -0.629751742 16.5141811 2.18119359
v 0.629759371 16.5141811 2.18119216
v 0.629759371 16.5141811 2.18119216
v -0.629751742 16.5141811 2.18119359
v -0.59646523 16.548748 2.07108378
v 0.596472561 16.548748 2.07108235
v 0.596472561 16.548748 2.07108235
v -0.59646523 16.548748 2.07108378
v -0.59646523 16.327282 2.07108378
v 0.596472561 16.327282 2.07108235
v 0.629759371 15.6418476 2.18119216
v -0.629751742 15.6418476 2.18119383
v -0.629751742 15.7941818 2.18119359
v 0.629759371 15.7941818 2.18119216
v 0.629759371 15.7941818 2.18119216
v -0.629751742 15.7941818 2.18119359
v -0.59646523 15.8284664 2.07108378
v 0.596472561 15.8284664 2.07108235
v 0.596472561 15.8284664 2.07108235
v -0.59646523 15.8284664 2.07108378
v -0.59646523 15.607563 2.07108378
v 0.596472561 15.607563 2.07108235
v 0.629759371 14.9218473 2.18119216
v -0.629751742 14.9218473 2.18119383
v -0.629751742 15.0741816 2.18119359
v 0.629759371 15.0741816 2.18119216
v 0.629759371 15.0741816 2.18119216
v -0.629751742 15.0741816 2.18119359
v -0.59646523 15.1087799 2.07108378
v 0.596472561 15.1087799 2.07108235
v 0.596472561 15.1087799 2.07108235
v -0.59646523 15.1087799 2.07108378
v -0.59646523 14.8872509 2.07108378
v 0.596472561 14.8872509 2.07108235
v 0.629759371 14.201849 2.18119216
v -0.629751742 14.201849 2.18119383
v -0.629751742 14.3541822 2.18119359
v 0.629759371 14.3541822 2.18119216
v 0.629759371 14.3541822 2.18119216
v -0.629751742 14.3541822 2.18119359
v -0.59646523 14.3888216 2.07108378
v 0.596472561 14.3888216 2.07108235
v 0.596472561 14.3888216 2.07108235
v -0.59646523 14.3888216 2.07108378
v -0.59646523 14.1672096 2.07108378
v 0.596472561 14.1672096 2.07108235
v 0.528153539 17.3562775 2.30256367
v 0.856246948 17.3562775 2.1666615
v 0.804524064 17.3562775 2.04179168
v 0.476430655 17.3562775 2.17769408
v 0.528153539 17.7497768 2.30256367
v 0.476430655 17.7497768 2.17769408
v 0.804524064 17.7497768 2.04179168
v 0.856246948 17.7497768 2.16666174
v 0.528153539 17.3562775 2.30256367
v 0.528153539 17.7497768 2.30256367
v 0.856246948 17.7497768 2.16666174
v 0.856246948 17.3562775 2.1666615
v 0.856246948 17.3562775 2.1666615
v 0.856246948 17.7497768 2.16666174
v 0.804524064 17.7497768 2.04179168
v 0.804524064 17.3562775 2.04179168
v 0.804524064 17.3562775 2.04179168
v 0.804524064 17.7497768 2.04179168
v 0.476430655 17.7497768 2.17769408
v 0.476430655 17.3562775 2.17769408
v 0.476430655 17.3562775 2.17769408
v 0.476430655 17.7497768 2.17769408
v 0.528153539 17.7497768 2.30256367
v 0.528153539 17.3562775 2.30256367
v -0.629751742 17.0818481 2.18119383
v 0.629759371 17.0818481 2.18119216
v 0.596472561 17.0478592 2.07108235
v -0.59646523 17.0478592 2.07108378
v -0.629751742 16.3618469 2.18119383
v 0.629759371 16.3618469 2.18119216
v 0.596472561 16.327282 2.07108235
v -0.59646523 16.327282 2.07108378
v -0.629751742 15.6418476 2.18119383
v 0.629759371 15.6418476 2.18119216
v 0.596472561 15.607563 2.07108235
v -0.59646523 15.607563 2.07108378
v -0.629751742 14.9218473 2.18119383
v 0.629759371 14.9218473 2.18119216
v 0.596472561 14.8872509 2.07108235
v -0.59646523 14.8872509 2.07108378
v -0.629751742 14.201849 2.18119383
v 0.629759371 14.201849 2.18119216
v 0.596472561 14.1672096 2.07108235
v -0.59646523 14.1672096 2.07108378
v -0.671808243 13.5580139 2.0887239
v -1.22455347 13.5580149 1.91097045
v -1.22455347 18.9958687 1.91097021
v -0.671808481 18.9958687 2.08872437
v -0.604631722 13.5580149 2.21512175
v -0.695360541 13.5580149 2.2151227
v -0.695360482 18.9958687 2.21512246
v -0.604631662 18.9958687 2.21512198
v -0.695360541 13.5580149 2.2151227
v -0.729294181 13.5580149 2.05301833
v -0.729293883 18.9958687 2.05301833
v -0.695360482 18.9958687 2.21512246
v -0.729294181 13.5580149 2.05301833
v -0.570699096 13.5580149 2.05301738
v -0.570698977 18.9958687 2.05301762
v -0.729293883 18.9958687 2.05301833
v -0.570699096 13.5580149 2.05301738
v -0.604631722 13.5580149 2.21512175
v -0.604631662 18.9958687 2.21512198
v -0.570698977 18.9958687 2.05301762
v -0.528145432 17.3562775 2.30256414
v -0.476422846 17.3562775 2.17769408
v -0.804517031 17.3562775 2.04179478
v -0.856239557 17.3562775 2.16666484
v -0.528145432 17.7497768 2.30256414
v -0.856239557 17.7497768 2.16666484
v -0.804517031 17.7497768 2.04179478
v -0.476422846 17.7497768 2.17769408
v -0.528145432 17.3562775 2.30256414
v -0.856239557 17.3562775 2.16666484
v -0.856239557 17.7497768 2.16666484
v -0.528145432 17.7497768 2.30256414
v -0.856239557 17.3562775 2.16666484
v -0.804517031 17.3562775 2.04179478
v -0.804517031 17.7497768 2.04179478
v -0.856239557 17.7497768 2.16666484
v -0.804517031 17.3562775 2.04179478
v -0.476422846 17.3562775 2.17769408
v -0.476422846 17.7497768 2.17769408
v -0.804517031 17.7497768 2.04179478
v -0.476422846 17.3562775 2.17769408
v -0.528145432 17.3562775 2.30256414
v -0.528145432 17.7497768 2.30256414
v -0.476422846 17.7497768 2.17769408
v 1.15425575 12.7346458 1.90984237
v 1.51884472 12.90061 2.28284168
v 2.28283954 12.90061 1.51884675
v 1.90984488 12.7346458 1.15425181
v 1.51884472 12.90061 2.28284168
v 1.51884437 20.1314487 2.28284097
v 2.28283882 20.1314487 1.51884675
v 2.28283954 12.90061 1.51884675
v 1.51884472 12.90061 2.28284168
v 1.15425575 12.7346458 1.90984237
v 1.15425563 20.1314487 1.90984178
v 1.51884437 20.1314487 2.28284097
v 2.28283882 20.1314487 1.51884675
v 1.90984404 20.1314487 1.1542511
v 1.90984488 12.7346458 1.15425181
v 2.28283954 12.90061 1.51884675
v 1.90984404 20.1314487 1.1542511
v 1.15425563 20.1314487 1.90984178
v 1.15425575 12.7346458 1.90984237
v 1.90984488 12.7346458 1.15425181
v 0.629759312 17.8018322 2.18119216
v -0.629751742 17.8018322 2.18119383
v -0.629751742 17.9541664 2.18119359
v 0.629759312 17.9541664 2.18119216
v 0.629759312 17.9541664 2.18119216
v -0.629751742 17.9541664 2.18119359
v -0.59646517 17.9881191 2.07108378
v 0.596472621 17.9881191 2.07108235
v 0.596472621 17.9881191 2.07108235
v -0.59646517 17.9881191 2.07108378
v -0.59646517 17.7678814 2.07108378
v 0.596472621 17.7678814 2.07108235
v -0.629751742 17.8018322 2.18119383
v 0.629759312 17.8018322 2.18119216
v 0.596472621 17.7678814 2.07108235
v -0.59646517 17.7678814 2.07108378
v 0.629759252 18.5218334 2.18119216
v -0.629751861 18.5218334 2.18119383
v -0.629751861 18.6741676 2.18119359
v 0.629759252 18.6741676 2.18119216
v 0.629759252 18.6741676 2.18119216
v -0.629751861 18.6741676 2.18119359
v -0.59646517 18.7084465 2.07108378
v 0.596472621 18.7084465 2.07108235
v 0.596472621 18.7084465 2.07108235
v -0.59646517 18.7084465 2.07108378
v -0.59646517 18.4875546 2.07108378
v 0.596472621 18.4875546 2.07108235
v -0.629751861 18.5218334 2.18119383
v 0.629759252 18.5218334 2.18119216
v 0.596472621 18.4875546 2.07108235
v -0.59646517 18.4875546 2.07108378
v 2.7830267 20.1314507 1.23269584E-15
v 2.7830267 20.6078434 8.73543626E-10
v 2.41017151 20.6078434 -1.39151335
v 2.41017151 20.1314507 -1.39151335
v 1.39151323 20.6078434 -2.41017175
v 1.39151323 20.1314507 -2.41017175
v -1.21649947E-07 20.6078434 -2.7830267
v -1.21649947E-07 20.1314507 -2.7830267
v -1.21649947E-07 20.1314507 -2.7830267
v -1.21649947E-07 20.6078434 -2.7830267
v -1.39151347 20.6078434 -2.41017151
v -1.39151347 20.1314507 -2.41017151
v -2.41017151 20.6078434 -1.39151347
v -2.41017151 20.1314507 -1.39151347
v -2.7830267 20.6078434 -4.1935175E-07
v -2.7830267 20.1314507 -4.20225291E-07
v -2.7830267 20.1314507 -4.20225291E-07
v -2.7830267 20.6078434 -4.1935175E-07
v -2.41017199 20.6078434 1.39151275
v -2.41017199 20.1314507 1.39151275
v -1.39151406 20.6078434 2.41017103
v -1.39151406 20.1314507 2.41017103
v -1.29386319E-06 20.6078434 2.7830267
v -1.29386319E-06 20.1314507 2.7830267
v -1.29386319E-06 20.1314507 2.7830267
v -1.29386319E-06 20.6078434 2.7830267
v 1.3915118 20.6078434 2.41017246
v 1.3915118 20.1314507 2.41017246
v 2.41017079 20.6078434 1.3915149
v 2.41017079 20.1314507 1.3915149
v 2.7830267 20.6078434 8.73543626E-10
v 2.7830267 20.1314507 1.23269584E-15
v 2.41017151 20.1314507 -1.39151335
v 2.43317938 20.1314507 -1.54684557E-07
v 2.7830267 20.1314507 1.23269584E-15
v 2.10719514 20.1314507 -1.21658969
v 1.39151323 20.1314507 -2.41017175
v 1.21659005 20.1314507 -2.10719514
v -1.21649947E-07 20.1314507 -2.7830267
v 3.19072967E-07 20.1314507 -2.43317938
v -1.39151347 20.1314507 -2.41017151
v 3.19072967E-07 20.1314507 -2.43317938
v -1.21649947E-07 20.1314507 -2.7830267
v -1.21658945 20.1314507 -2.10719538
v -2.41017151 20.1314507 -1.39151347
v -2.10719514 20.1314507 -1.21658981
v -2.7830267 20.1314507 -4.20225291E-07
v -2.43317962 20.1314507 -2.12715292E-07
v -2.41017199 20.1314507 1.39151275
v -2.43317962 20.1314507 -2.12715292E-07
v -2.7830267 20.1314507 -4.20225291E-07
v -2.10719466 20.1314507 1.21659088
v -1.39151406 20.1314507 2.41017103
v -1.21658862 20.1314507 2.10719562
v -1.29386319E-06 20.1314507 2.7830267
v 9.18499609E-07 20.1314507 2.43317938
v 1.3915118 20.1314507 2.41017246
v 9.18499609E-07 20.1314507 2.43317938
v -1.29386319E-06 20.1314507 2.7830267
v 1.21659029 20.1314507 2.1071949
v 2.41017079 20.1314507 1.3915149
v 2.10719514 20.1314507 1.21658921
v 2.7830267 20.1314507 1.23269584E-15
v 2.43317938 20.1314507 -1.54684557E-07
v -2.43317962 20.1314507 -2.12715292E-07
v -2.43317938 18.8583469 -3.10464742E-07
v -2.10719514 18.8583488 -1.21658993
v -2.10719514 20.1314507 -1.21658981
v -1.21658945 18.8583488 -2.10719562
v -1.21658945 20.1314507 -2.10719538
v 3.19072996E-07 18.8583488 -2.43317962
v 3.19072967E-07 20.1314507 -2.43317938
v 3.19072967E-07 20.1314507 -2.43317938
v 3.19072996E-07 18.8583488 -2.43317962
v 1.21659005 18.8583488 -2.10719514
v 1.21659005 20.1314507 -2.10719514
v 2.10719538 18.8583488 -1.21658981
v 2.10719514 20.1314507 -1.21658969
v 2.43317938 18.8583469 -2.52434006E-07
v 2.43317938 20.1314507 -1.54684557E-07
v 2.43317938 20.1314507 -1.54684557E-07
v 2.43317938 18.8583469 -2.52434006E-07
v 2.10719538 18.8583469 1.21658921
v 2.10719514 20.1314507 1.21658921
v 1.21659029 18.8583469 2.1071949
v 1.21659029 20.1314507 2.1071949
v 9.18499552E-07 18.8583469 2.43317938
v 9.18499609E-07 20.1314507 2.43317938
v 9.18499609E-07 20.1314507 2.43317938
v 9.18499552E-07 18.8583469 2.43317938
v -1.21658862 18.8583469 2.10719562
v -1.21658862 20.1314507 2.10719562
v -2.10719466 18.8583469 1.21659088
v -2.10719466 20.1314507 1.21659088
v -2.43317938 18.8583469 -3.10464742E-07
v -2.43317962 20.1314507 -2.12715292E-07
v -2.43317938 18.8583469 -3.10464742E-07
v -2.0912087 18.8583469 -3.11170879E-07
v -1.81103981 18.8583488 -1.04560471
v -2.10719514 18.8583488 -1.21658993
v -1.04560411 18.8583488 -1.81104076
v -1.21658945 18.8583488 -2.10719562
v 4.42085224E-07 18.8583488 -2.09120917
v 3.19072996E-07 18.8583488 -2.43317962
v 3.19072996E-07 18.8583488 -2.43317962
v 4.42085224E-07 18.8583488 -2.09120917
v 1.04560483 18.8583488 -1.8110404
v 1.21659005 18.8583488 -2.10719514
v 1.81104076 18.8583488 -1.04560459
v 2.10719538 18.8583488 -1.21658981
v 2.09120917 18.8583469 -2.61296037E-07
v 2.43317938 18.8583469 -2.52434006E-07
v 2.43317938 18.8583469 -2.52434006E-07
v 2.09120917 18.8583469 -2.61296037E-07
v 1.81104076 18.8583469 1.04560411
v 2.10719538 18.8583469 1.21658921
v 1.04560506 18.8583469 1.81103981
v 1.21659029 18.8583469 2.1071949
v 9.5726557E-07 18.8583469 2.0912087
v 9.18499552E-07 18.8583469 2.43317938
v 9.18499552E-07 18.8583469 2.43317938
v 9.5726557E-07 18.8583469 2.0912087
v -1.04560351 18.8583469 1.81104028
v -1.21658862 18.8583469 2.10719562
v -1.81103921 18.8583469 1.04560518
v -2.10719466 18.8583469 1.21659088
v -2.0912087 18.8583469 -3.11170879E-07
v -2.43317938 18.8583469 -3.10464742E-07
v 2.7830267 20.6078434 8.73543626E-10
v 2.36926651 20.6078434 3.12326485E-08
v 2.05184484 20.6078434 -1.18463326
v 2.41017151 20.6078434 -1.39151335
v 1.18463302 20.6078434 -2.05184531
v 1.39151323 20.6078434 -2.41017175
v -2.84805708E-07 20.6078434 -2.36926651
v -1.21649947E-07 20.6078434 -2.7830267
v -1.21649947E-07 20.6078434 -2.7830267
v -2.84805708E-07 20.6078434 -2.36926651
v -1.18463349 20.6078434 -2.05184484
v -1.39151347 20.6078434 -2.41017151
v -2.05184531 20.6078434 -1.18463326
v -2.41017151 20.6078434 -1.39151347
v -2.36926675 20.6078434 -3.26516584E-07
v -2.7830267 20.6078434 -4.1935175E-07
v -2.7830267 20.6078434 -4.1935175E-07
v -2.36926675 20.6078434 -3.26516584E-07
v -2.05184555 20.6078434 1.1846329
v -2.41017199 20.6078434 1.39151275
v -1.18463421 20.6078434 2.05184436
v -1.39151406 20.6078434 2.41017103
v -1.28274303E-06 20.6078434 2.36926651
v -1.29386319E-06 20.6078434 2.7830267
v -1.29386319E-06 20.6078434 2.7830267
v -1.28274303E-06 20.6078434 2.36926651
v 1.18463194 20.6078434 2.05184579
v 1.3915118 20.6078434 2.41017246
v 2.05184412 20.6078434 1.1846348
v 2.41017079 20.6078434 1.3915149
v 2.36926651 20.6078434 3.12326485E-08
v 2.7830267 20.6078434 8.73543626E-10
v 3.2478497 23.5815945 1.33628246E-08
v 2.49068522 24.36833 -4.47033521E-08
v 2.30109286 24.36833 -0.953143895
v 3.0006218 23.5815945 -1.24289823
v 3.0006218 23.5815945 -1.24289823
v 2.30109286 24.36833 -0.953143895
v 2.2965765 23.5815945 -2.2965765
v 1.76118028 24.36833 -1.76118028
v 2.2965765 23.5815945 -2.2965765
v 1.76118028 24.36833 -1.76118028
v 0.953143895 24.36833 -2.30109286
v 1.24289823 23.5815945 -3.0006218
v 1.24289823 23.5815945 -3.0006218
v 0.953143895 24.36833 -2.30109286
v -1.47899456E-07 23.5815945 -3.2478497
v -1.09748051E-07 24.36833 -2.49068522
v -1.47899456E-07 23.5815945 -3.2478497
v -1.09748051E-07 24.36833 -2.49068522
v -0.953143954 24.36833 -2.30109286
v -1.24289834 23.5815945 -3.0006218
v -1.24289834 23.5815945 -3.0006218
v -0.953143954 24.36833 -2.30109286
v -2.2965765 23.5815945 -2.2965765
v -1.76118028 24.36833 -1.76118028
v -2.2965765 23.5815945 -2.2965765
v -1.76118028 24.36833 -1.76118028
v -2.30109286 24.36833 -0.953143954
v -3.0006218 23.5815945 -1.24289834
v -3.0006218 23.5815945 -1.24289834
v -2.30109286 24.36833 -0.953143954
v -3.2478497 23.5815945 -4.77048786E-07
v -2.49068522 24.36833 -4.20786421E-07
v -3.2478497 23.5815945 -4.77048786E-07
v -2.49068522 24.36833 -4.20786421E-07
v -2.3010931 24.36833 0.953143358
v -3.00062227 23.5815945 1.24289751
v -3.00062227 23.5815945 1.24289751
v -2.3010931 24.36833 0.953143358
v -2.29657722 23.5815945 2.29657602
v -1.76118088 24.36833 1.76117992
v -2.29657722 23.5815945 2.29657602
v -1.76118088 24.36833 1.76117992
v -0.953144193 24.36833 2.30109286
v -1.2428987 23.5815945 3.0006218
v -1.2428987 23.5815945 3.0006218
v -0.953144193 24.36833 2.30109286
v 3.27988445E-08 23.5815945 3.2478497
v 2.88243971E-08 24.36833 2.49068522
v 3.27988445E-08 23.5815945 3.2478497
v 2.88243971E-08 24.36833 2.49068522
v 0.953144252 24.36833 2.30109262
v 1.2428987 23.5815945 3.00062132
v 1.2428987 23.5815945 3.00062132
v 0.953144252 24.36833 2.30109262
v 2.29657722 23.5815945 2.29657555
v 1.76118088 24.36833 1.76117957
v 2.29657722 23.5815945 2.29657555
v 1.76118088 24.36833 1.76117957
v 2.30109358 24.36833 0.953142703
v 3.00062251 23.5815945 1.2428968
v 3.00062251 23.5815945 1.2428968
v 2.30109358 24.36833 0.953142703
v 3.2478497 23.5815945 1.33628246E-08
v 2.49068522 24.36833 -4.47033521E-08
v 2.49068522 24.36833 -4.47033521E-08
v 2.18888402 24.36833 -5.89138125E-08
v 2.02226472 24.36833 -0.837649465
v 2.30109286 24.36833 -0.953143895
v 2.30109286 24.36833 -0.953143895
v 2.02226472 24.36833 -0.837649465
v 1.54777443 24.36833 -1.54777431
v 1.76118028 24.36833 -1.76118028
v 1.76118028 24.36833 -1.76118028
v 1.54777443 24.36833 -1.54777431
v 0.837649584 24.36833 -2.02226472
v 0.953143895 24.36833 -2.30109286
v 0.953143895 24.36833 -2.30109286
v 0.837649584 24.36833 -2.02226472
v -8.81495765E-08 24.36833 -2.18888402
v -1.09748051E-07 24.36833 -2.49068522
v -1.09748051E-07 24.36833 -2.49068522
v -8.81495765E-08 24.36833 -2.18888402
v -0.837649643 24.36833 -2.02226472
v -0.953143954 24.36833 -2.30109286
v -0.953143954 24.36833 -2.30109286
v -0.837649643 24.36833 -2.02226472
v -1.54777431 24.36833 -1.54777431
v -1.76118028 24.36833 -1.76118028
v -1.76118028 24.36833 -1.76118028
v -1.54777431 24.36833 -1.54777431
v -2.02226472 24.36833 -0.837649584
v -2.30109286 24.36833 -0.953143954
v -2.30109286 24.36833 -0.953143954
v -2.02226472 24.36833 -0.837649584
v -2.18888402 24.36833 -3.89426162E-07
v -2.49068522 24.36833 -4.20786421E-07
v -2.49068522 24.36833 -4.20786421E-07
v -2.18888402 24.36833 -3.89426162E-07
v -2.0222652 24.36833 0.837649226
v -2.3010931 24.36833 0.953143358
v -2.3010931 24.36833 0.953143358
v -2.0222652 24.36833 0.837649226
v -1.54777491 24.36833 1.54777431
v -1.76118088 24.36833 1.76117992
v -1.76118088 24.36833 1.76117992
v -1.54777491 24.36833 1.54777431
v -0.837649763 24.36833 2.02226472
v -0.953144193 24.36833 2.30109286
v -0.953144193 24.36833 2.30109286
v -0.837649763 24.36833 2.02226472
v 3.36317498E-08 24.36833 2.18888378
v 2.88243971E-08 24.36833 2.49068522
v 2.88243971E-08 24.36833 2.49068522
v 3.36317498E-08 24.36833 2.18888378
v 0.837650001 24.36833 2.02226424
v 0.953144252 24.36833 2.30109262
v 0.953144252 24.36833 2.30109262
v 0.837650001 24.36833 2.02226424
v 1.54777503 24.36833 1.54777396
v 1.76118088 24.36833 1.76117957
v 1.76118088 24.36833 1.76117957
v 1.54777503 24.36833 1.54777396
v 2.0222652 24.36833 0.837648511
v 2.30109358 24.36833 0.953142703
v 2.30109358 24.36833 0.953142703
v 2.0222652 24.36833 0.837648511
v 2.18888402 24.36833 -5.89138125E-08
v 2.49068522 24.36833 -4.47033521E-08
v 2.02226472 24.36833 -0.837649465
v 1.54777443 24.262949 -1.54777431
v 1.54777443 24.36833 -1.54777431
v 2.02226472 24.262949 -0.837649465
v 2.18888402 24.36833 -5.89138125E-08
v 1.60141873 24.2003899 -1.60141838
v 2.18888402 24.262949 -5.89138125E-08
v 2.0923543 24.2003899 -0.866681755
v 1.48528719 18.8583469 -1.48528695
v 2.26474833 24.2003899 -6.38026378E-08
v 1.94062114 18.8583469 -0.803831756
v 2.10051346 18.8583469 -5.0669712E-08
v 0.837649584 24.36833 -2.02226472
v -8.81495765E-08 24.262949 -2.18888402
v -8.81495765E-08 24.36833 -2.18888402
v 0.837649584 24.262949 -2.02226472
v 1.54777443 24.36833 -1.54777431
v -8.67739018E-08 24.2003899 -2.26474833
v 1.54777443 24.262949 -1.54777431
v 0.866681635 24.2003899 -2.0923543
v -8.09065455E-08 18.8583469 -2.10051346
v 1.60141873 24.2003899 -1.60141838
v 0.803831756 18.8583469 -1.94062114
v 1.48528719 18.8583469 -1.48528695
v -0.837649643 24.36833 -2.02226472
v -1.54777431 24.262949 -1.54777431
v -1.54777431 24.36833 -1.54777431
v -0.837649643 24.262949 -2.02226472
v -8.81495765E-08 24.36833 -2.18888402
v -1.60141885 24.2003899 -1.60141838
v -8.81495765E-08 24.262949 -2.18888402
v -0.866681635 24.2003899 -2.0923543
v -1.48528731 18.8583469 -1.48528695
v -8.67739018E-08 24.2003899 -2.26474833
v -0.803831756 18.8583469 -1.94062114
v -8.09065455E-08 18.8583469 -2.10051346
v -2.02226472 24.36833 -0.837649584
v -2.18888402 24.262949 -3.89426162E-07
v -2.18888402 24.36833 -3.89426162E-07
v -2.02226472 24.262949 -0.837649584
v -1.54777431 24.36833 -1.54777431
v -2.26474857 24.2003899 -4.0577018E-07
v -1.54777431 24.262949 -1.54777431
v -2.09235454 24.2003899 -0.866681755
v -2.10051394 18.8583469 -3.6783851E-07
v -1.60141885 24.2003899 -1.60141838
v -1.94062126 18.8583469 -0.803831756
v -1.48528731 18.8583469 -1.48528695
v -2.0222652 24.36833 0.837649226
v -1.54777491 24.262949 1.54777431
v -1.54777491 24.36833 1.54777431
v -2.0222652 24.262949 0.837649226
v -2.18888402 24.36833 -3.89426162E-07
v -1.60141921 24.2003899 1.60141885
v -2.18888402 24.262949 -3.89426162E-07
v -2.09235501 24.2003899 0.866681218
v -1.48528779 18.8583469 1.48528731
v -2.26474857 24.2003899 -4.0577018E-07
v -1.94062173 18.8583469 0.803831339
v -2.10051394 18.8583469 -3.6783851E-07
v -0.837649763 24.36833 2.02226472
v 3.36317498E-08 24.262949 2.18888378
v 3.36317498E-08 24.36833 2.18888378
v -0.837649763 24.262949 2.02226472
v -1.54777491 24.36833 1.54777431
v 3.92282331E-08 24.2003899 2.26474857
v -1.54777491 24.262949 1.54777431
v -0.866681933 24.2003899 2.09235454
v 3.59581804E-08 18.8583469 2.10051394
v -1.60141921 24.2003899 1.60141885
v -0.803831935 18.8583469 1.94062126
v -1.48528779 18.8583469 1.48528731
v 0.837650001 24.36833 2.02226424
v 1.54777503 24.262949 1.54777396
v 1.54777503 24.36833 1.54777396
v 0.837650001 24.262949 2.02226424
v 3.36317498E-08 24.36833 2.18888378
v 1.60141921 24.2003899 1.60141838
v 3.36317498E-08 24.262949 2.18888378
v 0.866682053 24.2003899 2.09235454
v 1.48528755 18.8583469 1.48528695
v 3.92282331E-08 24.2003899 2.26474857
v 0.803832054 18.8583469 1.94062126
v 3.59581804E-08 18.8583469 2.10051394
v 2.0222652 24.36833 0.837648511
v 2.18888402 24.262949 -5.89138125E-08
v 2.18888402 24.36833 -5.89138125E-08
v 2.0222652 24.262949 0.837648511
v 1.54777503 24.36833 1.54777396
v 2.26474833 24.2003899 -6.38026378E-08
v 1.54777503 24.262949 1.54777396
v 2.09235525 24.2003899 0.866680503
v 2.10051346 18.8583469 -5.0669712E-08
v 1.60141921 24.2003899 1.60141838
v 1.94062185 18.8583469 0.803830683
v 1.48528755 18.8583469 1.48528695
v -2.53571892 24.4815445 -0.351669759
v -2.09737873 24.4815445 -0.351670265
v -2.09737802 24.4815445 0.351671487
v -2.53571844 24.4815445 0.351671934
v -3.31173062 23.6764927 -0.351669431
v -2.53571892 24.4815445 -0.351669759
v -2.53571844 24.4815445 0.351671934
v -3.31173038 23.6764927 0.351672202
v -3.31173038 23.6764927 0.351672202
v -2.53571844 24.4815445 0.351671934
v -2.51153398 24.1925316 0.351671755
v -2.94709468 23.6764927 0.351672113
v -2.94709516 23.6764927 -0.351670146
v -2.51153445 24.1925316 -0.351669937
v -2.53571892 24.4815445 -0.351669759
v -3.31173062 23.6764927 -0.351669431
v -2.09737873 24.1925316 -0.351670265
v -2.09737825 24.1925316 0.351671547
v -2.09737802 24.4815445 0.351671487
v -2.09737873 24.4815445 -0.351670265
v -2.51153445 24.1925316 -0.351669937
v -2.51153398 24.1925316 0.351671755
v -2.09737825 24.1925316 0.351671547
v -2.09737873 24.1925316 -0.351670265
v -2.51153398 24.1925316 0.351671755
v -2.53571844 24.4815445 0.351671934
v -2.09737802 24.4815445 0.351671487
v -2.09737825 24.1925316 0.351671547
v -2.53571892 24.4815445 -0.351669759
v -2.51153445 24.1925316 -0.351669937
v -2.09737873 24.1925316 -0.351670265
v -2.09737873 24.4815445 -0.351670265
v -1.54435778 24.4815445 -2.04169083
v -1.23440361 24.4815445 -1.73173809
v -1.73174047 24.4815445 -1.23439956
v -2.04169464 24.4815445 -1.54435265
v -2.09308124 23.6764927 -2.59041357
v -1.54435778 24.4815445 -2.04169083
v -2.04169464 24.4815445 -1.54435265
v -2.59041858 23.6764927 -2.09307528
v -2.59041858 23.6764927 -2.09307528
v -2.04169464 24.4815445 -1.54435265
v -2.02459335 24.1925316 -1.52725172
v -2.332582 23.6764927 -1.83523917
v -1.83524454 23.6764927 -2.33257771
v -1.52725649 24.1925316 -2.02459002
v -1.54435778 24.4815445 -2.04169083
v -2.09308124 23.6764927 -2.59041357
v -1.23440361 24.1925316 -1.73173809
v -1.73174047 24.1925316 -1.23439968
v -1.73174047 24.4815445 -1.23439956
v -1.23440361 24.4815445 -1.73173809
v -1.52725649 24.1925316 -2.02459002
v -2.02459335 24.1925316 -1.52725172
v -1.73174047 24.1925316 -1.23439968
v -1.23440361 24.1925316 -1.73173809
v -2.02459335 24.1925316 -1.52725172
v -2.04169464 24.4815445 -1.54435265
v -1.73174047 24.4815445 -1.23439956
v -1.73174047 24.1925316 -1.23439968
v -1.54435778 24.4815445 -2.04169083
v -1.52725649 24.1925316 -2.02459002
v -1.23440361 24.1925316 -1.73173809
v -1.23440361 24.4815445 -1.73173809
v 0.351668477 24.4815445 -2.53571916
v 0.351669312 24.4815445 -2.09737873
v -0.35167259 24.4815445 -2.09737778
v -0.351673156 24.4815445 -2.53571844
v 0.351668 23.6764927 -3.31173062
v 0.351668477 24.4815445 -2.53571916
v -0.351673156 24.4815445 -2.53571844
v -0.35167399 23.6764927 -3.31173038
v -0.35167399 23.6764927 -3.31173038
v -0.351673156 24.4815445 -2.53571844
v -0.351672977 24.1925316 -2.51153398
v -0.351673424 23.6764927 -2.94709468
v 0.351668656 23.6764927 -2.94709516
v 0.351668745 24.1925316 -2.51153469
v 0.351668477 24.4815445 -2.53571916
v 0.351668 23.6764927 -3.31173062
v 0.351669312 24.1925316 -2.09737873
v -0.35167259 24.1925316 -2.09737778
v -0.35167259 24.4815445 -2.09737778
v 0.351669312 24.4815445 -2.09737873
v 0.351668745 24.1925316 -2.51153469
v -0.351672977 24.1925316 -2.51153398
v -0.35167259 24.1925316 -2.09737778
v 0.351669312 24.1925316 -2.09737873
v -0.351672977 24.1925316 -2.51153398
v -0.351673156 24.4815445 -2.53571844
v -0.35167259 24.4815445 -2.09737778
v -0.35167259 24.1925316 -2.09737778
v 0.351668477 24.4815445 -2.53571916
v 0.351668745 24.1925316 -2.51153469
v 0.351669312 24.1925316 -2.09737873
v 0.351669312 24.4815445 -2.09737873
v 2.04169178 24.4815445 -1.54435635
v 1.73173881 24.4815445 -1.23440254
v 1.23440063 24.4815445 -1.73173976
v 1.54435396 24.4815445 -2.04169345
v 2.59041476 23.6764927 -2.09307957
v 2.04169178 24.4815445 -1.54435635
v 1.54435396 24.4815445 -2.04169345
v 2.09307671 23.6764927 -2.59041715
v 2.09307671 23.6764927 -2.59041715
v 1.54435396 24.4815445 -2.04169345
v 1.52725291 24.1925316 -2.02459216
v 1.83524084 23.6764927 -2.3325808
v 2.3325789 23.6764927 -1.83524323
v 2.02459097 24.1925316 -1.52725542
v 2.04169178 24.4815445 -1.54435635
v 2.59041476 23.6764927 -2.09307957
v 1.73173881 24.1925316 -1.23440254
v 1.23440075 24.1925316 -1.73173976
v 1.23440063 24.4815445 -1.73173976
v 1.73173881 24.4815445 -1.23440254
v 2.02459097 24.1925316 -1.52725542
v 1.52725291 24.1925316 -2.02459216
v 1.23440075 24.1925316 -1.73173976
v 1.73173881 24.1925316 -1.23440254
v 1.52725291 24.1925316 -2.02459216
v 1.54435396 24.4815445 -2.04169345
v 1.23440063 24.4815445 -1.73173976
v 1.23440075 24.1925316 -1.73173976
v 2.04169178 24.4815445 -1.54435635
v 2.02459097 24.1925316 -1.52725542
v 1.73173881 24.1925316 -1.23440254
v 1.73173881 24.4815445 -1.23440254
v 2.53571892 24.4815445 0.351670265
v 2.09737873 24.4815445 0.351670802
v 2.09737825 24.4815445 -0.351671159
v 2.53571844 24.4815445 -0.351671547
v 3.31173062 23.6764927 0.351670325
v 2.53571892 24.4815445 0.351670265
v 2.53571844 24.4815445 -0.351671547
v 3.31173062 23.6764927 -0.351671845
v 3.31173062 23.6764927 -0.351671845
v 2.53571844 24.4815445 -0.351671547
v 2.51153398 24.1925316 -0.351671368
v 2.94709492 23.6764927 -0.351671278
v 2.94709516 23.6764927 0.351670533
v 2.51153445 24.1925316 0.351670533
v 2.53571892 24.4815445 0.351670265
v 3.31173062 23.6764927 0.351670325
v 2.09737873 24.1925316 0.351670802
v 2.09737825 24.1925316 -0.3516711
v 2.09737825 24.4815445 -0.351671159
v 2.09737873 24.4815445 0.351670802
v 2.51153445 24.1925316 0.351670533
v 2.51153398 24.1925316 -0.351671368
v 2.09737825 24.1925316 -0.3516711
v 2.09737873 24.1925316 0.351670802
v 2.51153398 24.1925316 -0.351671368
v 2.53571844 24.4815445 -0.351671547
v 2.09737825 24.4815445 -0.351671159
v 2.09737825 24.1925316 -0.3516711
v 2.53571892 24.4815445 0.351670265
v 2.51153445 24.1925316 0.351670533
v 2.09737873 24.1925316 0.351670802
v 2.09737873 24.4815445 0.351670802
v 1.54435527 24.4815445 2.04169297
v 1.23440135 24.4815445 1.73173964
v 1.73173904 24.4815445 1.2344017
v 2.0416925 24.4815445 1.54435515
v 2.0930779 23.6764927 2.59041619
v 1.54435527 24.4815445 2.04169297
v 2.0416925 24.4815445 1.54435515
v 2.59041595 23.6764927 2.09307837
v 2.59041595 23.6764927 2.09307837
v 2.0416925 24.4815445 1.54435515
v 2.02459145 24.1925316 1.5272541
v 2.33257961 23.6764927 1.83524215
v 1.83524179 23.6764927 2.33258033
v 1.52725387 24.1925316 2.02459216
v 1.54435527 24.4815445 2.04169297
v 2.0930779 23.6764927 2.59041619
v 1.23440135 24.1925316 1.73173964
v 1.73173904 24.1925316 1.23440194
v 1.73173904 24.4815445 1.2344017
v 1.23440135 24.4815445 1.73173964
v 1.52725387 24.1925316 2.02459216
v 2.02459145 24.1925316 1.5272541
v 1.73173904 24.1925316 1.23440194
v 1.23440135 24.1925316 1.73173964
v 2.02459145 24.1925316 1.5272541
v 2.0416925 24.4815445 1.54435515
v 1.73173904 24.4815445 1.2344017
v 1.73173904 24.1925316 1.23440194
v 1.54435527 24.4815445 2.04169297
v 1.52725387 24.1925316 2.02459216
v 1.23440135 24.1925316 1.73173964
v 1.23440135 24.4815445 1.73173964
v -0.351670325 24.4815445 2.53571916
v -0.351670802 24.4815445 2.09737873
v 0.3516711 24.4815445 2.09737825
v 0.351671278 24.4815445 2.53571868
v -0.351670533 23.6764927 3.31173062
v -0.351670325 24.4815445 2.53571916
v 0.351671278 24.4815445 2.53571868
v 0.351671487 23.6764927 3.31173062
v 0.351671487 23.6764927 3.31173062
v 0.351671278 24.4815445 2.53571868
v 0.3516711 24.1925316 2.51153445
v 0.351671278 23.6764927 2.94709516
v -0.351670891 23.6764927 2.94709516
v -0.351670653 24.1925316 2.51153469
v -0.351670325 24.4815445 2.53571916
v -0.351670533 23.6764927 3.31173062
v -0.351670802 24.1925316 2.09737873
v 0.3516711 24.1925316 2.09737873
v 0.3516711 24.4815445 2.09737825
v -0.351670802 24.4815445 2.09737873
v -0.351670653 24.1925316 2.51153469
v 0.3516711 24.1925316 2.51153445
v 0.3516711 24.1925316 2.09737873
v -0.351670802 24.1925316 2.09737873
v 0.3516711 24.1925316 2.51153445
v 0.351671278 24.4815445 2.53571868
v 0.3516711 24.4815445 2.09737825
v 0.3516711 24.1925316 2.09737873
v -0.351670325 24.4815445 2.53571916
v -0.351670653 24.1925316 2.51153469
v -0.351670802 24.1925316 2.09737873
v -0.351670802 24.4815445 2.09737873
v -2.04169202 24.4815445 1.54435575
v -1.73173916 24.4815445 1.23440182
v -1.23440111 24.4815445 1.73173928
v -1.54435432 24.4815445 2.04169297
v -2.59041524 23.6764927 2.09307861
v -2.04169202 24.4815445 1.54435575
v -1.54435432 24.4815445 2.04169297
v -2.09307742 23.6764927 2.59041643
v -2.09307742 23.6764927 2.59041643
v -1.54435432 24.4815445 2.04169297
v -1.52725351 24.1925316 2.02459168
v -1.83524132 23.6764927 2.33258033
v -2.33257937 23.6764927 1.83524263
v -2.02459121 24.1925316 1.52725434
v -2.04169202 24.4815445 1.54435575
v -2.59041524 23.6764927 2.09307861
v -1.73173916 24.1925316 1.23440182
v -1.23440111 24.1925316 1.73173928
v -1.23440111 24.4815445 1.73173928
v -1.73173916 24.4815445 1.23440182
v -2.02459121 24.1925316 1.52725434
v -1.52725351 24.1925316 2.02459168
v -1.23440111 24.1925316 1.73173928
v -1.73173916 24.1925316 1.23440182
v -1.52725351 24.1925316 2.02459168
v -1.54435432 24.4815445 2.04169297
v -1.23440111 24.4815445 1.73173928
v -1.23440111 24.1925316 1.73173928
v -2.04169202 24.4815445 1.54435575
v -2.02459121 24.1925316 1.52725434
v -1.73173916 24.1925316 1.23440182
v -1.73173916 24.4815445 1.23440182
v 2.44126463 20.6078434 -3.53287644E-09
v 2.44126463 22.482914 -2.98879748E-08
v 2.11419702 22.482914 -1.22063208
v 2.11419702 20.6078434 -1.2206322
v 1.22063208 22.482914 -2.11419725
v 1.22063208 20.6078434 -2.11419725
v -7.01011018E-08 22.482914 -2.44126463
v -7.01011018E-08 20.6078434 -2.44126463
v -7.01011018E-08 20.6078434 -2.44126463
v -7.01011018E-08 22.482914 -2.44126463
v -1.22063231 22.482914 -2.11419702
v -1.22063231 20.6078434 -2.11419702
v -2.11419678 22.482914 -1.22063231
v -2.11419678 20.6078434 -1.22063231
v -2.44126415 22.482914 -3.98508632E-07
v -2.44126415 20.6078434 -3.72153522E-07
v -2.44126415 20.6078434 -3.72153522E-07
v -2.44126415 22.482914 -3.98508632E-07
v -2.11419702 22.482914 1.22063172
v -2.11419702 20.6078434 1.2206316
v -1.22063291 22.482914 2.11419654
v -1.22063291 20.6078434 2.11419654
v -1.0983639E-06 22.482914 2.44126415
v -1.09836401E-06 20.6078434 2.44126415
v -1.09836401E-06 20.6078434 2.44126415
v -1.0983639E-06 22.482914 2.44126415
v 1.22063088 22.482914 2.11419725
v 1.22063088 20.6078434 2.11419725
v 2.11419654 22.482914 1.22063375
v 2.11419654 20.6078434 1.22063363
v 2.44126463 22.482914 -2.98879748E-08
v 2.44126463 20.6078434 -3.53287644E-09
v 2.44126463 22.482914 -2.98879748E-08
v 3.27487683 23.1764908 -7.21507618E-08
v 2.83612657 23.1764908 -1.63743842
v 2.11419702 22.482914 -1.22063208
v 1.22063208 22.482914 -2.11419725
v 1.6374383 23.1764908 -2.83612704
v -1.75411188E-07 23.1764908 -3.27487659
v -7.01011018E-08 22.482914 -2.44126463
v -7.01011018E-08 22.482914 -2.44126463
v -1.75411188E-07 23.1764908 -3.27487659
v -1.22063231 22.482914 -2.11419702
v -1.63743865 23.1764908 -2.83612657
v -2.83612657 23.1764908 -1.63743877
v -2.11419678 22.482914 -1.22063231
v -2.44126415 22.482914 -3.98508632E-07
v -3.27487683 23.1764908 -5.66643337E-07
v -2.44126415 22.482914 -3.98508632E-07
v -3.27487683 23.1764908 -5.66643337E-07
v -2.83612704 23.1764908 1.63743758
v -2.11419702 22.482914 1.22063172
v -1.22063291 22.482914 2.11419654
v -1.63743937 23.1764908 2.83612561
v -1.55479211E-06 23.1764908 3.27487731
v -1.0983639E-06 22.482914 2.44126415
v -1.0983639E-06 22.482914 2.44126415
v -1.55479211E-06 23.1764908 3.27487731
v 1.22063088 22.482914 2.11419725
v 1.63743675 23.1764908 2.83612752
v 2.83612537 23.1764908 1.63744032
v 2.11419654 22.482914 1.22063375
v 2.44126463 22.482914 -2.98879748E-08
v 3.27487683 23.1764908 -7.21507618E-08
v 3.27487683 23.1764908 -7.21507618E-08
v 3.27487683 23.3966141 -6.25289047E-08
v 2.83612657 23.3966141 -1.63743842
v 2.83612657 23.1764908 -1.63743842
v 1.6374383 23.3966141 -2.83612704
v 1.6374383 23.1764908 -2.83612704
v -1.75411188E-07 23.3966141 -3.27487659
v -1.75411188E-07 23.1764908 -3.27487659
v -1.75411188E-07 23.1764908 -3.27487659
v -1.75411188E-07 23.3966141 -3.27487659
v -1.63743865 23.3966141 -2.83612657
v -1.63743865 23.1764908 -2.83612657
v -2.83612657 23.3966141 -1.63743877
v -2.83612657 23.1764908 -1.63743877
v -3.27487683 23.3966141 -5.57021451E-07
v -3.27487683 23.1764908 -5.66643337E-07
v -3.27487683 23.1764908 -5.66643337E-07
v -3.27487683 23.3966141 -5.57021451E-07
v -2.83612704 23.3966141 1.63743758
v -2.83612704 23.1764908 1.63743758
v -1.63743937 23.3966141 2.83612561
v -1.63743937 23.1764908 2.83612561
v -1.55479211E-06 23.3966141 3.27487731
v -1.55479211E-06 23.1764908 3.27487731
v -1.55479211E-06 23.1764908 3.27487731
v -1.55479211E-06 23.3966141 3.27487731
v 1.63743675 23.3966141 2.83612752
v 1.63743675 23.1764908 2.83612752
v 2.83612537 23.3966141 1.63744032
v 2.83612537 23.1764908 1.63744032
v 3.27487683 23.3966141 -6.25289047E-08
v 3.27487683 23.1764908 -7.21507618E-08
v -0.61217159 23.4199123 6.24168921
v -0.612171948 23.4199123 6.4611578
v -0.680879474 23.5389156 6.4611578
v -0.680879176 23.5389156 6.24168921
v -0.818294346 23.5389156 6.46115828
v -0.818294644 23.5389156 6.24168921
v -0.887001932 23.4199123 6.4611578
v -0.887001634 23.4199123 6.24168921
v -0.887001634 23.4199123 6.24168921
v -0.887001932 23.4199123 6.4611578
v -0.818294346 23.3009071 6.46115828
v -0.818294644 23.3009071 6.24168921
v -0.680879474 23.3009071 6.4611578
v -0.680879176 23.3009071 6.24168921
v -0.612171948 23.4199123 6.4611578
v -0.61217159 23.4199123 6.24168921
v -0.680879474 23.5389156 6.4611578
v -0.612171948 23.4199123 6.4611578
v -0.680879474 23.3009071 6.4611578
v -0.818294346 23.5389156 6.46115828
v -0.818294346 23.3009071 6.46115828
v -0.887001932 23.4199123 6.4611578
v 0.611006141 23.4199123 6.24057722
v 0.680294156 23.5399208 6.46189976
v 0.611006141 23.4199123 6.46189976
v 0.680294454 23.5399208 6.24057722
v 0.818869889 23.5399208 6.46189976
v 0.818870544 23.5399208 6.24057722
v 0.888157964 23.4199123 6.46190071
v 0.888158262 23.4199123 6.24057722
v 0.888158262 23.4199123 6.24057722
v 0.818869889 23.299902 6.46189976
v 0.888157964 23.4199123 6.46190071
v 0.818870544 23.299902 6.24057722
v 0.680294156 23.299902 6.46189976
v 0.680294454 23.299902 6.24057722
v 0.611006141 23.4199123 6.46189976
v 0.611006141 23.4199123 6.24057722
v 0.818869889 23.5399208 6.46189976
v 0.888157964 23.4199123 6.46190071
v 0.818869889 23.299902 6.46189976
v 0.680294156 23.5399208 6.46189976
v 0.680294156 23.299902 6.46189976
v 0.611006141 23.4199123 6.46189976
v -0.705204427 23.4888687 6.45003223
v -0.676992476 23.4020405 6.45003176
v -0.676992774 23.4020405 6.98950481
v -0.705204785 23.4888687 6.90267706
v -0.796499908 23.4888687 6.45003176
v -0.676993072 23.4829388 7.07021284
v -0.796500206 23.4888668 6.90267706
v -0.824712515 23.4020405 6.45003223
v -0.705204785 23.5697651 6.98344707
v -0.676993072 23.8257809 7.06919193
v -0.824712515 23.4020405 6.98950481
v -0.750852346 23.3483791 6.45003223
v -0.705205083 23.855629 6.98285103
v -0.596095502 23.9066792 7.0690012
v -0.796500504 23.5697651 6.98368645
v -0.750852942 23.3483791 7.04316759
v -0.676992476 23.4020405 6.45003176
v -0.676992774 23.4020405 6.98950481
v -0.624307215 23.9365273 6.98272276
v -0.500002384 23.9066792 7.06900263
v -0.500002384 23.9365273 6.98272467
v -0.796500862 23.946909 6.98433685
v -0.824712813 23.4829388 7.07055426
v -0.750852644 23.4292774 7.12406301
v -0.676993072 23.4829388 7.07021284
v -0.715602696 24.0278072 6.98444939
v -0.500002682 24.0278072 6.98445034
v -0.824712515 23.9734745 7.07164288
v -0.750852942 23.898613 7.12405252
v -0.676993072 23.8257809 7.06919193
v -0.743814707 24.0543728 7.07179499
v -0.500002384 24.0543728 7.07179546
v -0.669954836 23.9795113 7.12405062
v -0.596095502 23.9066792 7.0690012
v -0.500002384 23.9795113 7.12405157
v -0.500002384 23.9066792 7.06900263
v 0.702034593 23.4888687 6.45003271
v 0.673822939 23.4020405 6.98950529
v 0.673822641 23.4020405 6.45003271
v 0.702034891 23.4888687 6.90267801
v 0.793330073 23.4888687 6.45003271
v 0.673822939 23.4829388 7.07021332
v 0.793330371 23.4888668 6.90267801
v 0.821541727 23.4020405 6.45003271
v 0.702035189 23.5697651 6.98344707
v 0.673822939 23.8257809 7.06919193
v 0.821542025 23.4020405 6.98950529
v 0.747682452 23.3483791 6.45003271
v 0.702034891 23.855629 6.98285151
v 0.592925131 23.9066792 7.06900215
v 0.793330371 23.5697651 6.9836874
v 0.747682452 23.3483791 7.04316759
v 0.673822641 23.4020405 6.45003271
v 0.673822939 23.4020405 6.98950529
v 0.621136785 23.9365273 6.98272324
v 0.499997288 23.9066792 7.06900263
v 0.499997288 23.9365273 6.98272467
v 0.793330371 23.946909 6.98433828
v 0.821542025 23.4829388 7.07055473
v 0.747682452 23.4292774 7.12406397
v 0.673822939 23.4829388 7.07021332
v 0.712432206 24.0278072 6.98444939
v 0.499997586 24.0278072 6.98445129
v 0.821542025 23.9734745 7.07164431
v 0.747682452 23.898613 7.12405252
v 0.673822939 23.8257809 7.06919193
v 0.740643919 24.0543728 7.07179546
v 0.499997288 24.0543728 7.07179546
v 0.666784346 23.9795113 7.12405157
v 0.592925131 23.9066792 7.06900215
v 0.49999699 23.9795113 7.12405252
v 0.499997288 23.9066792 7.06900263
v -0.400743663 23.1837234 7.2739706
v 0.400738567 23.1837234 7.27397156
v 0.400738567 23.1837234 6.85031128
v -0.400743365 23.1837234 6.85031033
v -0.500002682 24.0881634 7.31214094
v -0.500002384 24.0881634 6.81214094
v 0.499997586 24.0881634 6.81214094
v 0.499997288 24.0881634 7.31214094
v -0.400743663 23.1837234 7.2739706
v 0.499997288 23.364645 7.31214094
v 0.400738567 23.1837234 7.27397156
v -0.500002682 23.364645 7.31214094
v -0.500002682 24.0881634 7.31214094
v 0.499997288 24.0881634 7.31214094
v 0.400738567 23.1837234 7.27397156
v 0.499997586 23.364645 6.81214094
v 0.400738567 23.1837234 6.85031128
v 0.499997288 23.364645 7.31214094
v 0.499997288 24.0881634 7.31214094
v 0.499997586 24.0881634 6.81214094
v 0.400738567 23.1837234 6.85031128
v -0.500002682 23.364645 6.81214094
v -0.400743365 23.1837234 6.85031033
v 0.499997586 23.364645 6.81214094
v 0.499997586 24.0881634 6.81214094
v -0.500002384 24.0881634 6.81214094
v -0.400743365 23.1837234 6.85031033
v -0.500002682 23.364645 7.31214094
v -0.400743663 23.1837234 7.2739706
v -0.500002682 23.364645 6.81214094
v -0.500002384 24.0881634 6.81214094
v -0.500002682 24.0881634 7.31214094
v -0.0190328695 24.0881615 6.9638772
v -0.184237033 24.2298164 6.90077639
v -0.154331952 24.0881615 6.82857752
v -0.0912304372 24.2298164 6.99378204
v -0.019032862 24.0881615 7.15521908
v -0.0912304297 24.2298164 7.12531376
v -0.154331952 24.0881615 6.82857752
v -0.184237033 24.2298164 6.90077639
v -0.315768093 24.2298164 6.90077639
v -0.345673472 24.0881615 6.82857752
v -0.408774674 24.2298164 6.99378204
v -0.480972558 24.0881615 6.96387672
v -0.480972558 24.0881615 6.96387672
v -0.408774674 24.2298164 6.99378204
v -0.408774674 24.2298164 7.12531376
v -0.480972558 24.0881615 7.15521812
v -0.315768093 24.2298164 7.21832037
v -0.345673472 24.0881615 7.29051733
v -0.345673472 24.0881615 7.29051733
v -0.315768093 24.2298164 7.21832037
v -0.184237018 24.2298164 7.21832037
v -0.154331923 24.0881615 7.29051733
v -0.0912304297 24.2298164 7.12531376
v -0.019032862 24.0881615 7.15521908
v -0.408774674 24.2298164 6.99378204
v -0.315768093 24.2298164 6.90077639
v -0.184237033 24.2298164 6.90077639
v -0.0912304372 24.2298164 6.99378204
v -0.408774674 24.2298164 7.12531376
v -0.0912304297 24.2298164 7.12531376
v -0.315768093 24.2298164 7.21832037
v -0.184237018 24.2298164 7.21832037
v 0.48096773 24.0881615 6.96387815
v 0.315762937 24.2298164 6.90077639
v 0.345668048 24.0881615 6.82857895
v 0.408769548 24.2298164 6.993783
v 0.48096773 24.0881615 7.15521955
v 0.408769548 24.2298164 7.12531471
v 0.345668048 24.0881615 6.82857895
v 0.315762937 24.2298164 6.90077639
v 0.184231892 24.2298164 6.90077639
v 0.154326797 24.0881615 6.82857895
v 0.0912253037 24.2298164 6.993783
v 0.019027736 24.0881615 6.9638772
v 0.019027736 24.0881615 6.9638772
v 0.0912253037 24.2298164 6.993783
v 0.0912256241 24.2298164 7.12531424
v 0.0190277454 24.0881615 7.15521955
v 0.184231907 24.2298164 7.21832085
v 0.154326811 24.0881615 7.29051876
v 0.154326811 24.0881615 7.29051876
v 0.184231907 24.2298164 7.21832085
v 0.315762967 24.2298164 7.21832085
v 0.345668674 24.0881615 7.29051876
v 0.408769548 24.2298164 7.12531471
v 0.48096773 24.0881615 7.15521955
v 0.0912253037 24.2298164 6.993783
v 0.184231892 24.2298164 6.90077639
v 0.315762937 24.2298164 6.90077639
v 0.408769548 24.2298164 6.993783
v 0.0912256241 24.2298164 7.12531424
v 0.408769548 24.2298164 7.12531471
v 0.184231907 24.2298164 7.21832085
v 0.315762967 24.2298164 7.21832085
v -0.23865968 23.2995453 5.98279047
v 0.238655671 23.2995453 5.98279047
v 0.238656148 23.2995453 3.1639421
v -0.238658592 23.2995453 3.1639421
v -0.23865968 23.7995472 5.98279047
v -0.238658592 23.7995472 3.1639421
v -0.23865968 23.7995472 5.98279047
v -0.238658592 23.7995472 3.1639421
v 0.238656148 23.7995472 3.1639421
v 0.238655671 23.7995472 5.98279047
v 0.238655671 23.2995453 5.98279047
v 0.238656148 23.2995453 3.1639421
v 0.654132664 23.2953453 5.89848518
v 0.845033109 23.2953453 5.89848518
v 0.678149343 23.2953453 3.04844403
v 0.519906223 23.2953453 3.04844475
v 0.654132664 23.7481365 5.89848518
v 0.519906223 23.7481365 3.04844475
v 0.654132664 23.7481365 5.89848518
v 0.519906223 23.7481365 3.04844475
v 0.678149343 23.7481365 3.04844403
v 0.845033109 23.7481365 5.89848518
v 0.845033109 23.2953453 5.89848518
v 0.678149343 23.2953453 3.04844403
v -0.624136686 23.2953453 5.89848518
v -0.489907682 23.2953453 3.04844403
v -0.678150952 23.2953453 3.04844451
v -0.845036626 23.2953453 5.89848375
v -0.678150952 23.7481365 3.04844451
v -0.845036626 23.7481365 5.89848375
v -0.624136686 23.7481365 5.89848518
v -0.845036626 23.7481365 5.89848375
v -0.678150952 23.7481365 3.04844451
v -0.489907682 23.7481365 3.04844403
v -0.489907682 23.2953453 3.04844403
v -0.624136686 23.2953453 5.89848518
v -0.940383255 23.11656 6.25837708
v -0.558790267 23.11656 6.25837755
v -0.558790326 23.11656 5.89848328
v -0.940383136 23.11656 5.89848232
v -0.940383255 23.8732986 6.25837708
v -0.940383136 23.8732986 5.89848232
v -0.558790326 23.8732986 5.89848328
v -0.558790267 23.8732986 6.25837755
v -0.940383255 23.11656 6.25837708
v -0.940383255 23.8732986 6.25837708
v -0.558790267 23.8732986 6.25837755
v -0.558790267 23.11656 6.25837755
v -0.558790267 23.11656 6.25837755
v -0.558790267 23.8732986 6.25837755
v -0.558790326 23.8732986 5.89848328
v -0.558790326 23.11656 5.89848328
v -0.558790326 23.11656 5.89848328
v -0.558790326 23.8732986 5.89848328
v -0.940383136 23.8732986 5.89848232
v -0.940383136 23.11656 5.89848232
v -0.940383136 23.11656 5.89848232
v -0.940383136 23.8732986 5.89848232
v -0.940383255 23.8732986 6.25837708
v -0.940383255 23.11656 6.25837708
v 0.558422863 23.11656 6.25837755
v 0.940742195 23.11656 6.25837755
v 0.940742493 23.11656 5.89848423
v 0.558423102 23.11656 5.89848375
v 0.558422863 23.8732986 6.25837755
v 0.558423102 23.8732986 5.89848375
v 0.940742493 23.8732986 5.89848423
v 0.940742195 23.8732986 6.25837755
v 0.558422863 23.11656 6.25837755
v 0.558422863 23.8732986 6.25837755
v 0.940742195 23.8732986 6.25837755
v 0.940742195 23.11656 6.25837755
v 0.940742195 23.11656 6.25837755
v 0.940742195 23.8732986 6.25837755
v 0.940742493 23.8732986 5.89848423
v 0.940742493 23.11656 5.89848423
v 0.940742493 23.11656 5.89848423
v 0.940742493 23.8732986 5.89848423
v 0.558423102 23.8732986 5.89848375
v 0.558423102 23.11656 5.89848375
v 0.558423102 23.11656 5.89848375
v 0.558423102 23.8732986 5.89848375
v 0.558422863 23.8732986 6.25837755
v 0.558422863 23.11656 6.25837755
v 3.98066974 23.4199123 4.84641266
v 4.13585663 23.4199123 5.00159979
v 4.0872736 23.5389156 5.05018377
v 3.93208575 23.5389156 4.89499569
v 3.99010634 23.5389156 5.14735079
v 3.8349185 23.5389156 4.9921627
v 3.94152308 23.4199123 5.1959343
v 3.78633499 23.4199123 5.04074621
v 3.78633499 23.4199123 5.04074621
v 3.94152308 23.4199123 5.1959343
v 3.99010634 23.3009071 5.14735079
v 3.8349185 23.3009071 4.9921627
v 4.0872736 23.3009071 5.05018377
v 3.93208575 23.3009071 4.89499569
v 4.13585663 23.4199123 5.00159979
v 3.98066974 23.4199123 4.84641266
v 4.13585663 23.4199123 5.00159979
v 4.0872736 23.3009071 5.05018377
v 3.99010634 23.3009071 5.14735079
v 3.94152308 23.4199123 5.1959343
v 4.0872736 23.5389156 5.05018377
v 3.99010634 23.5389156 5.14735079
v 4.84480143 23.4199123 3.98070884
v 5.05029392 23.5399208 4.08821344
v 5.00129938 23.4199123 4.13720703
v 4.89379549 23.5399208 3.93171477
v 5.1482811 23.5399208 3.99022508
v 4.99178314 23.5399208 3.83372664
v 5.19727516 23.4199123 3.94123101
v 5.04077768 23.4199123 3.78473282
v 5.04077768 23.4199123 3.78473282
v 5.1482811 23.299902 3.99022508
v 5.19727516 23.4199123 3.94123101
v 4.99178314 23.299902 3.83372664
v 5.05029392 23.299902 4.08821344
v 4.89379549 23.299902 3.93171477
v 5.00129938 23.4199123 4.13720703
v 4.84480143 23.4199123 3.98070884
v 5.19727516 23.4199123 3.94123101
v 5.1482811 23.299902 3.99022508
v 5.05029392 23.299902 4.08821344
v 5.00129938 23.4199123 4.13720703
v 5.1482811 23.5399208 3.99022508
v 5.05029392 23.5399208 4.08821344
v 4.06220675 23.4888687 5.05951691
v 4.08215523 23.4020405 5.03956795
v 4.46361923 23.4020405 5.42103338
v 4.38227367 23.4888687 5.37958527
v 3.99765038 23.4888687 5.12407255
v 4.52068853 23.4829388 5.47810221
v 4.31771803 23.4888668 5.44414091
v 3.97770166 23.4020405 5.14402199
v 4.43938732 23.5697651 5.43669844
v 4.51996613 23.8257809 5.47738028
v 4.35916567 23.4020405 5.52548742
v 4.02992868 23.3483791 5.09179497
v 4.43896532 23.855629 5.43627787
v 4.57703495 23.9066792 5.42004251
v 4.37500095 23.5697651 5.50142384
v 4.44933748 23.3483791 5.51120615
v 4.08215523 23.4020405 5.03956795
v 4.46361923 23.4020405 5.42103338
v 4.49607849 23.9365273 5.3789835
v 4.64498377 23.9066792 5.35209513
v 4.58397627 23.9365273 5.2910881
v 4.37546062 23.946909 5.50188446
v 4.41647625 23.4829388 5.58279705
v 4.50653982 23.4292774 5.56840706
v 4.52068853 23.4829388 5.47810221
v 4.43274355 24.0278072 5.44475937
v 4.58519697 24.0278072 5.29230881
v 4.41724634 23.9734745 5.5835681
v 4.50653172 23.898613 5.56839943
v 4.51996613 23.8257809 5.47738028
v 4.4745574 24.0543728 5.52647209
v 4.64695883 24.0543728 5.35407019
v 4.56373453 23.9795113 5.51119566
v 4.57703495 23.9066792 5.42004251
v 4.68390989 23.9795113 5.39102173
v 4.64498377 23.9066792 5.35209513
v 5.05727482 23.4888687 4.06444883
v 5.41879129 23.4020405 4.46586275
v 5.03732634 23.4020405 4.08439827
v 5.37734365 23.4888687 4.38451719
v 5.12183094 23.4888687 3.99989367
v 5.47585917 23.4829388 4.5229311
v 5.4418993 23.4888668 4.31996155
v 5.14177895 23.4020405 3.97994471
v 5.43445683 23.5697651 4.44162989
v 5.47513771 23.8257809 4.52220964
v 5.52324438 23.4020405 4.36140966
v 5.08955336 23.3483791 4.03217125
v 5.43403482 23.855629 4.44120884
v 5.41779947 23.9066792 4.57927847
v 5.49918079 23.5697651 4.377244
v 5.50896168 23.3483791 4.45158052
v 5.03732634 23.4020405 4.08439827
v 5.41879129 23.4020405 4.46586275
v 5.37674046 23.9365273 4.49832153
v 5.35209084 23.9066792 4.64498854
v 5.29108286 23.9365273 4.58398056
v 5.49964094 23.946909 4.37770414
v 5.58055401 23.4829388 4.41871977
v 5.56616449 23.4292774 4.50878334
v 5.47585917 23.4829388 4.5229311
v 5.4425168 24.0278072 4.43498659
v 5.29230356 24.0278072 4.58520174
v 5.58132505 23.9734745 4.41949034
v 5.56615686 23.898613 4.50877571
v 5.47513771 23.8257809 4.52220964
v 5.52422762 24.0543728 4.47680044
v 5.35406542 24.0543728 4.64696407
v 5.50895262 23.9795113 4.56597805
v 5.41779947 23.9066792 4.57927847
v 5.39101601 23.9795113 4.68391514
v 5.35209084 23.9066792 4.64498854
v 4.86010504 23.1837234 5.42684317
v 5.42683887 23.1837234 4.86011028
v 5.12726545 23.1837234 4.56053782
v 4.56053209 23.1837234 5.12726974
v 4.81690884 24.0881634 5.5240202
v 4.46335554 24.0881634 5.1704669
v 5.17046213 24.0881634 4.46336031
v 5.52401543 24.0881634 4.81691408
v 4.86010504 23.1837234 5.42684317
v 5.52401543 23.364645 4.81691408
v 5.42683887 23.1837234 4.86011028
v 4.81690884 23.364645 5.5240202
v 4.81690884 24.0881634 5.5240202
v 5.52401543 24.0881634 4.81691408
v 5.42683887 23.1837234 4.86011028
v 5.17046213 23.364645 4.46336031
v 5.12726545 23.1837234 4.56053782
v 5.52401543 23.364645 4.81691408
v 5.52401543 24.0881634 4.81691408
v 5.17046213 24.0881634 4.46336031
v 5.12726545 23.1837234 4.56053782
v 4.46335554 23.364645 5.17046738
v 4.56053209 23.1837234 5.12726974
v 5.17046213 23.364645 4.46336031
v 5.17046213 24.0881634 4.46336031
v 4.46335554 24.0881634 5.1704669
v 4.56053209 23.1837234 5.12726974
v 4.81690884 23.364645 5.5240202
v 4.86010504 23.1837234 5.42684317
v 4.46335554 23.364645 5.17046738
v 4.46335554 24.0881634 5.1704669
v 4.81690884 24.0881634 5.5240202
v 4.91074657 24.0881615 4.93766356
v 4.74931002 24.2298164 5.00986147
v 4.7194047 24.0881615 4.93766356
v 4.88084126 24.2298164 5.00986147
v 5.0460453 24.0881615 5.07296276
v 4.97384739 24.2298164 5.10286808
v 4.7194047 24.0881615 4.93766356
v 4.74931002 24.2298164 5.00986147
v 4.65630341 24.2298164 5.10286808
v 4.58410501 24.0881615 5.07296181
v 4.65630293 24.2298164 5.23439884
v 4.58410501 24.0881615 5.26430416
v 4.58410501 24.0881615 5.26430416
v 4.65630293 24.2298164 5.23439884
v 4.74930954 24.2298164 5.32740593
v 4.71940422 24.0881615 5.39960384
v 4.88084078 24.2298164 5.32740593
v 4.91074514 24.0881615 5.39960384
v 4.91074514 24.0881615 5.39960384
v 4.88084078 24.2298164 5.32740593
v 4.97384739 24.2298164 5.23439932
v 5.0460453 24.0881615 5.26430464
v 4.97384739 24.2298164 5.10286808
v 5.0460453 24.0881615 5.07296276
v 4.65630341 24.2298164 5.10286808
v 4.74931002 24.2298164 5.00986147
v 4.88084126 24.2298164 5.00986147
v 4.97384739 24.2298164 5.10286808
v 4.65630293 24.2298164 5.23439884
v 4.97384739 24.2298164 5.23439932
v 4.74930954 24.2298164 5.32740593
v 4.88084078 24.2298164 5.32740593
v 5.26430035 24.0881615 4.58411074
v 5.10286331 24.2298164 4.65630817
v 5.07295799 24.0881615 4.58411074
v 5.23439503 24.2298164 4.65630817
v 5.39959908 24.0881615 4.71940947
v 5.32740116 24.2298164 4.74931479
v 5.07295799 24.0881615 4.58411074
v 5.10286331 24.2298164 4.65630817
v 5.00985718 24.2298164 4.74931479
v 4.93765926 24.0881615 4.71940994
v 5.0098567 24.2298164 4.88084602
v 4.93765926 24.0881615 4.91075087
v 4.93765926 24.0881615 4.91075087
v 5.0098567 24.2298164 4.88084602
v 5.10286379 24.2298164 4.97385263
v 5.07295847 24.0881615 5.04605007
v 5.23439455 24.2298164 4.97385263
v 5.26430035 24.0881615 5.04605007
v 5.26430035 24.0881615 5.04605007
v 5.23439455 24.2298164 4.97385263
v 5.32740021 24.2298164 4.88084602
v 5.39959908 24.0881615 4.91075039
v 5.32740116 24.2298164 4.74931479
v 5.39959908 24.0881615 4.71940947
v 5.00985718 24.2298164 4.74931479
v 5.10286331 24.2298164 4.65630817
v 5.23439503 24.2298164 4.65630817
v 5.32740116 24.2298164 4.74931479
v 5.0098567 24.2298164 4.88084602
v 5.32740021 24.2298164 4.88084602
v 5.23439455 24.2298164 4.97385263
v 5.10286379 24.2298164 4.97385263
v 4.0617137 23.2995453 4.39923048
v 4.39922619 23.2995453 4.06171751
v 2.40600038 23.2995453 2.06849003
v 2.06848741 23.2995453 2.40600228
v 4.0617137 23.7995472 4.39923048
v 2.06848741 23.7995472 2.40600228
v 4.0617137 23.7995472 4.39923048
v 2.06848741 23.7995472 2.40600228
v 2.40600038 23.7995472 2.06849003
v 4.39922619 23.7995472 4.06171751
v 4.39922619 23.2995453 4.06171751
v 2.40600038 23.2995453 2.06849003
v 4.63339996 23.2953453 3.70831752
v 4.76838684 23.2953453 3.57333064
v 2.63509917 23.2953453 1.67605186
v 2.52320528 23.2953453 1.78794718
v 4.63339996 23.7481365 3.70831752
v 2.52320528 23.7481365 1.78794718
v 4.63339996 23.7481365 3.70831752
v 2.52320528 23.7481365 1.78794718
v 2.63509917 23.7481365 1.67605186
v 4.76838684 23.7481365 3.57333064
v 4.76838684 23.2953453 3.57333064
v 2.63509917 23.2953453 1.67605186
v 3.729527 23.2953453 4.61219025
v 1.80915844 23.2953453 2.50199294
v 1.67605042 23.2953453 2.63510132
v 3.57332659 23.2953453 4.7683897
v 1.67605042 23.7481365 2.63510132
v 3.57332659 23.7481365 4.7683897
v 3.729527 23.7481365 4.61219025
v 3.57332659 23.7481365 4.7683897
v 1.67605042 23.7481365 2.63510132
v 1.80915844 23.7481365 2.50199294
v 1.80915844 23.2953453 2.50199294
v 3.729527 23.2953453 4.61219025
v 3.76038933 23.11656 5.09029293
v 4.03021622 23.11656 4.82046604
v 3.77573276 23.11656 4.56598234
v 3.50590563 23.11656 4.83580923
v 3.76038933 23.8732986 5.09029293
v 3.50590563 23.8732986 4.83580923
v 3.77573276 23.8732986 4.56598234
v 4.03021622 23.8732986 4.82046604
v 3.76038933 23.11656 5.09029293
v 3.76038933 23.8732986 5.09029293
v 4.03021622 23.8732986 4.82046604
v 4.03021622 23.11656 4.82046604
v 4.03021622 23.11656 4.82046604
v 4.03021622 23.8732986 4.82046604
v 3.77573276 23.8732986 4.56598234
v 3.77573276 23.11656 4.56598234
v 3.77573276 23.11656 4.56598234
v 3.77573276 23.8732986 4.56598234
v 3.50590563 23.8732986 4.83580923
v 3.50590563 23.11656 4.83580923
v 3.50590563 23.11656 4.83580923
v 3.50590563 23.8732986 4.83580923
v 3.76038933 23.8732986 5.09029293
v 3.76038933 23.11656 5.09029293
v 4.82020521 23.11656 4.03047705
v 5.09054661 23.11656 3.76013684
v 4.83606339 23.11656 3.50565338
v 4.56572247 23.11656 3.77599382
v 4.82020521 23.8732986 4.03047705
v 4.56572247 23.8732986 3.77599382
v 4.83606339 23.8732986 3.50565338
v 5.09054661 23.8732986 3.76013684
v 4.82020521 23.11656 4.03047705
v 4.82020521 23.8732986 4.03047705
v 5.09054661 23.8732986 3.76013684
v 5.09054661 23.11656 3.76013684
v 5.09054661 23.11656 3.76013684
v 5.09054661 23.8732986 3.76013684
v 4.83606339 23.8732986 3.50565338
v 4.83606339 23.11656 3.50565338
v 4.83606339 23.11656 3.50565338
v 4.83606339 23.8732986 3.50565338
v 4.56572247 23.8732986 3.77599382
v 4.56572247 23.11656 3.77599382
v 4.56572247 23.11656 3.77599382
v 4.56572247 23.8732986 3.77599382
v 4.82020521 23.8732986 4.03047705
v 4.82020521 23.11656 4.03047705
v 6.24169016 23.4199123 0.612170696
v 6.46115828 23.4199123 0.612170994
v 6.46115828 23.5389156 0.680878282
v 6.24168921 23.5389156 0.680878282
v 6.46115828 23.5389156 0.818293154
v 6.24168921 23.5389156 0.818293452
v 6.4611578 23.4199123 0.88700074
v 6.24168921 23.4199123 0.88700074
v 6.24168921 23.4199123 0.88700074
v 6.4611578 23.4199123 0.88700074
v 6.46115828 23.3009071 0.818293154
v 6.24168921 23.3009071 0.818293452
v 6.46115828 23.3009071 0.680878282
v 6.24168921 23.3009071 0.680878282
v 6.46115828 23.4199123 0.612170994
v 6.24169016 23.4199123 0.612170696
v 6.46115828 23.4199123 0.612170994
v 6.46115828 23.3009071 0.680878282
v 6.46115828 23.3009071 0.818293154
v 6.4611578 23.4199123 0.88700074
v 6.46115828 23.5389156 0.680878282
v 6.46115828 23.5389156 0.818293154
v 6.24057722 23.4199123 -0.611007392
v 6.46189976 23.5399208 -0.680295408
v 6.46189928 23.4199123 -0.611007094
v 6.24057722 23.5399208 -0.680295408
v 6.46189928 23.5399208 -0.81887114
v 6.24057722 23.5399208 -0.818871439
v 6.46189976 23.4199123 -0.888159156
v 6.24057722 23.4199123 -0.888159752
v 6.24057722 23.4199123 -0.888159752
v 6.46189928 23.299902 -0.81887114
v 6.46189976 23.4199123 -0.888159156
v 6.24057722 23.299902 -0.818871439
v 6.46189976 23.299902 -0.680295408
v 6.24057722 23.299902 -0.680295408
v 6.46189928 23.4199123 -0.611007094
v 6.24057722 23.4199123 -0.611007392
v 6.46189976 23.4199123 -0.888159156
v 6.46189928 23.299902 -0.81887114
v 6.46189976 23.299902 -0.680295408
v 6.46189928 23.4199123 -0.611007094
v 6.46189928 23.5399208 -0.81887114
v 6.46189976 23.5399208 -0.680295408
v 6.45003271 23.4888687 0.705203533
v 6.45003223 23.4020405 0.676991582
v 6.98950529 23.4020405 0.676991582
v 6.90267706 23.4888687 0.705203831
v 6.45003223 23.4888687 0.796499014
v 7.07021284 23.4829388 0.67699188
v 6.90267706 23.4888668 0.796499312
v 6.45003271 23.4020405 0.824711263
v 6.98344707 23.5697651 0.705203831
v 7.06919193 23.8257809 0.67699188
v 6.98950529 23.4020405 0.824711561
v 6.45003271 23.3483791 0.750851095
v 6.98285151 23.855629 0.705204129
v 7.0690012 23.9066792 0.59609431
v 6.98368645 23.5697651 0.796499312
v 7.04316759 23.3483791 0.750852048
v 6.45003223 23.4020405 0.676991582
v 6.98950529 23.4020405 0.676991582
v 6.98272324 23.9365273 0.624305964
v 7.06900263 23.9066792 0.50000149
v 6.98272467 23.9365273 0.50000149
v 6.98433781 23.946909 0.796499908
v 7.07055426 23.4829388 0.824711263
v 7.12406301 23.4292774 0.750851452
v 7.07021284 23.4829388 0.67699188
v 6.98444939 24.0278072 0.715601504
v 6.98445034 24.0278072 0.500001192
v 7.07164288 23.9734745 0.824711561
v 7.12405252 23.898613 0.75085175
v 7.06919193 23.8257809 0.67699188
v 7.07179546 24.0543728 0.743813753
v 7.07179594 24.0543728 0.500001192
v 7.12405157 23.9795113 0.669953883
v 7.0690012 23.9066792 0.59609431
v 7.12405205 23.9795113 0.50000149
v 7.06900263 23.9066792 0.50000149
v 6.45003271 23.4888687 -0.702035785
v 6.98950529 23.4020405 -0.67382443
v 6.45003271 23.4020405 -0.673823833
v 6.90267754 23.4888687 -0.702035785
v 6.45003223 23.4888687 -0.793330967
v 7.07021284 23.4829388 -0.673823833
v 6.90267801 23.4888668 -0.793331563
v 6.45003223 23.4020405 -0.821542978
v 6.98344707 23.5697651 -0.702036142
v 7.06919193 23.8257809 -0.673823833
v 6.98950529 23.4020405 -0.821543574
v 6.45003271 23.3483791 -0.747683704
v 6.98285151 23.855629 -0.702036142
v 7.06900215 23.9066792 -0.592926025
v 6.98368692 23.5697651 -0.793331265
v 7.04316759 23.3483791 -0.747683406
v 6.45003271 23.4020405 -0.673823833
v 6.98950529 23.4020405 -0.67382443
v 6.98272324 23.9365273 -0.621137738
v 7.06900263 23.9066792 -0.49999851
v 6.98272371 23.9365273 -0.49999851
v 6.98433781 23.946909 -0.793331563
v 7.07055426 23.4829388 -0.821543276
v 7.12406397 23.4292774 -0.747683406
v 7.07021284 23.4829388 -0.673823833
v 6.98444939 24.0278072 -0.712433159
v 6.98445034 24.0278072 -0.499998808
v 7.07164431 23.9734745 -0.821543276
v 7.12405252 23.898613 -0.747683406
v 7.06919193 23.8257809 -0.673823833
v 7.07179499 24.0543728 -0.740644813
v 7.07179546 24.0543728 -0.499998182
v 7.12405157 23.9795113 -0.66678524
v 7.06900215 23.9066792 -0.592926025
v 7.12405157 23.9795113 -0.49999851
v 7.06900263 23.9066792 -0.49999851
v 7.2739706 23.1837234 0.400742441
v 7.2739706 23.1837234 -0.400739789
v 6.85031128 23.1837234 -0.400739461
v 6.85031033 23.1837234 0.400742143
v 7.31214094 24.0881634 0.50000149
v 6.81214094 24.0881634 0.50000149
v 6.81214094 24.0881634 -0.49999851
v 7.31214094 24.0881634 -0.49999851
v 7.2739706 23.1837234 0.400742441
v 7.31214094 23.364645 -0.49999851
v 7.2739706 23.1837234 -0.400739789
v 7.31214094 23.364645 0.50000149
v 7.31214094 24.0881634 0.50000149
v 7.31214094 24.0881634 -0.49999851
v 7.2739706 23.1837234 -0.400739789
v 6.81214094 23.364645 -0.49999851
v 6.85031128 23.1837234 -0.400739461
v 7.31214094 23.364645 -0.49999851
v 7.31214094 24.0881634 -0.49999851
v 6.81214094 24.0881634 -0.49999851
v 6.85031128 23.1837234 -0.400739461
v 6.81214094 23.364645 0.50000149
v 6.85031033 23.1837234 0.400742143
v 6.81214094 23.364645 -0.49999851
v 6.81214094 24.0881634 -0.49999851
v 6.81214094 24.0881634 0.50000149
v 6.85031033 23.1837234 0.400742143
v 7.31214094 23.364645 0.50000149
v 7.2739706 23.1837234 0.400742441
v 6.81214094 23.364645 0.50000149
v 6.81214094 24.0881634 0.50000149
v 7.31214094 24.0881634 0.50000149
v 6.9638772 24.0881615 0.019031344
v 6.90077639 24.2298164 0.184235513
v 6.82857752 24.0881615 0.154330418
v 6.993783 24.2298164 0.0912292153
v 7.15521908 24.0881615 0.0190316401
v 7.12531376 24.2298164 0.0912292078
v 6.82857752 24.0881615 0.154330418
v 6.90077639 24.2298164 0.184235513
v 6.90077639 24.2298164 0.315766871
v 6.82857752 24.0881615 0.34567225
v 6.993783 24.2298164 0.408773452
v 6.96387672 24.0881615 0.480971336
v 6.96387672 24.0881615 0.480971336
v 6.993783 24.2298164 0.408773452
v 7.12531376 24.2298164 0.408773452
v 7.15521812 24.0881615 0.480971634
v 7.21832037 24.2298164 0.315767169
v 7.29051733 24.0881615 0.345672548
v 7.29051733 24.0881615 0.345672548
v 7.21832037 24.2298164 0.315767169
v 7.21832037 24.2298164 0.184235796
v 7.29051781 24.0881615 0.154330701
v 7.12531376 24.2298164 0.0912292078
v 7.15521908 24.0881615 0.0190316401
v 6.993783 24.2298164 0.0912292153
v 7.12531376 24.2298164 0.0912292078
v 7.21832037 24.2298164 0.184235796
v 6.90077639 24.2298164 0.184235513
v 6.90077639 24.2298164 0.315766871
v 7.21832037 24.2298164 0.315767169
v 6.993783 24.2298164 0.408773452
v 7.12531376 24.2298164 0.408773452
v 6.9638772 24.0881615 -0.480968654
v 6.90077639 24.2298164 -0.315764159
v 6.82857895 24.0881615 -0.345669597
v 6.993783 24.2298164 -0.40877077
v 7.15521955 24.0881615 -0.480968654
v 7.12531424 24.2298164 -0.408770472
v 6.82857895 24.0881615 -0.345669597
v 6.90077639 24.2298164 -0.315764159
v 6.90077639 24.2298164 -0.184233114
v 6.82857895 24.0881615 -0.154328018
v 6.993783 24.2298164 -0.0912265256
v 6.9638772 24.0881615 -0.0190289579
v 6.9638772 24.0881615 -0.0190289579
v 6.993783 24.2298164 -0.0912265256
v 7.12531424 24.2298164 -0.091226846
v 7.15521955 24.0881615 -0.0190289654
v 7.21832037 24.2298164 -0.184233129
v 7.29051781 24.0881615 -0.154327735
v 7.29051781 24.0881615 -0.154327735
v 7.21832037 24.2298164 -0.184233129
v 7.21832037 24.2298164 -0.315764189
v 7.29051876 24.0881615 -0.345669597
v 7.12531424 24.2298164 -0.408770472
v 7.15521955 24.0881615 -0.480968654
v 6.90077639 24.2298164 -0.315764159
v 6.993783 24.2298164 -0.40877077
v 7.12531424 24.2298164 -0.408770472
v 7.21832037 24.2298164 -0.315764189
v 7.21832037 24.2298164 -0.184233129
v 6.90077639 24.2298164 -0.184233114
v 7.12531424 24.2298164 -0.091226846
v 6.993783 24.2298164 -0.0912265256
v 5.98279047 23.2995453 0.238658771
v 5.98279047 23.2995453 -0.238656595
v 3.1639421 23.2995453 -0.238656923
v 3.1639421 23.2995453 0.23865813
v 5.98279047 23.7995472 0.238658771
v 3.1639421 23.7995472 0.23865813
v 5.98279047 23.7995472 0.238658771
v 3.1639421 23.7995472 0.23865813
v 3.1639421 23.7995472 -0.238656923
v 5.98279047 23.7995472 -0.238656595
v 5.98279047 23.2995453 -0.238656595
v 3.1639421 23.2995453 -0.238656923
v 5.89848423 23.2953453 -0.654133916
v 5.89848518 23.2953453 -0.845034003
v 3.04844403 23.2953453 -0.678149939
v 3.04844475 23.2953453 -0.519906759
v 5.89848423 23.7481365 -0.654133916
v 3.04844475 23.7481365 -0.519906759
v 5.89848423 23.7481365 -0.654133916
v 3.04844475 23.7481365 -0.519906759
v 3.04844403 23.7481365 -0.678149939
v 5.89848518 23.7481365 -0.845034003
v 5.89848518 23.2953453 -0.845034003
v 3.04844403 23.2953453 -0.678149939
v 5.89848518 23.2953453 0.624135792
v 3.04844451 23.2953453 0.489907146
v 3.04844451 23.2953453 0.678150475
v 5.89848423 23.2953453 0.845035374
v 3.04844451 23.7481365 0.678150475
v 5.89848423 23.7481365 0.845035374
v 5.89848518 23.7481365 0.624135792
v 5.89848423 23.7481365 0.845035374
v 3.04844451 23.7481365 0.678150475
v 3.04844451 23.7481365 0.489907146
v 3.04844451 23.2953453 0.489907146
v 5.89848518 23.2953453 0.624135792
v 6.25837755 23.11656 0.940382361
v 6.25837755 23.11656 0.558789372
v 5.89848328 23.11656 0.558789372
v 5.89848328 23.11656 0.940381885
v 6.25837755 23.8732986 0.940382361
v 5.89848328 23.8732986 0.940381885
v 5.89848328 23.8732986 0.558789372
v 6.25837755 23.8732986 0.558789372
v 6.25837755 23.11656 0.940382361
v 6.25837755 23.8732986 0.940382361
v 6.25837755 23.8732986 0.558789372
v 6.25837755 23.11656 0.558789372
v 6.25837755 23.11656 0.558789372
v 6.25837755 23.8732986 0.558789372
v 5.89848328 23.8732986 0.558789372
v 5.89848328 23.11656 0.558789372
v 5.89848328 23.11656 0.558789372
v 5.89848328 23.8732986 0.558789372
v 5.89848328 23.8732986 0.940381885
v 5.89848328 23.11656 0.940381885
v 5.89848328 23.11656 0.940381885
v 5.89848328 23.8732986 0.940381885
v 6.25837755 23.8732986 0.940382361
v 6.25837755 23.11656 0.940382361
v 6.25837755 23.11656 -0.558423758
v 6.25837755 23.11656 -0.940743387
v 5.89848375 23.11656 -0.940743685
v 5.89848375 23.11656 -0.558423996
v 6.25837755 23.8732986 -0.558423758
v 5.89848375 23.8732986 -0.558423996
v 5.89848375 23.8732986 -0.940743685
v 6.25837755 23.8732986 -0.940743387
v 6.25837755 23.11656 -0.558423758
v 6.25837755 23.8732986 -0.558423758
v 6.25837755 23.8732986 -0.940743387
v 6.25837755 23.11656 -0.940743387
v 6.25837755 23.11656 -0.940743387
v 6.25837755 23.8732986 -0.940743387
v 5.89848375 23.8732986 -0.940743685
v 5.89848375 23.11656 -0.940743685
v 5.89848375 23.11656 -0.940743685
v 5.89848375 23.8732986 -0.940743685
v 5.89848375 23.8732986 -0.558423996
v 5.89848375 23.11656 -0.558423996
v 5.89848375 23.11656 -0.558423996
v 5.89848375 23.8732986 -0.558423996
v 6.25837755 23.8732986 -0.558423758
v 6.25837755 23.11656 -0.558423758
v 4.84641027 23.4199123 -3.9806726
v 5.0015974 23.4199123 -4.13585997
v 5.05018091 23.5389156 -4.08727646
v 4.89499378 23.5389156 -3.93208909
v 5.1473484 23.5389156 -3.99010921
v 4.9921608 23.5389156 -3.83492184
v 5.19593191 23.4199123 -3.94152546
v 5.0407443 23.4199123 -3.78633833
v 5.0407443 23.4199123 -3.78633833
v 5.19593191 23.4199123 -3.94152546
v 5.1473484 23.3009071 -3.99010921
v 4.9921608 23.3009071 -3.83492184
v 5.05018091 23.3009071 -4.08727646
v 4.89499378 23.3009071 -3.93208909
v 5.0015974 23.4199123 -4.13585997
v 4.84641027 23.4199123 -3.9806726
v 5.1473484 23.3009071 -3.99010921
v 5.19593191 23.4199123 -3.94152546
v 5.1473484 23.5389156 -3.99010921
v 5.05018091 23.3009071 -4.08727646
v 5.05018091 23.5389156 -4.08727646
v 5.0015974 23.4199123 -4.13585997
v 3.9807055 23.4199123 -4.84480286
v 4.08821058 23.5399208 -5.05029583
v 4.13720417 23.4199123 -5.00130224
v 3.93171215 23.5399208 -4.89379787
v 3.99022245 23.5399208 -5.14828348
v 3.83372378 23.5399208 -4.99178553
v 3.94122863 23.4199123 -5.19727755
v 3.78472948 23.4199123 -5.04077911
v 3.78472948 23.4199123 -5.04077911
v 3.99022245 23.299902 -5.14828348
v 3.94122863 23.4199123 -5.19727755
v 3.83372378 23.299902 -4.99178553
v 4.08821058 23.299902 -5.05029583
v 3.93171215 23.299902 -4.89379787
v 4.13720417 23.4199123 -5.00130224
v 3.9807055 23.4199123 -4.84480286
v 4.08821058 23.299902 -5.05029583
v 4.13720417 23.4199123 -5.00130224
v 4.08821058 23.5399208 -5.05029583
v 3.99022245 23.299902 -5.14828348
v 3.99022245 23.5399208 -5.14828348
v 3.94122863 23.4199123 -5.19727755
v 5.05951452 23.4888687 -4.06220913
v 5.03956556 23.4020405 -4.08215761
v 5.421031 23.4020405 -4.46362257
v 5.37958288 23.4888687 -4.38227701
v 5.12407017 23.4888687 -3.99765348
v 5.47809982 23.4829388 -4.52069187
v 5.44413853 23.4888668 -4.31772184
v 5.1440196 23.4020405 -3.97770429
v 5.43669605 23.5697651 -4.43939066
v 5.47737789 23.8257809 -4.51996899
v 5.52548456 23.4020405 -4.35916901
v 5.09179211 23.3483791 -4.02993107
v 5.43627501 23.855629 -4.43896818
v 5.42004013 23.9066792 -4.57703876
v 5.50142193 23.5697651 -4.37500429
v 5.51120281 23.3483791 -4.44934082
v 5.03956556 23.4020405 -4.08215761
v 5.421031 23.4020405 -4.46362257
v 5.37898064 23.9365273 -4.49608135
v 5.35209274 23.9066792 -4.64498663
v 5.29108524 23.9365273 -4.58397913
v 5.5018816 23.946909 -4.37546396
v 5.58279467 23.4829388 -4.41647959
v 5.5684042 23.4292774 -4.50654268
v 5.47809982 23.4829388 -4.52069187
v 5.44475746 24.0278072 -4.43274641
v 5.29230595 24.0278072 -4.58519983
v 5.58356476 23.9734745 -4.41725016
v 5.56839705 23.898613 -4.50653505
v 5.47737789 23.8257809 -4.51996899
v 5.52646923 24.0543728 -4.47456026
v 5.35406828 24.0543728 -4.64696264
v 5.51119232 23.9795113 -4.56373739
v 5.42004013 23.9066792 -4.57703876
v 5.39101839 23.9795113 -4.68391323
v 5.35209274 23.9066792 -4.64498663
v 4.0644455 23.4888687 -5.0572772
v 4.46585941 23.4020405 -5.41879368
v 4.08439493 23.4020405 -5.03732824
v 4.38451385 23.4888687 -5.37734604
v 3.99989009 23.4888687 -5.12183285
v 4.52292824 23.4829388 -5.4758625
v 4.31995821 23.4888668 -5.44190121
v 3.97994137 23.4020405 -5.14178133
v 4.44162703 23.5697651 -5.43445921
v 4.52220583 23.8257809 -5.47514009
v 4.36140633 23.4020405 -5.52324677
v 4.03216791 23.3483791 -5.08955479
v 4.44120502 23.855629 -5.43403673
v 4.57927561 23.9066792 -5.41780281
v 4.37724066 23.5697651 -5.49918365
v 4.45157766 23.3483791 -5.50896406
v 4.08439493 23.4020405 -5.03732824
v 4.46585941 23.4020405 -5.41879368
v 4.49831867 23.9365273 -5.37674284
v 4.64498568 23.9066792 -5.35209322
v 4.5839777 23.9365273 -5.29108429
v 4.37770081 23.946909 -5.49964333
v 4.41871643 23.4829388 -5.58055735
v 4.50878 23.4292774 -5.56616735
v 4.52292824 23.4829388 -5.4758625
v 4.43498373 24.0278072 -5.44251919
v 4.5851984 24.0278072 -5.29230642
v 4.419487 23.9734745 -5.58132696
v 4.50877237 23.898613 -5.5661602
v 4.52220583 23.8257809 -5.47514009
v 4.4767971 24.0543728 -5.52423096
v 4.64696121 24.0543728 -5.35406828
v 4.56597471 23.9795113 -5.508955
v 4.57927561 23.9066792 -5.41780281
v 4.6839118 23.9795113 -5.39101839
v 4.64498568 23.9066792 -5.35209322
v 5.42684126 23.1837234 -4.86010838
v 4.86010647 23.1837234 -5.42684174
v 4.56053448 23.1837234 -5.12726879
v 5.12726784 23.1837234 -4.56053543
v 5.52401829 24.0881634 -4.8169117
v 5.17046452 24.0881634 -4.4633584
v 4.46335745 24.0881634 -5.17046499
v 4.81691074 24.0881634 -5.52401829
v 5.42684126 23.1837234 -4.86010838
v 4.81691074 23.364645 -5.52401829
v 4.86010647 23.1837234 -5.42684174
v 5.52401829 23.364645 -4.8169117
v 5.52401829 24.0881634 -4.8169117
v 4.81691074 24.0881634 -5.52401829
v 4.86010647 23.1837234 -5.42684174
v 4.46335745 23.364645 -5.17046499
v 4.56053448 23.1837234 -5.12726879
v 4.81691074 23.364645 -5.52401829
v 4.81691074 24.0881634 -5.52401829
v 4.46335745 24.0881634 -5.17046499
v 4.56053448 23.1837234 -5.12726879
v 5.17046452 23.364645 -4.46335793
v 5.12726784 23.1837234 -4.56053543
v 4.46335745 23.364645 -5.17046499
v 4.46335745 24.0881634 -5.17046499
v 5.17046452 24.0881634 -4.4633584
v 5.12726784 23.1837234 -4.56053543
v 5.52401829 23.364645 -4.8169117
v 5.42684126 23.1837234 -4.86010838
v 5.17046452 23.364645 -4.46335793
v 5.17046452 24.0881634 -4.4633584
v 5.52401829 24.0881634 -4.8169117
v 4.93766069 24.0881615 -4.91074944
v 5.00985861 24.2298164 -4.74931288
v 4.93766117 24.0881615 -4.71940708
v 5.00985909 24.2298164 -4.88084412
v 5.0729599 24.0881615 -5.04604816
v 5.10286522 24.2298164 -4.97385025
v 4.93766117 24.0881615 -4.71940708
v 5.00985861 24.2298164 -4.74931288
v 5.10286522 24.2298164 -4.65630627
v 5.0729599 24.0881615 -4.58410835
v 5.23439646 24.2298164 -4.65630627
v 5.26430178 24.0881615 -4.58410835
v 5.26430178 24.0881615 -4.58410835
v 5.23439646 24.2298164 -4.65630627
v 5.32740307 24.2298164 -4.7493124
v 5.39960051 24.0881615 -4.71940708
v 5.32740307 24.2298164 -4.88084316
v 5.39960051 24.0881615 -4.910748
v 5.39960051 24.0881615 -4.910748
v 5.32740307 24.2298164 -4.88084316
v 5.23439646 24.2298164 -4.97385025
v 5.26430178 24.0881615 -5.04604816
v 5.10286522 24.2298164 -4.97385025
v 5.0729599 24.0881615 -5.04604816
v 5.00985909 24.2298164 -4.88084412
v 5.10286522 24.2298164 -4.97385025
v 5.23439646 24.2298164 -4.97385025
v 5.32740307 24.2298164 -4.88084316
v 5.00985861 24.2298164 -4.74931288
v 5.32740307 24.2298164 -4.7493124
v 5.10286522 24.2298164 -4.65630627
v 5.23439646 24.2298164 -4.65630627
v 4.5841074 24.0881615 -5.26430273
v 4.65630531 24.2298164 -5.10286617
v 4.58410788 24.0881615 -5.07296085
v 4.65630531 24.2298164 -5.23439741
v 4.71940613 24.0881615 -5.39960194
v 4.74931192 24.2298164 -5.32740402
v 4.58410788 24.0881615 -5.07296085
v 4.65630531 24.2298164 -5.10286617
v 4.74931192 24.2298164 -5.00985956
v 4.7194066 24.0881615 -4.93766212
v 4.88084316 24.2298164 -5.00985956
v 4.910748 24.0881615 -4.93766212
v 4.910748 24.0881615 -4.93766212
v 4.88084316 24.2298164 -5.00985956
v 4.9738493 24.2298164 -5.10286617
v 5.04604721 24.0881615 -5.07296133
v 4.9738493 24.2298164 -5.23439693
v 5.04604721 24.0881615 -5.26430273
v 5.04604721 24.0881615 -5.26430273
v 4.9738493 24.2298164 -5.23439693
v 4.88084269 24.2298164 -5.32740402
v 4.910748 24.0881615 -5.39960194
v 4.74931192 24.2298164 -5.32740402
v 4.71940613 24.0881615 -5.39960194
v 4.65630531 24.2298164 -5.23439741
v 4.74931192 24.2298164 -5.32740402
v 4.88084269 24.2298164 -5.32740402
v 4.9738493 24.2298164 -5.23439693
v 4.65630531 24.2298164 -5.10286617
v 4.9738493 24.2298164 -5.10286617
v 4.74931192 24.2298164 -5.00985956
v 4.88084316 24.2298164 -5.00985956
v 4.39922762 23.2995453 -4.06171608
v 4.06171513 23.2995453 -4.39922905
v 2.0684886 23.2995453 -2.40600157
v 2.40600085 23.2995453 -2.06848884
v 4.39922762 23.7995472 -4.06171608
v 2.40600085 23.7995472 -2.06848884
v 4.39922762 23.7995472 -4.06171608
v 2.40600085 23.7995472 -2.06848884
v 2.0684886 23.7995472 -2.40600157
v 4.06171513 23.7995472 -4.39922905
v 4.06171513 23.2995453 -4.39922905
v 2.0684886 23.2995453 -2.40600157
v 3.70831442 23.2953453 -4.63340187
v 3.57332754 23.2953453 -4.76838875
v 1.67605019 23.2953453 -2.63510036
v 1.78794563 23.2953453 -2.52320623
v 3.70831442 23.7481365 -4.63340187
v 1.78794563 23.7481365 -2.52320623
v 3.70831442 23.7481365 -4.63340187
v 1.78794563 23.7481365 -2.52320623
v 1.67605019 23.7481365 -2.63510036
v 3.57332754 23.7481365 -4.76838875
v 3.57332754 23.2953453 -4.76838875
v 1.67605019 23.2953453 -2.63510036
v 4.61218786 23.2953453 -3.72952962
v 2.50199175 23.2953453 -1.80915999
v 2.63510036 23.2953453 -1.67605174
v 4.76838779 23.2953453 -3.57332945
v 2.63510036 23.7481365 -1.67605174
v 4.76838779 23.7481365 -3.57332945
v 4.61218786 23.7481365 -3.72952962
v 4.76838779 23.7481365 -3.57332945
v 2.63510036 23.7481365 -1.67605174
v 2.50199175 23.7481365 -1.80915999
v 2.50199175 23.2953453 -1.80915999
v 4.61218786 23.2953453 -3.72952962
v 5.09029007 23.11656 -3.76039171
v 4.82046366 23.11656 -4.03021955
v 4.56597996 23.11656 -3.77573514
v 4.83580685 23.11656 -3.50590849
v 5.09029007 23.8732986 -3.76039171
v 4.83580685 23.8732986 -3.50590849
v 4.56597996 23.8732986 -3.77573514
v 4.82046366 23.8732986 -4.03021955
v 5.09029007 23.11656 -3.76039171
v 5.09029007 23.8732986 -3.76039171
v 4.82046366 23.8732986 -4.03021955
v 4.82046366 23.11656 -4.03021955
v 4.82046366 23.11656 -4.03021955
v 4.82046366 23.8732986 -4.03021955
v 4.56597996 23.8732986 -3.77573514
v 4.56597996 23.11656 -3.77573514
v 4.56597996 23.11656 -3.77573514
v 4.56597996 23.8732986 -3.77573514
v 4.83580685 23.8732986 -3.50590849
v 4.83580685 23.11656 -3.50590849
v 4.83580685 23.11656 -3.50590849
v 4.83580685 23.8732986 -3.50590849
v 5.09029007 23.8732986 -3.76039171
v 5.09029007 23.11656 -3.76039171
v 4.03047371 23.11656 -4.8202076
v 3.7601335 23.11656 -5.09054852
v 3.50565052 23.11656 -4.83606577
v 3.77599144 23.11656 -4.56572485
v 4.03047371 23.8732986 -4.8202076
v 3.77599144 23.8732986 -4.56572485
v 3.50565052 23.8732986 -4.83606577
v 3.7601335 23.8732986 -5.09054852
v 4.03047371 23.11656 -4.8202076
v 4.03047371 23.8732986 -4.8202076
v 3.7601335 23.8732986 -5.09054852
v 3.7601335 23.11656 -5.09054852
v 3.7601335 23.11656 -5.09054852
v 3.7601335 23.8732986 -5.09054852
v 3.50565052 23.8732986 -4.83606577
v 3.50565052 23.11656 -4.83606577
v 3.50565052 23.11656 -4.83606577
v 3.50565052 23.8732986 -4.83606577
v 3.77599144 23.8732986 -4.56572485
v 3.77599144 23.11656 -4.56572485
v 3.77599144 23.11656 -4.56572485
v 3.77599144 23.8732986 -4.56572485
v 4.03047371 23.8732986 -4.8202076
v 4.03047371 23.11656 -4.8202076
v 0.612166762 23.4199123 -6.24169064
v 0.612166762 23.4199123 -6.46115828
v 0.680874288 23.5389156 -6.46115828
v 0.680874288 23.5389156 -6.24169016
v 0.818289459 23.5389156 -6.46115875
v 0.818289459 23.5389156 -6.24169016
v 0.886996746 23.4199123 -6.46115828
v 0.886996746 23.4199123 -6.24169016
v 0.886996746 23.4199123 -6.24169016
v 0.886996746 23.4199123 -6.46115828
v 0.818289459 23.3009071 -6.46115875
v 0.818289459 23.3009071 -6.24169016
v 0.680874288 23.3009071 -6.46115828
v 0.680874288 23.3009071 -6.24169016
v 0.612166762 23.4199123 -6.46115828
v 0.612166762 23.4199123 -6.24169064
v 0.818289459 23.3009071 -6.46115875
v 0.886996746 23.4199123 -6.46115828
v 0.818289459 23.5389156 -6.46115875
v 0.680874288 23.3009071 -6.46115828
v 0.680874288 23.5389156 -6.46115828
v 0.612166762 23.4199123 -6.46115828
v -0.611011028 23.4199123 -6.24057722
v -0.680299342 23.5399208 -6.46189928
v -0.611011624 23.4199123 -6.46189928
v -0.680299342 23.5399208 -6.24057674
v -0.818875074 23.5399208 -6.46189928
v -0.818875432 23.5399208 -6.24057674
v -0.888163149 23.4199123 -6.46189928
v -0.888163447 23.4199123 -6.24057722
v -0.888163447 23.4199123 -6.24057722
v -0.818875074 23.299902 -6.46189928
v -0.888163149 23.4199123 -6.46189928
v -0.818875432 23.299902 -6.24057674
v -0.680299342 23.299902 -6.46189928
v -0.680299342 23.299902 -6.24057674
v -0.611011624 23.4199123 -6.46189928
v -0.611011028 23.4199123 -6.24057722
v -0.680299342 23.299902 -6.46189928
v -0.611011624 23.4199123 -6.46189928
v -0.680299342 23.5399208 -6.46189928
v -0.818875074 23.299902 -6.46189928
v -0.818875074 23.5399208 -6.46189928
v -0.888163149 23.4199123 -6.46189928
v 0.705199242 23.4888687 -6.45003271
v 0.67698729 23.4020405 -6.45003271
v 0.67698729 23.4020405 -6.98950529
v 0.705199242 23.4888687 -6.90267706
v 0.79649502 23.4888687 -6.45003271
v 0.67698729 23.4829388 -7.07021332
v 0.796494722 23.4888668 -6.90267754
v 0.824707329 23.4020405 -6.45003271
v 0.705199242 23.5697651 -6.98344707
v 0.676987588 23.8257809 -7.06919193
v 0.824706733 23.4020405 -6.98950529
v 0.750847161 23.3483791 -6.45003271
v 0.705199897 23.855629 -6.98285151
v 0.596089721 23.9066792 -7.06900215
v 0.796494722 23.5697651 -6.98368692
v 0.750847459 23.3483791 -7.04316807
v 0.67698729 23.4020405 -6.45003271
v 0.67698729 23.4020405 -6.98950529
v 0.624301374 23.9365273 -6.98272324
v 0.499996901 23.9066792 -7.06900263
v 0.499996901 23.9365273 -6.98272467
v 0.79649502 23.946909 -6.98433828
v 0.824706733 23.4829388 -7.07055426
v 0.750846863 23.4292774 -7.12406349
v 0.67698729 23.4829388 -7.07021332
v 0.715596914 24.0278072 -6.98444939
v 0.499996901 24.0278072 -6.98445129
v 0.824706733 23.9734745 -7.07164431
v 0.750846863 23.898613 -7.12405252
v 0.676987588 23.8257809 -7.06919193
v 0.743808866 24.0543728 -7.07179546
v 0.499996603 24.0543728 -7.07179546
v 0.669949353 23.9795113 -7.12405157
v 0.596089721 23.9066792 -7.06900215
v 0.499996901 23.9795113 -7.12405252
v 0.499996901 23.9066792 -7.06900263
v -0.702039778 23.4888687 -6.45003223
v -0.673828721 23.4020405 -6.98950529
v -0.673827827 23.4020405 -6.45003271
v -0.702040672 23.4888687 -6.90267754
v -0.793335259 23.4888687 -6.45003176
v -0.673828423 23.4829388 -7.07021236
v -0.793336153 23.4888668 -6.90267754
v -0.821546912 23.4020405 -6.45003176
v -0.702040672 23.5697651 -6.98344707
v -0.673828423 23.8257809 -7.06919193
v -0.821548164 23.4020405 -6.98950529
v -0.747687638 23.3483791 -6.45003271
v -0.702040672 23.855629 -6.98285151
v -0.592930615 23.9066792 -7.0690012
v -0.793335855 23.5697651 -6.98368645
v -0.747687995 23.3483791 -7.04316616
v -0.673827827 23.4020405 -6.45003271
v -0.673828721 23.4020405 -6.98950529
v -0.621142268 23.9365273 -6.98272324
v -0.500003099 23.9066792 -7.06900215
v -0.500003099 23.9365273 -6.98272324
v -0.793336451 23.946909 -6.98433685
v -0.821548164 23.4829388 -7.07055426
v -0.747687995 23.4292774 -7.12406349
v -0.673828423 23.4829388 -7.07021236
v -0.712437749 24.0278072 -6.98444939
v -0.500003099 24.0278072 -6.98445034
v -0.821547806 23.9734745 -7.07164335
v -0.747688293 23.898613 -7.12405252
v -0.673828423 23.8257809 -7.06919193
v -0.7406497 24.0543728 -7.07179451
v -0.500002801 24.0543728 -7.07179546
v -0.666790128 23.9795113 -7.12405014
v -0.592930615 23.9066792 -7.0690012
v -0.500002801 23.9795113 -7.12405157
v -0.500003099 23.9066792 -7.06900215
v 0.400737882 23.1837234 -7.2739706
v -0.400744349 23.1837234 -7.2739706
v -0.400744051 23.1837234 -6.85031128
v 0.400737554 23.1837234 -6.85031128
v 0.499996603 24.0881634 -7.31214142
v 0.499996901 24.0881634 -6.81214094
v -0.500003099 24.0881634 -6.81214094
v -0.500003099 24.0881634 -7.31214094
v 0.400737882 23.1837234 -7.2739706
v -0.500003099 23.364645 -7.31214094
v -0.400744349 23.1837234 -7.2739706
v 0.499996603 23.364645 -7.31214142
v 0.499996603 24.0881634 -7.31214142
v -0.500003099 24.0881634 -7.31214094
v -0.400744349 23.1837234 -7.2739706
v -0.500003099 23.364645 -6.81214094
v -0.400744051 23.1837234 -6.85031128
v -0.500003099 23.364645 -7.31214094
v -0.500003099 24.0881634 -7.31214094
v -0.500003099 24.0881634 -6.81214094
v -0.400744051 23.1837234 -6.85031128
v 0.499997199 23.364645 -6.81214094
v 0.400737554 23.1837234 -6.85031128
v -0.500003099 23.364645 -6.81214094
v -0.500003099 24.0881634 -6.81214094
v 0.499996901 24.0881634 -6.81214094
v 0.400737554 23.1837234 -6.85031128
v 0.499996603 23.364645 -7.31214142
v 0.400737882 23.1837234 -7.2739706
v 0.499997199 23.364645 -6.81214094
v 0.499996901 24.0881634 -6.81214094
v 0.499996603 24.0881634 -7.31214142
v 0.0190270711 24.0881615 -6.9638772
v 0.184231237 24.2298164 -6.90077639
v 0.154326454 24.0881615 -6.82857847
v 0.0912249461 24.2298164 -6.993783
v 0.0190273691 24.0881615 -7.15521908
v 0.0912246332 24.2298164 -7.12531376
v 0.154326454 24.0881615 -6.82857847
v 0.184231237 24.2298164 -6.90077639
v 0.315762609 24.2298164 -6.90077639
v 0.345668286 24.0881615 -6.82857847
v 0.408768862 24.2298164 -6.993783
v 0.480966747 24.0881615 -6.9638772
v 0.480966747 24.0881615 -6.9638772
v 0.408768862 24.2298164 -6.993783
v 0.40876919 24.2298164 -7.12531376
v 0.480967045 24.0881615 -7.15521908
v 0.315762579 24.2298164 -7.21832037
v 0.345668286 24.0881615 -7.29051781
v 0.345668286 24.0881615 -7.29051781
v 0.315762579 24.2298164 -7.21832037
v 0.184230909 24.2298164 -7.21832037
v 0.154325828 24.0881615 -7.29051733
v 0.0912246332 24.2298164 -7.12531376
v 0.0190273691 24.0881615 -7.15521908
v 0.0912246332 24.2298164 -7.12531376
v 0.184230909 24.2298164 -7.21832037
v 0.315762579 24.2298164 -7.21832037
v 0.40876919 24.2298164 -7.12531376
v 0.0912249461 24.2298164 -6.993783
v 0.408768862 24.2298164 -6.993783
v 0.184231237 24.2298164 -6.90077639
v 0.315762609 24.2298164 -6.90077639
v -0.480973244 24.0881615 -6.9638772
v -0.31576845 24.2298164 -6.90077639
v -0.345673859 24.0881615 -6.82857847
v -0.408775359 24.2298164 -6.993783
v -0.480972916 24.0881615 -7.15521955
v -0.408775359 24.2298164 -7.12531376
v -0.345673859 24.0881615 -6.82857847
v -0.31576845 24.2298164 -6.90077639
v -0.184237376 24.2298164 -6.90077639
v -0.154331982 24.0881615 -6.82857895
v -0.0912308022 24.2298164 -6.993783
v -0.0190332308 24.0881615 -6.9638772
v -0.0190332308 24.0881615 -6.9638772
v -0.0912308022 24.2298164 -6.993783
v -0.0912311152 24.2298164 -7.12531424
v -0.0190332383 24.0881615 -7.15521955
v -0.184237704 24.2298164 -7.21832085
v -0.154332921 24.0881615 -7.29051876
v -0.154332921 24.0881615 -7.29051876
v -0.184237704 24.2298164 -7.21832085
v -0.315768778 24.2298164 -7.21832037
v -0.345674157 24.0881615 -7.29051781
v -0.408775359 24.2298164 -7.12531376
v -0.480972916 24.0881615 -7.15521955
v -0.315768778 24.2298164 -7.21832037
v -0.184237704 24.2298164 -7.21832085
v -0.0912311152 24.2298164 -7.12531424
v -0.408775359 24.2298164 -7.12531376
v -0.0912308022 24.2298164 -6.993783
v -0.408775359 24.2298164 -6.993783
v -0.31576845 24.2298164 -6.90077639
v -0.184237376 24.2298164 -6.90077639
v 0.238654792 23.2995453 -5.98279047
v -0.238660559 23.2995453 -5.98279047
v -0.238658905 23.2995453 -3.1639421
v 0.238656148 23.2995453 -3.1639421
v 0.238654792 23.7995472 -5.98279047
v 0.238656148 23.7995472 -3.1639421
v 0.238654792 23.7995472 -5.98279047
v 0.238656148 23.7995472 -3.1639421
v -0.238658905 23.7995472 -3.1639421
v -0.238660559 23.7995472 -5.98279047
v -0.238660559 23.2995453 -5.98279047
v -0.238658905 23.2995453 -3.1639421
v -0.654137552 23.2953453 -5.89848423
v -0.845037699 23.2953453 -5.89848375
v -0.678151786 23.2953453 -3.04844356
v -0.519908607 23.2953453 -3.04844451
v -0.654137552 23.7481365 -5.89848423
v -0.519908607 23.7481365 -3.04844451
v -0.654137552 23.7481365 -5.89848423
v -0.519908607 23.7481365 -3.04844451
v -0.678151786 23.7481365 -3.04844356
v -0.845037699 23.7481365 -5.89848375
v -0.845037699 23.2953453 -5.89848375
v -0.678151786 23.2953453 -3.04844356
v 0.624132097 23.2953453 -5.89848518
v 0.489905149 23.2953453 -3.04844451
v 0.678148627 23.2953453 -3.04844499
v 0.845031738 23.2953453 -5.89848518
v 0.678148627 23.7481365 -3.04844499
v 0.845031738 23.7481365 -5.89848518
v 0.624132097 23.7481365 -5.89848518
v 0.845031738 23.7481365 -5.89848518
v 0.678148627 23.7481365 -3.04844499
v 0.489905149 23.7481365 -3.04844451
v 0.489905149 23.2953453 -3.04844451
v 0.624132097 23.2953453 -5.89848518
v 0.940378368 23.11656 -6.25837755
v 0.558785379 23.11656 -6.25837755
v 0.558785439 23.11656 -5.89848375
v 0.940378249 23.11656 -5.89848375
v 0.940378368 23.8732986 -6.25837755
v 0.940378249 23.8732986 -5.89848375
v 0.558785439 23.8732986 -5.89848375
v 0.558785379 23.8732986 -6.25837755
v 0.940378368 23.11656 -6.25837755
v 0.940378368 23.8732986 -6.25837755
v 0.558785379 23.8732986 -6.25837755
v 0.558785379 23.11656 -6.25837755
v 0.558785379 23.11656 -6.25837755
v 0.558785379 23.8732986 -6.25837755
v 0.558785439 23.8732986 -5.89848375
v 0.558785439 23.11656 -5.89848375
v 0.558785439 23.11656 -5.89848375
v 0.558785439 23.8732986 -5.89848375
v 0.940378249 23.8732986 -5.89848375
v 0.940378249 23.11656 -5.89848375
v 0.940378249 23.11656 -5.89848375
v 0.940378249 23.8732986 -5.89848375
v 0.940378368 23.8732986 -6.25837755
v 0.940378368 23.11656 -6.25837755
v -0.558428049 23.11656 -6.25837612
v -0.94074738 23.11656 -6.25837708
v -0.94074738 23.11656 -5.89848375
v -0.558427691 23.11656 -5.89848375
v -0.558428049 23.8732986 -6.25837612
v -0.558427691 23.8732986 -5.89848375
v -0.94074738 23.8732986 -5.89848375
v -0.94074738 23.8732986 -6.25837708
v -0.558428049 23.11656 -6.25837612
v -0.558428049 23.8732986 -6.25837612
v -0.94074738 23.8732986 -6.25837708
v -0.94074738 23.11656 -6.25837708
v -0.94074738 23.11656 -6.25837708
v -0.94074738 23.8732986 -6.25837708
v -0.94074738 23.8732986 -5.89848375
v -0.94074738 23.11656 -5.89848375
v -0.94074738 23.11656 -5.89848375
v -0.94074738 23.8732986 -5.89848375
v -0.558427691 23.8732986 -5.89848375
v -0.558427691 23.11656 -5.89848375
v -0.558427691 23.11656 -5.89848375
v -0.558427691 23.8732986 -5.89848375
v -0.558428049 23.8732986 -6.25837612
v -0.558428049 23.11656 -6.25837612
v -3.98067594 23.4199123 -4.84640741
v -4.13586283 23.4199123 -5.00159454
v -4.08728027 23.5389156 -5.05017853
v -3.93209219 23.5389156 -4.89499092
v -3.99011302 23.5389156 -5.14734602
v -3.83492494 23.5389156 -4.99215794
v -3.94152975 23.4199123 -5.19592953
v -3.78634143 23.4199123 -5.04074097
v -3.78634143 23.4199123 -5.04074097
v -3.94152975 23.4199123 -5.19592953
v -3.99011302 23.3009071 -5.14734602
v -3.83492494 23.3009071 -4.99215794
v -4.08728027 23.3009071 -5.05017853
v -3.93209219 23.3009071 -4.89499092
v -4.13586283 23.4199123 -5.00159454
v -3.98067594 23.4199123 -4.84640741
v -4.13586283 23.4199123 -5.00159454
v -4.08728027 23.3009071 -5.05017853
v -3.99011302 23.3009071 -5.14734602
v -3.94152975 23.4199123 -5.19592953
v -4.08728027 23.5389156 -5.05017853
v -3.99011302 23.5389156 -5.14734602
v -4.84480619 23.4199123 -3.98070264
v -5.05029917 23.5399208 -4.08820724
v -5.00130463 23.4199123 -4.13720083
v -4.89379978 23.5399208 -3.93170834
v -5.14828682 23.5399208 -3.99021912
v -4.99178791 23.5399208 -3.83372021
v -5.19727993 23.4199123 -3.94122458
v -5.04078197 23.4199123 -3.78472614
v -5.04078197 23.4199123 -3.78472614
v -5.14828682 23.299902 -3.99021912
v -5.19727993 23.4199123 -3.94122458
v -4.99178791 23.299902 -3.83372021
v -5.05029917 23.299902 -4.08820724
v -4.89379978 23.299902 -3.93170834
v -5.00130463 23.4199123 -4.13720083
v -4.84480619 23.4199123 -3.98070264
v -5.19727993 23.4199123 -3.94122458
v -5.14828682 23.299902 -3.99021912
v -5.05029917 23.299902 -4.08820724
v -5.00130463 23.4199123 -4.13720083
v -5.14828682 23.5399208 -3.99021912
v -5.05029917 23.5399208 -4.08820724
v -4.06221294 23.4888687 -5.05951214
v -4.08216095 23.4020405 -5.03956223
v -4.46362591 23.4020405 -5.42102766
v -4.38228083 23.4888687 -5.37958002
v -3.99765658 23.4888687 -5.12406731
v -4.52069521 23.4829388 -5.47809601
v -4.31772518 23.4888668 -5.44413567
v -3.97770834 23.4020405 -5.14401722
v -4.439394 23.5697651 -5.43669319
v -4.51997328 23.8257809 -5.47737455
v -4.3591733 23.4020405 -5.52548218
v -4.02993441 23.3483791 -5.09178972
v -4.43897247 23.855629 -5.43627167
v -4.5770421 23.9066792 -5.42003727
v -4.37500763 23.5697651 -5.50141811
v -4.44934416 23.3483791 -5.51119995
v -4.08216095 23.4020405 -5.03956223
v -4.46362591 23.4020405 -5.42102766
v -4.49608564 23.9365273 -5.37897778
v -4.64499092 23.9066792 -5.35208988
v -4.58398294 23.9365273 -5.29108286
v -4.3754673 23.946909 -5.50187874
v -4.4164834 23.4829388 -5.58279181
v -4.50654697 23.4292774 -5.56840134
v -4.52069521 23.4829388 -5.47809601
v -4.43275023 24.0278072 -5.44475412
v -4.58520365 24.0278072 -5.29230261
v -4.41725302 23.9734745 -5.5835619
v -4.50653934 23.898613 -5.56839418
v -4.51997328 23.8257809 -5.47737455
v -4.47456455 24.0543728 -5.52646637
v -4.64696598 24.0543728 -5.35406494
v -4.56374168 23.9795113 -5.51118946
v -4.5770421 23.9066792 -5.42003727
v -4.68391657 23.9795113 -5.39101553
v -4.64499092 23.9066792 -5.35208988
v -5.05728006 23.4888687 -4.06444263
v -5.41879702 23.4020405 -4.46585512
v -5.03733158 23.4020405 -4.08439159
v -5.3773489 23.4888687 -4.38451052
v -5.12183571 23.4888687 -3.99988699
v -5.47586536 23.4829388 -4.5229249
v -5.44190502 23.4888668 -4.31995487
v -5.14178467 23.4020405 -3.97993827
v -5.43446207 23.5697651 -4.44162321
v -5.47514248 23.8257809 -4.52220249
v -5.5232501 23.4020405 -4.36140203
v -5.08955812 23.3483791 -4.03216457
v -5.43404055 23.855629 -4.44120169
v -5.41780615 23.9066792 -4.57927227
v -5.49918699 23.5697651 -4.37723732
v -5.50896788 23.3483791 -4.45157433
v -5.03733158 23.4020405 -4.08439159
v -5.41879702 23.4020405 -4.46585512
v -5.37674618 23.9365273 -4.49831438
v -5.3520956 23.9066792 -4.64498186
v -5.2910881 23.9365273 -4.58397388
v -5.49964714 23.946909 -4.37769747
v -5.58055973 23.4829388 -4.41871214
v -5.56616974 23.4292774 -4.50877619
v -5.47586536 23.4829388 -4.5229249
v -5.44252253 24.0278072 -4.43497992
v -5.29230928 24.0278072 -4.58519506
v -5.5813303 23.9734745 -4.41948318
v -5.56616211 23.898613 -4.50876808
v -5.47514248 23.8257809 -4.52220249
v -5.52423382 24.0543728 -4.47679424
v -5.35407114 24.0543728 -4.64695692
v -5.50895739 23.9795113 -4.5659709
v -5.41780615 23.9066792 -4.57927227
v -5.39102221 23.9795113 -4.68390799
v -5.3520956 23.9066792 -4.64498186
v -4.86011171 23.1837234 -5.42683744
v -5.42684507 23.1837234 -4.86010361
v -5.12727165 23.1837234 -4.56053066
v -4.56053877 23.1837234 -5.1272645
v -4.81691551 24.0881634 -5.52401495
v -4.46336222 24.0881634 -5.17046118
v -5.17046785 24.0881634 -4.46335363
v -5.52402163 24.0881634 -4.81690693
v -4.86011171 23.1837234 -5.42683744
v -5.52402163 23.364645 -4.81690693
v -5.42684507 23.1837234 -4.86010361
v -4.81691551 23.364645 -5.52401495
v -4.81691551 24.0881634 -5.52401495
v -5.52402163 24.0881634 -4.81690693
v -5.42684507 23.1837234 -4.86010361
v -5.17046785 23.364645 -4.46335363
v -5.12727165 23.1837234 -4.56053066
v -5.52402163 23.364645 -4.81690693
v -5.52402163 24.0881634 -4.81690693
v -5.17046785 24.0881634 -4.46335363
v -5.12727165 23.1837234 -4.56053066
v -4.46336126 23.364645 -5.17046118
v -4.56053877 23.1837234 -5.1272645
v -5.17046785 23.364645 -4.46335363
v -5.17046785 24.0881634 -4.46335363
v -4.46336222 24.0881634 -5.17046118
v -4.56053877 23.1837234 -5.1272645
v -4.81691551 23.364645 -5.52401495
v -4.86011171 23.1837234 -5.42683744
v -4.46336126 23.364645 -5.17046118
v -4.46336222 24.0881634 -5.17046118
v -4.81691551 24.0881634 -5.52401495
v -4.91075277 24.0881615 -4.93765736
v -4.74931622 24.2298164 -5.00985527
v -4.71941042 24.0881615 -4.93765736
v -4.88084745 24.2298164 -5.00985527
v -5.0460515 24.0881615 -5.07295656
v -4.97385359 24.2298164 -5.1028614
v -4.71941042 24.0881615 -4.93765736
v -4.74931622 24.2298164 -5.00985527
v -4.6563096 24.2298164 -5.10286188
v -4.58411217 24.0881615 -5.07295656
v -4.6563096 24.2298164 -5.23439312
v -4.58411217 24.0881615 -5.26429844
v -4.58411217 24.0881615 -5.26429844
v -4.6563096 24.2298164 -5.23439312
v -4.74931622 24.2298164 -5.32739973
v -4.71941137 24.0881615 -5.39959764
v -4.88084698 24.2298164 -5.32739973
v -4.91075325 24.0881615 -5.39959764
v -4.91075325 24.0881615 -5.39959764
v -4.88084698 24.2298164 -5.32739973
v -4.97385359 24.2298164 -5.23439312
v -5.0460515 24.0881615 -5.26429796
v -4.97385359 24.2298164 -5.1028614
v -5.0460515 24.0881615 -5.07295656
v -4.97385359 24.2298164 -5.23439312
v -4.88084698 24.2298164 -5.32739973
v -4.74931622 24.2298164 -5.32739973
v -4.6563096 24.2298164 -5.23439312
v -4.97385359 24.2298164 -5.1028614
v -4.6563096 24.2298164 -5.10286188
v -4.74931622 24.2298164 -5.00985527
v -4.88084745 24.2298164 -5.00985527
v -5.26430511 24.0881615 -4.58410358
v -5.10286903 24.2298164 -4.6563015
v -5.07296371 24.0881615 -4.58410406
v -5.2343998 24.2298164 -4.6563015
v -5.3996048 24.0881615 -4.71940279
v -5.32740688 24.2298164 -4.74930811
v -5.07296371 24.0881615 -4.58410406
v -5.10286903 24.2298164 -4.6563015
v -5.0098629 24.2298164 -4.74930859
v -4.93766546 24.0881615 -4.71940374
v -5.00986338 24.2298164 -4.88083982
v -4.93766546 24.0881615 -4.91074562
v -4.93766546 24.0881615 -4.91074562
v -5.00986338 24.2298164 -4.88083982
v -5.10286999 24.2298164 -4.97384548
v -5.07296467 24.0881615 -5.04604387
v -5.23440075 24.2298164 -4.97384596
v -5.26430607 24.0881615 -5.0460434
v -5.26430607 24.0881615 -5.0460434
v -5.23440075 24.2298164 -4.97384596
v -5.32740688 24.2298164 -4.88083935
v -5.3996048 24.0881615 -4.91074419
v -5.32740688 24.2298164 -4.74930811
v -5.3996048 24.0881615 -4.71940279
v -5.32740688 24.2298164 -4.88083935
v -5.23440075 24.2298164 -4.97384596
v -5.10286999 24.2298164 -4.97384548
v -5.00986338 24.2298164 -4.88083982
v -5.0098629 24.2298164 -4.74930859
v -5.32740688 24.2298164 -4.74930811
v -5.10286903 24.2298164 -4.6563015
v -5.2343998 24.2298164 -4.6563015
v -4.06171894 23.2995453 -4.39922476
v -4.39923191 23.2995453 -4.06171227
v -2.40600324 23.2995453 -2.06848693
v -2.06849051 23.2995453 -2.4059999
v -4.06171894 23.7995472 -4.39922476
v -2.06849051 23.7995472 -2.4059999
v -4.06171894 23.7995472 -4.39922476
v -2.06849051 23.7995472 -2.4059999
v -2.40600324 23.7995472 -2.06848693
v -4.39923191 23.7995472 -4.06171227
v -4.39923191 23.2995453 -4.06171227
v -2.40600324 23.2995453 -2.06848693
v -4.63340473 23.2953453 -3.7083118
v -4.76839161 23.2953453 -3.5733242
v -2.63510132 23.2953453 -1.67604852
v -2.52320743 23.2953453 -1.78794396
v -4.63340473 23.7481365 -3.7083118
v -2.52320743 23.7481365 -1.78794396
v -4.63340473 23.7481365 -3.7083118
v -2.52320743 23.7481365 -1.78794396
v -2.63510132 23.7481365 -1.67604852
v -4.76839161 23.7481365 -3.5733242
v -4.76839161 23.2953453 -3.5733242
v -2.63510132 23.2953453 -1.67604852
v -3.7295332 23.2953453 -4.61218596
v -1.80916166 23.2953453 -2.50199056
v -1.67605376 23.2953453 -2.63509917
v -3.57333255 23.2953453 -4.76838541
v -1.67605376 23.7481365 -2.63509917
v -3.57333255 23.7481365 -4.76838541
v -3.7295332 23.7481365 -4.61218596
v -3.57333255 23.7481365 -4.76838541
v -1.67605376 23.7481365 -2.63509917
v -1.80916166 23.7481365 -2.50199056
v -1.80916166 23.2953453 -2.50199056
v -3.7295332 23.2953453 -4.61218596
v -3.76039577 23.11656 -5.09028816
v -4.03022289 23.11656 -4.82046175
v -3.77573824 23.11656 -4.56597757
v -3.50591159 23.11656 -4.83580446
v -3.76039577 23.8732986 -5.09028816
v -3.50591159 23.8732986 -4.83580446
v -3.77573824 23.8732986 -4.56597757
v -4.03022289 23.8732986 -4.82046175
v -3.76039577 23.11656 -5.09028816
v -3.76039577 23.8732986 -5.09028816
v -4.03022289 23.8732986 -4.82046175
v -4.03022289 23.11656 -4.82046175
v -4.03022289 23.11656 -4.82046175
v -4.03022289 23.8732986 -4.82046175
v -3.77573824 23.8732986 -4.56597757
v -3.77573824 23.11656 -4.56597757
v -3.77573824 23.11656 -4.56597757
v -3.77573824 23.8732986 -4.56597757
v -3.50591159 23.8732986 -4.83580446
v -3.50591159 23.11656 -4.83580446
v -3.50591159 23.11656 -4.83580446
v -3.50591159 23.8732986 -4.83580446
v -3.76039577 23.8732986 -5.09028816
v -3.76039577 23.11656 -5.09028816
v -4.82021046 23.11656 -4.03047085
v -5.0905509 23.11656 -3.76013088
v -4.83606768 23.11656 -3.50564718
v -4.56572723 23.11656 -3.7759881
v -4.82021046 23.8732986 -4.03047085
v -4.56572723 23.8732986 -3.7759881
v -4.83606768 23.8732986 -3.50564718
v -5.0905509 23.8732986 -3.76013088
v -4.82021046 23.11656 -4.03047085
v -4.82021046 23.8732986 -4.03047085
v -5.0905509 23.8732986 -3.76013088
v -5.0905509 23.11656 -3.76013088
v -5.0905509 23.11656 -3.76013088
v -5.0905509 23.8732986 -3.76013088
v -4.83606768 23.8732986 -3.50564718
v -4.83606768 23.11656 -3.50564718
v -4.83606768 23.11656 -3.50564718
v -4.83606768 23.8732986 -3.50564718
v -4.56572723 23.8732986 -3.7759881
v -4.56572723 23.11656 -3.7759881
v -4.56572723 23.11656 -3.7759881
v -4.56572723 23.8732986 -3.7759881
v -4.82021046 23.8732986 -4.03047085
v -4.82021046 23.11656 -4.03047085
v -6.24169064 23.4199123 -0.612163365
v -6.46115828 23.4199123 -0.612163067
v -6.46115875 23.5389156 -0.680870354
v -6.24169064 23.5389156 -0.680870652
v -6.46115971 23.5389156 -0.818285227
v -6.24169064 23.5389156 -0.818285525
v -6.46115875 23.4199123 -0.886992753
v -6.24169064 23.4199123 -0.88699311
v -6.24169064 23.4199123 -0.88699311
v -6.46115875 23.4199123 -0.886992753
v -6.46115971 23.3009071 -0.818285227
v -6.24169064 23.3009071 -0.818285525
v -6.46115875 23.3009071 -0.680870354
v -6.24169064 23.3009071 -0.680870652
v -6.46115828 23.4199123 -0.612163067
v -6.24169064 23.4199123 -0.612163365
v -6.46115828 23.4199123 -0.612163067
v -6.46115875 23.3009071 -0.680870354
v -6.46115971 23.3009071 -0.818285227
v -6.46115875 23.4199123 -0.886992753
v -6.46115875 23.5389156 -0.680870354
v -6.46115971 23.5389156 -0.818285227
v -6.24057674 23.4199123 0.611014724
v -6.46189928 23.5399208 0.680303335
v -6.46189928 23.4199123 0.61101532
v -6.24057674 23.5399208 0.680303037
v -6.46189785 23.5399208 0.81887877
v -6.24057627 23.5399208 0.818879366
v -6.4618988 23.4199123 0.888167083
v -6.24057627 23.4199123 0.888167083
v -6.24057627 23.4199123 0.888167083
v -6.46189785 23.299902 0.81887877
v -6.4618988 23.4199123 0.888167083
v -6.24057627 23.299902 0.818879366
v -6.46189928 23.299902 0.680303335
v -6.24057674 23.299902 0.680303037
v -6.46189928 23.4199123 0.61101532
v -6.24057674 23.4199123 0.611014724
v -6.4618988 23.4199123 0.888167083
v -6.46189785 23.299902 0.81887877
v -6.46189928 23.299902 0.680303335
v -6.46189928 23.4199123 0.61101532
v -6.46189785 23.5399208 0.81887877
v -6.46189928 23.5399208 0.680303335
v -6.45003271 23.4888687 -0.705195606
v -6.45003271 23.4020405 -0.676983654
v -6.98950624 23.4020405 -0.676983297
v -6.90267801 23.4888687 -0.70519501
v -6.45003271 23.4888687 -0.796491086
v -7.07021332 23.4829388 -0.676983297
v -6.90267801 23.4888668 -0.796490788
v -6.45003319 23.4020405 -0.824703336
v -6.98344851 23.5697651 -0.705195308
v -7.06919289 23.8257809 -0.676983654
v -6.98950624 23.4020405 -0.82470274
v -6.45003319 23.3483791 -0.750843465
v -6.98285151 23.855629 -0.705195606
v -7.06900263 23.9066792 -0.596085131
v -6.9836874 23.5697651 -0.796491086
v -7.04316902 23.3483791 -0.750843465
v -6.45003271 23.4020405 -0.676983654
v -6.98950624 23.4020405 -0.676983297
v -6.98272371 23.9365273 -0.624297142
v -7.06900311 23.9066792 -0.499992311
v -6.98272467 23.9365273 -0.499992639
v -6.98433828 23.946909 -0.796491086
v -7.07055521 23.4829388 -0.82470274
v -7.12406397 23.4292774 -0.750842869
v -7.07021332 23.4829388 -0.676983297
v -6.98445034 24.0278072 -0.715592623
v -6.98445129 24.0278072 -0.499992639
v -7.07164431 23.9734745 -0.824702442
v -7.12405396 23.898613 -0.750843167
v -7.06919289 23.8257809 -0.676983654
v -7.07179594 24.0543728 -0.743804932
v -7.07179594 24.0543728 -0.499992311
v -7.12405205 23.9795113 -0.669945359
v -7.06900263 23.9066792 -0.596085131
v -7.12405252 23.9795113 -0.499992311
v -7.06900311 23.9066792 -0.499992311
v -6.45003176 23.4888687 0.702043772
v -6.98950434 23.4020405 0.673833013
v -6.45003223 23.4020405 0.673831761
v -6.90267706 23.4888687 0.702044666
v -6.45003176 23.4888687 0.793339193
v -7.07021236 23.4829388 0.673832357
v -6.90267706 23.4888668 0.793340445
v -6.45003176 23.4020405 0.821550906
v -6.98344707 23.5697651 0.702044964
v -7.0691905 23.8257809 0.673832357
v -6.98950434 23.4020405 0.8215518
v -6.45003223 23.3483791 0.747691631
v -6.98285007 23.855629 0.702044964
v -7.0690012 23.9066792 0.592934906
v -6.98368645 23.5697651 0.793339849
v -7.04316616 23.3483791 0.747691929
v -6.45003223 23.4020405 0.673831761
v -6.98950434 23.4020405 0.673833013
v -6.98272181 23.9365273 0.62114656
v -7.06900215 23.9066792 0.500007629
v -6.98272324 23.9365273 0.500007331
v -6.98433685 23.946909 0.793340147
v -7.07055283 23.4829388 0.821552098
v -7.12406254 23.4292774 0.747692227
v -7.07021236 23.4829388 0.673832357
v -6.98444891 24.0278072 0.712441981
v -6.98445034 24.0278072 0.500007331
v -7.07164288 23.9734745 0.8215518
v -7.12405157 23.898613 0.747692525
v -7.0691905 23.8257809 0.673832357
v -7.07179451 24.0543728 0.740653694
v -7.07179546 24.0543728 0.500007331
v -7.12405014 23.9795113 0.666794121
v -7.0690012 23.9066792 0.592934906
v -7.12405157 23.9795113 0.500007331
v -7.06900215 23.9066792 0.500007629
v -7.27397156 23.1837234 -0.400733292
v -7.2739706 23.1837234 0.400748938
v -6.85031033 23.1837234 0.400748014
v -6.85031128 23.1837234 -0.40073359
v -7.31214142 24.0881634 -0.499992311
v -6.81214142 24.0881634 -0.499992937
v -6.81214046 24.0881634 0.500007033
v -7.31214094 24.0881634 0.500007331
v -7.27397156 23.1837234 -0.400733292
v -7.31214094 23.364645 0.500007331
v -7.2739706 23.1837234 0.400748938
v -7.31214142 23.364645 -0.499992311
v -7.31214142 24.0881634 -0.499992311
v -7.31214094 24.0881634 0.500007331
v -7.2739706 23.1837234 0.400748938
v -6.81214046 23.364645 0.500007033
v -6.85031033 23.1837234 0.400748014
v -7.31214094 23.364645 0.500007331
v -7.31214094 24.0881634 0.500007331
v -6.81214046 24.0881634 0.500007033
v -6.85031033 23.1837234 0.400748014
v -6.81214142 23.364645 -0.499993235
v -6.85031128 23.1837234 -0.40073359
v -6.81214046 23.364645 0.500007033
v -6.81214046 24.0881634 0.500007033
v -6.81214142 24.0881634 -0.499992937
v -6.85031128 23.1837234 -0.40073359
v -7.31214142 23.364645 -0.499992311
v -7.27397156 23.1837234 -0.400733292
v -6.81214142 23.364645 -0.499993235
v -6.81214142 24.0881634 -0.499992937
v -7.31214142 24.0881634 -0.499992311
v -6.9638772 24.0881615 -0.0190228
v -6.90077639 24.2298164 -0.18422696
v -6.82857847 24.0881615 -0.154321879
v -6.993783 24.2298164 -0.0912206694
v -7.15521908 24.0881615 -0.0190230962
v -7.12531376 24.2298164 -0.0912203565
v -6.82857847 24.0881615 -0.154321879
v -6.90077639 24.2298164 -0.18422696
v -6.90077639 24.2298164 -0.315758646
v -6.82857847 24.0881615 -0.345664024
v -6.993783 24.2298164 -0.408764601
v -6.9638772 24.0881615 -0.480962485
v -6.9638772 24.0881615 -0.480962485
v -6.993783 24.2298164 -0.408764601
v -7.12531376 24.2298164 -0.408764899
v -7.15521955 24.0881615 -0.480962485
v -7.21832037 24.2298164 -0.315758318
v -7.29051876 24.0881615 -0.345663726
v -7.29051876 24.0881615 -0.345663726
v -7.21832037 24.2298164 -0.315758318
v -7.21832037 24.2298164 -0.184226945
v -7.29051733 24.0881615 -0.154321551
v -7.12531376 24.2298164 -0.0912203565
v -7.15521908 24.0881615 -0.0190230962
v -7.21832037 24.2298164 -0.315758318
v -7.12531376 24.2298164 -0.408764899
v -6.993783 24.2298164 -0.408764601
v -6.90077639 24.2298164 -0.315758646
v -6.90077639 24.2298164 -0.18422696
v -7.21832037 24.2298164 -0.184226945
v -6.993783 24.2298164 -0.0912206694
v -7.12531376 24.2298164 -0.0912203565
v -6.9638772 24.0881615 0.480977505
v -6.90077639 24.2298164 0.315772414
v -6.82857847 24.0881615 0.345677823
v -6.993783 24.2298164 0.408779621
v -7.15521908 24.0881615 0.480977505
v -7.12531376 24.2298164 0.408779621
v -6.82857847 24.0881615 0.345677823
v -6.90077639 24.2298164 0.315772414
v -6.90077639 24.2298164 0.184241652
v -6.82857895 24.0881615 0.154336259
v -6.993783 24.2298164 0.0912347659
v -6.9638772 24.0881615 0.0190375019
v -6.9638772 24.0881615 0.0190375019
v -6.993783 24.2298164 0.0912347659
v -7.12531424 24.2298164 0.0912353843
v -7.15521955 24.0881615 0.0190375112
v -7.21832037 24.2298164 0.18424198
v -7.29051876 24.0881615 0.154337198
v -7.29051876 24.0881615 0.154337198
v -7.21832037 24.2298164 0.18424198
v -7.21832037 24.2298164 0.31577304
v -7.29051733 24.0881615 0.345678747
v -7.12531376 24.2298164 0.408779621
v -7.15521908 24.0881615 0.480977505
v -7.12531424 24.2298164 0.0912353843
v -6.993783 24.2298164 0.0912347659
v -6.90077639 24.2298164 0.184241652
v -7.21832037 24.2298164 0.18424198
v -6.90077639 24.2298164 0.315772414
v -7.21832037 24.2298164 0.31577304
v -6.993783 24.2298164 0.408779621
v -7.12531376 24.2298164 0.408779621
v -5.98279047 23.2995453 -0.23865144
v -5.98279047 23.2995453 0.238663912
v -3.1639421 23.2995453 0.238660738
v -3.1639421 23.2995453 -0.238654166
v -5.98279047 23.7995472 -0.23865144
v -3.1639421 23.7995472 -0.238654166
v -5.98279047 23.7995472 -0.23865144
v -3.1639421 23.7995472 -0.238654166
v -3.1639421 23.7995472 0.238660738
v -5.98279047 23.7995472 0.238663912
v -5.98279047 23.2995453 0.238663912
v -3.1639421 23.2995453 0.238660738
v -5.89848375 23.2953453 0.65414089
v -5.89848375 23.2953453 0.845041156
v -3.04844356 23.2953453 0.678153753
v -3.04844403 23.2953453 0.519910395
v -5.89848375 23.7481365 0.65414089
v -3.04844403 23.7481365 0.519910395
v -5.89848375 23.7481365 0.65414089
v -3.04844403 23.7481365 0.519910395
v -3.04844356 23.7481365 0.678153753
v -5.89848375 23.7481365 0.845041156
v -5.89848375 23.2953453 0.845041156
v -3.04844356 23.2953453 0.678153753
v -5.89848566 23.2953453 -0.624128461
v -3.04844475 23.2953453 -0.489903331
v -3.04844546 23.2953453 -0.67814666
v -5.89848566 23.2953453 -0.845028222
v -3.04844546 23.7481365 -0.67814666
v -5.89848566 23.7481365 -0.845028222
v -5.89848566 23.7481365 -0.624128461
v -5.89848566 23.7481365 -0.845028222
v -3.04844546 23.7481365 -0.67814666
v -3.04844475 23.7481365 -0.489903331
v -3.04844475 23.2953453 -0.489903331
v -5.89848566 23.2953453 -0.624128461
v -6.25837803 23.11656 -0.940374732
v -6.25837803 23.11656 -0.558781743
v -5.89848375 23.11656 -0.558782041
v -5.89848423 23.11656 -0.940374732
v -6.25837803 23.8732986 -0.940374732
v -5.89848423 23.8732986 -0.940374732
v -5.89848375 23.8732986 -0.558782041
v -6.25837803 23.8732986 -0.558781743
v -6.25837803 23.11656 -0.940374732
v -6.25837803 23.8732986 -0.940374732
v -6.25837803 23.8732986 -0.558781743
v -6.25837803 23.11656 -0.558781743
v -6.25837803 23.11656 -0.558781743
v -6.25837803 23.8732986 -0.558781743
v -5.89848375 23.8732986 -0.558782041
v -5.89848375 23.11656 -0.558782041
v -5.89848375 23.11656 -0.558782041
v -5.89848375 23.8732986 -0.558782041
v -5.89848423 23.8732986 -0.940374732
v -5.89848423 23.11656 -0.940374732
v -5.89848423 23.11656 -0.940374732
v -5.89848423 23.8732986 -0.940374732
v -6.25837803 23.8732986 -0.940374732
v -6.25837803 23.11656 -0.940374732
v -6.25837612 23.11656 0.558431685
v -6.25837612 23.11656 0.940751016
v -5.89848328 23.11656 0.940750837
v -5.89848375 23.11656 0.558431327
v -6.25837612 23.8732986 0.558431685
v -5.89848375 23.8732986 0.558431327
v -5.89848328 23.8732986 0.940750837
v -6.25837612 23.8732986 0.940751016
v -6.25837612 23.11656 0.558431685
v -6.25837612 23.8732986 0.558431685
v -6.25837612 23.8732986 0.940751016
v -6.25837612 23.11656 0.940751016
v -6.25837612 23.11656 0.940751016
v -6.25837612 23.8732986 0.940751016
v -5.89848328 23.8732986 0.940750837
v -5.89848328 23.11656 0.940750837
v -5.89848328 23.11656 0.940750837
v -5.89848328 23.8732986 0.940750837
v -5.89848375 23.8732986 0.558431327
v -5.89848375 23.11656 0.558431327
v -5.89848375 23.11656 0.558431327
v -5.89848375 23.8732986 0.558431327
v -6.25837612 23.8732986 0.558431685
v -6.25837612 23.11656 0.558431685
v -4.84640503 23.4199123 3.98067904
v -5.00159264 23.4199123 4.13586664
v -5.05017567 23.5389156 4.08728313
v -4.89498806 23.5389156 3.93209505
v -5.14734316 23.5389156 3.99011588
v -4.99215603 23.5389156 3.83492851
v -5.19592619 23.4199123 3.94153261
v -5.04073954 23.4199123 3.78634524
v -5.04073954 23.4199123 3.78634524
v -5.19592619 23.4199123 3.94153261
v -5.14734316 23.3009071 3.99011588
v -4.99215603 23.3009071 3.83492851
v -5.05017567 23.3009071 4.08728313
v -4.89498806 23.3009071 3.93209505
v -5.00159264 23.4199123 4.13586664
v -4.84640503 23.4199123 3.98067904
v -5.00159264 23.4199123 4.13586664
v -5.05017567 23.3009071 4.08728313
v -5.14734316 23.3009071 3.99011588
v -5.19592619 23.4199123 3.94153261
v -5.05017567 23.5389156 4.08728313
v -5.14734316 23.5389156 3.99011588
v -3.98069978 23.4199123 4.84480858
v -4.08820438 23.5399208 5.05030155
v -4.13719797 23.4199123 5.00130653
v -3.93170547 23.5399208 4.89380217
v -3.99021602 23.5399208 5.14828825
v -3.83371687 23.5399208 4.99178982
v -3.94122195 23.4199123 5.19728279
v -3.78472304 23.4199123 5.04078436
v -3.78472304 23.4199123 5.04078436
v -3.99021602 23.299902 5.14828825
v -3.94122195 23.4199123 5.19728279
v -3.83371687 23.299902 4.99178982
v -4.08820438 23.299902 5.05030155
v -3.93170547 23.299902 4.89380217
v -4.13719797 23.4199123 5.00130653
v -3.98069978 23.4199123 4.84480858
v -3.94122195 23.4199123 5.19728279
v -3.99021602 23.299902 5.14828825
v -4.08820438 23.299902 5.05030155
v -4.13719797 23.4199123 5.00130653
v -3.99021602 23.5399208 5.14828825
v -4.08820438 23.5399208 5.05030155
v -5.05950928 23.4888687 4.06221581
v -5.03956079 23.4020405 4.08216429
v -5.42102528 23.4020405 4.4636302
v -5.37957668 23.4888687 4.38228369
v -5.1240654 23.4888687 3.99766016
v -5.47809458 23.4829388 4.52069902
v -5.44413328 23.4888668 4.31772804
v -5.14401484 23.4020405 3.9777112
v -5.43669033 23.5697651 4.43939686
v -5.47737217 23.8257809 4.51997662
v -5.52547884 23.4020405 4.35917616
v -5.09178734 23.3483791 4.02993774
v -5.43626928 23.855629 4.43897533
v -5.42003393 23.9066792 4.57704496
v -5.50141573 23.5697651 4.37501097
v -5.51119757 23.3483791 4.4493475
v -5.03956079 23.4020405 4.08216429
v -5.42102528 23.4020405 4.4636302
v -5.37897491 23.9365273 4.4960885
v -5.3520875 23.9066792 4.64499426
v -5.29107952 23.9365273 4.58398628
v -5.50187588 23.946909 4.37547064
v -5.58278847 23.4829388 4.41648626
v -5.56839895 23.4292774 4.50654984
v -5.47809458 23.4829388 4.52069902
v -5.44475126 24.0278072 4.43275356
v -5.29229975 24.0278072 4.58520651
v -5.58355951 23.9734745 4.41725683
v -5.56839085 23.898613 4.50654268
v -5.47737217 23.8257809 4.51997662
v -5.52646351 24.0543728 4.47456789
v -5.35406256 24.0543728 4.64696932
v -5.51118708 23.9795113 4.56374502
v -5.42003393 23.9066792 4.57704496
v -5.39101267 23.9795113 4.68391943
v -5.3520875 23.9066792 4.64499426
v -4.06443977 23.4888687 5.05728245
v -4.46585274 23.4020405 5.4187994
v -4.08438873 23.4020405 5.03733397
v -4.38450718 23.4888687 5.37735176
v -3.99988389 23.4888687 5.12183762
v -4.52292156 23.4829388 5.47586775
v -4.31995153 23.4888668 5.44190741
v -3.97993493 23.4020405 5.14178562
v -4.44161987 23.5697651 5.43446445
v -4.52219963 23.8257809 5.47514582
v -4.36139965 23.4020405 5.52325249
v -4.03216171 23.3483791 5.08956051
v -4.44119883 23.855629 5.43404293
v -4.57926893 23.9066792 5.41780806
v -4.37723398 23.5697651 5.49918938
v -4.45157051 23.3483791 5.50896978
v -4.08438873 23.4020405 5.03733397
v -4.46585274 23.4020405 5.4187994
v -4.49831152 23.9365273 5.37674856
v -4.644979 23.9066792 5.35209942
v -4.58397102 23.9365273 5.29109097
v -4.37769365 23.946909 5.49964952
v -4.41870928 23.4829388 5.58056259
v -4.50877333 23.4292774 5.56617308
v -4.52292156 23.4829388 5.47586775
v -4.43497658 24.0278072 5.44252491
v -4.58519173 24.0278072 5.29231167
v -4.41947985 23.9734745 5.58133268
v -4.50876522 23.898613 5.56616497
v -4.52219963 23.8257809 5.47514582
v -4.4767909 24.0543728 5.5242362
v -4.64695406 24.0543728 5.354074
v -4.56596804 23.9795113 5.50896025
v -4.57926893 23.9066792 5.41780806
v -4.68390465 23.9795113 5.39102459
v -4.644979 23.9066792 5.35209942
v -5.42683458 23.1837234 4.86011505
v -4.86010027 23.1837234 5.42684793
v -4.5605278 23.1837234 5.12727451
v -5.12726164 23.1837234 4.56054115
v -5.52401161 24.0881634 4.81691885
v -5.17045879 24.0881634 4.46336508
v -4.4633503 24.0881634 5.17047024
v -4.81690359 24.0881634 5.52402449
v -5.42683458 23.1837234 4.86011505
v -4.81690359 23.364645 5.52402449
v -4.86010027 23.1837234 5.42684793
v -5.52401161 23.364645 4.81691885
v -5.52401161 24.0881634 4.81691885
v -4.81690359 24.0881634 5.52402449
v -4.86010027 23.1837234 5.42684793
v -4.4633503 23.364645 5.17047024
v -4.5605278 23.1837234 5.12727451
v -4.81690359 23.364645 5.52402449
v -4.81690359 24.0881634 5.52402449
v -4.4633503 24.0881634 5.17047024
v -4.5605278 23.1837234 5.12727451
v -5.17045879 23.364645 4.4633646
v -5.12726164 23.1837234 4.56054115
v -4.4633503 23.364645 5.17047024
v -4.4633503 24.0881634 5.17047024
v -5.17045879 24.0881634 4.46336508
v -5.12726164 23.1837234 4.56054115
v -5.52401161 23.364645 4.81691885
v -5.42683458 23.1837234 4.86011505
v -5.17045879 23.364645 4.4633646
v -5.17045879 24.0881634 4.46336508
v -5.52401161 24.0881634 4.81691885
v -4.9376545 24.0881615 4.91075563
v -5.00985241 24.2298164 4.74931908
v -4.9376545 24.0881615 4.71941328
v -5.00985241 24.2298164 4.88085032
v -5.07295322 24.0881615 5.04605436
v -5.10285854 24.2298164 4.97385693
v -4.9376545 24.0881615 4.71941328
v -5.00985241 24.2298164 4.74931908
v -5.10285902 24.2298164 4.65631199
v -5.07295418 24.0881615 4.58411503
v -5.23439026 24.2298164 4.65631247
v -5.26429605 24.0881615 4.58411503
v -5.26429605 24.0881615 4.58411503
v -5.23439026 24.2298164 4.65631247
v -5.32739687 24.2298164 4.74931955
v -5.39959478 24.0881615 4.71941376
v -5.32739687 24.2298164 4.88085079
v -5.39959478 24.0881615 4.91075563
v -5.39959478 24.0881615 4.91075563
v -5.32739687 24.2298164 4.88085079
v -5.23439026 24.2298164 4.97385693
v -5.2642951 24.0881615 5.04605436
v -5.10285854 24.2298164 4.97385693
v -5.07295322 24.0881615 5.04605436
v -5.23439026 24.2298164 4.65631247
v -5.10285902 24.2298164 4.65631199
v -5.00985241 24.2298164 4.74931908
v -5.32739687 24.2298164 4.74931955
v -5.00985241 24.2298164 4.88085032
v -5.32739687 24.2298164 4.88085079
v -5.10285854 24.2298164 4.97385693
v -5.23439026 24.2298164 4.97385693
v -4.58410072 24.0881615 5.26430845
v -4.65629864 24.2298164 5.10287237
v -4.58410072 24.0881615 5.07296658
v -4.65629864 24.2298164 5.23440313
v -4.71939945 24.0881615 5.39960766
v -4.74930525 24.2298164 5.32741022
v -4.58410072 24.0881615 5.07296658
v -4.65629864 24.2298164 5.10287237
v -4.74930573 24.2298164 5.00986576
v -4.71940041 24.0881615 4.93766785
v -4.88083696 24.2298164 5.00986576
v -4.91074181 24.0881615 4.93766832
v -4.91074181 24.0881615 4.93766832
v -4.88083696 24.2298164 5.00986576
v -4.97384262 24.2298164 5.10287285
v -5.04604101 24.0881615 5.07296753
v -4.9738431 24.2298164 5.23440361
v -5.04604006 24.0881615 5.26430893
v -5.04604006 24.0881615 5.26430893
v -4.9738431 24.2298164 5.23440361
v -4.88083649 24.2298164 5.32741022
v -4.91074133 24.0881615 5.39960766
v -4.74930525 24.2298164 5.32741022
v -4.71939945 24.0881615 5.39960766
v -4.97384262 24.2298164 5.10287285
v -4.88083696 24.2298164 5.00986576
v -4.74930573 24.2298164 5.00986576
v -4.65629864 24.2298164 5.10287237
v -4.65629864 24.2298164 5.23440313
v -4.9738431 24.2298164 5.23440361
v -4.74930525 24.2298164 5.32741022
v -4.88083649 24.2298164 5.32741022
v -4.39922285 23.2995453 4.06172132
v -4.0617094 23.2995453 4.39923429
v -2.06848574 23.2995453 2.40600419
v -2.40599871 23.2995453 2.06849217
v -4.39922285 23.7995472 4.06172132
v -2.40599871 23.7995472 2.06849217
v -4.39922285 23.7995472 4.06172132
v -2.40599871 23.7995472 2.06849217
v -2.06848574 23.7995472 2.40600419
v -4.0617094 23.7995472 4.39923429
v -4.0617094 23.2995453 4.39923429
v -2.06848574 23.2995453 2.40600419
v -3.7083087 23.2953453 4.63340712
v -3.57332206 23.2953453 4.76839352
v -1.67604733 23.2953453 2.63510251
v -1.78794229 23.2953453 2.52320838
v -3.7083087 23.7481365 4.63340712
v -1.78794229 23.7481365 2.52320838
v -3.7083087 23.7481365 4.63340712
v -1.78794229 23.7481365 2.52320838
v -1.67604733 23.7481365 2.63510251
v -3.57332206 23.7481365 4.76839352
v -3.57332206 23.2953453 4.76839352
v -1.67604733 23.2953453 2.63510251
v -4.61218357 23.2953453 3.72953534
v -2.5019896 23.2953453 1.80916297
v -2.63509822 23.2953453 1.67605531
v -4.76838303 23.2953453 3.57333589
v -2.63509822 23.7481365 1.67605531
v -4.76838303 23.7481365 3.57333589
v -4.61218357 23.7481365 3.72953534
v -4.76838303 23.7481365 3.57333589
v -2.63509822 23.7481365 1.67605531
v -2.5019896 23.7481365 1.80916297
v -2.5019896 23.2953453 1.80916297
v -4.61218357 23.2953453 3.72953534
v -5.0902853 23.11656 3.76039815
v -4.82045841 23.11656 4.03022528
v -4.56597567 23.11656 3.7757411
v -4.83580208 23.11656 3.50591445
v -5.0902853 23.8732986 3.76039815
v -4.83580208 23.8732986 3.50591445
v -4.56597567 23.8732986 3.7757411
v -4.82045841 23.8732986 4.03022528
v -5.0902853 23.11656 3.76039815
v -5.0902853 23.8732986 3.76039815
v -4.82045841 23.8732986 4.03022528
v -4.82045841 23.11656 4.03022528
v -4.82045841 23.11656 4.03022528
v -4.82045841 23.8732986 4.03022528
v -4.56597567 23.8732986 3.7757411
v -4.56597567 23.11656 3.7757411
v -4.56597567 23.11656 3.7757411
v -4.56597567 23.8732986 3.7757411
v -4.83580208 23.8732986 3.50591445
v -4.83580208 23.11656 3.50591445
v -4.83580208 23.11656 3.50591445
v -4.83580208 23.8732986 3.50591445
v -5.0902853 23.8732986 3.76039815
v -5.0902853 23.11656 3.76039815
v -4.03046846 23.11656 4.82021284
v -3.76012707 23.11656 5.09055233
v -3.50564408 23.11656 4.83607006
v -3.775985 23.11656 4.56572914
v -4.03046846 23.8732986 4.82021284
v -3.775985 23.8732986 4.56572914
v -3.50564408 23.8732986 4.83607006
v -3.76012707 23.8732986 5.09055233
v -4.03046846 23.11656 4.82021284
v -4.03046846 23.8732986 4.82021284
v -3.76012707 23.8732986 5.09055233
v -3.76012707 23.11656 5.09055233
v -3.76012707 23.11656 5.09055233
v -3.76012707 23.8732986 5.09055233
v -3.50564408 23.8732986 4.83607006
v -3.50564408 23.11656 4.83607006
v -3.50564408 23.11656 4.83607006
v -3.50564408 23.8732986 4.83607006
v -3.775985 23.8732986 4.56572914
v -3.775985 23.11656 4.56572914
v -3.775985 23.11656 4.56572914
v -3.775985 23.8732986 4.56572914
v -4.03046846 23.8732986 4.82021284
v -4.03046846 23.11656 4.82021284
v -1.22906923 23.1764908 -6.17894745
v 1.22906923 23.1764908 -6.17894697
v 1.22906923 23.8264904 -6.17894697
v -1.22906923 23.8264904 -6.17894745
v -2.41033602 23.8327808 -5.81906414
v -2.41033602 23.1702023 -5.81906414
v -3.50009322 23.1764908 -5.23825836
v -3.50009322 23.8264904 -5.23825836
v -1.22906923 23.8264904 -6.17894745
v 1.22906923 23.8264904 -6.17894697
v 1.1900512 23.8264904 -5.98278999
v -1.19005096 23.8264904 -5.98279047
v -2.33381748 23.8327808 -5.63433266
v -2.41033602 23.8327808 -5.81906414
v -3.50009322 23.8264904 -5.23825836
v -3.3889792 23.8264904 -5.07196379
v -1.19005096 23.8264904 -5.98279047
v 1.1900512 23.8264904 -5.98278999
v 1.1900512 23.1764908 -5.98278999
v -1.19005096 23.1764908 -5.98279047
v -2.33381748 23.1702023 -5.63433266
v -2.33381748 23.8327808 -5.63433266
v -3.3889792 23.8264904 -5.07196379
v -3.3889792 23.1764908 -5.07196379
v -1.19005096 23.1764908 -5.98279047
v 1.1900512 23.1764908 -5.98278999
v 1.22906923 23.1764908 -6.17894697
v -1.22906923 23.1764908 -6.17894745
v -2.41033602 23.1702023 -5.81906414
v -2.33381748 23.1702023 -5.63433266
v -3.3889792 23.1764908 -5.07196379
v -3.50009322 23.1764908 -5.23825836
v 1.22906923 23.1764908 -6.17894697
v 2.41033602 23.8327808 -5.81906557
v 1.22906923 23.8264904 -6.17894697
v 2.41033602 23.1702023 -5.81906557
v 3.50009274 23.1764908 -5.23825836
v 3.50009274 23.8264904 -5.23825836
v 5.23825932 23.8264904 -3.50009251
v 5.23825932 23.1764908 -3.50009251
v 1.22906923 23.8264904 -6.17894697
v 2.33381772 23.8327808 -5.63433266
v 1.1900512 23.8264904 -5.98278999
v 2.41033602 23.8327808 -5.81906557
v 3.50009274 23.8264904 -5.23825836
v 3.38897872 23.8264904 -5.07196474
v 5.07196474 23.8264904 -3.38897824
v 5.23825932 23.8264904 -3.50009251
v 1.1900512 23.8264904 -5.98278999
v 2.33381772 23.1702023 -5.63433266
v 1.1900512 23.1764908 -5.98278999
v 2.33381772 23.8327808 -5.63433266
v 3.38897872 23.8264904 -5.07196474
v 3.38897872 23.1764908 -5.07196474
v 5.07196474 23.1764908 -3.38897824
v 5.07196474 23.8264904 -3.38897824
v 1.1900512 23.1764908 -5.98278999
v 2.41033602 23.1702023 -5.81906557
v 1.22906923 23.1764908 -6.17894697
v 2.33381772 23.1702023 -5.63433266
v 3.38897872 23.1764908 -5.07196474
v 3.50009274 23.1764908 -5.23825836
v 5.23825932 23.1764908 -3.50009251
v 5.07196474 23.1764908 -3.38897824
v 5.23825932 23.1764908 -3.50009251
v 5.81906462 23.8327808 -2.41033506
v 5.23825932 23.8264904 -3.50009251
v 5.81906462 23.1702023 -2.41033506
v 6.17894745 23.1764908 -1.22906852
v 6.17894745 23.8264904 -1.22906852
v 6.17894697 23.8264904 1.22906959
v 6.17894697 23.1764908 1.22906959
v 5.23825932 23.8264904 -3.50009251
v 5.63433313 23.8327808 -2.33381653
v 5.07196474 23.8264904 -3.38897824
v 5.81906462 23.8327808 -2.41033506
v 6.17894745 23.8264904 -1.22906852
v 5.98279047 23.8264904 -1.19005036
v 5.98278999 23.8264904 1.19005156
v 6.17894697 23.8264904 1.22906959
v 5.07196474 23.8264904 -3.38897824
v 5.63433313 23.1702023 -2.33381653
v 5.07196474 23.1764908 -3.38897824
v 5.63433313 23.8327808 -2.33381653
v 5.98279047 23.8264904 -1.19005036
v 5.98279047 23.1764908 -1.19005036
v 5.98278999 23.1764908 1.19005156
v 5.98278999 23.8264904 1.19005156
v 5.07196474 23.1764908 -3.38897824
v 5.81906462 23.1702023 -2.41033506
v 5.23825932 23.1764908 -3.50009251
v 5.63433313 23.1702023 -2.33381653
v 5.98279047 23.1764908 -1.19005036
v 6.17894745 23.1764908 -1.22906852
v 6.17894697 23.1764908 1.22906959
v 5.98278999 23.1764908 1.19005156
v 6.17894697 23.1764908 1.22906959
v 5.81906462 23.8327808 2.41033602
v 6.17894697 23.8264904 1.22906959
v 5.81906462 23.1702023 2.41033602
v 5.23825788 23.1764908 3.50009274
v 5.23825788 23.8264904 3.50009274
v 3.50009179 23.8264904 5.23825932
v 3.50009179 23.1764908 5.23825932
v 6.17894697 23.8264904 1.22906959
v 5.63433266 23.8327808 2.33381796
v 5.98278999 23.8264904 1.19005156
v 5.81906462 23.8327808 2.41033602
v 5.23825788 23.8264904 3.50009274
v 5.07196426 23.8264904 3.3889792
v 3.38897753 23.8264904 5.07196474
v 3.50009179 23.8264904 5.23825932
v 5.98278999 23.8264904 1.19005156
v 5.63433266 23.1702023 2.33381796
v 5.98278999 23.1764908 1.19005156
v 5.63433266 23.8327808 2.33381796
v 5.07196426 23.8264904 3.3889792
v 5.07196426 23.1764908 3.3889792
v 3.38897753 23.1764908 5.07196474
v 3.38897753 23.8264904 5.07196474
v 5.98278999 23.1764908 1.19005156
v 5.81906462 23.1702023 2.41033602
v 6.17894697 23.1764908 1.22906959
v 5.63433266 23.1702023 2.33381796
v 5.07196426 23.1764908 3.3889792
v 5.23825788 23.1764908 3.50009274
v 3.50009179 23.1764908 5.23825932
v 3.38897753 23.1764908 5.07196474
v 3.50009179 23.1764908 5.23825932
v 2.41033483 23.8327808 5.81906605
v 3.50009179 23.8264904 5.23825932
v 2.41033483 23.1702023 5.81906605
v 1.22906792 23.1764908 6.17894745
v 1.22906792 23.8264904 6.17894745
v -1.22907043 23.8264904 6.17894697
v -1.22907043 23.1764908 6.17894697
v 3.50009179 23.8264904 5.23825932
v 2.33381581 23.8327808 5.63433266
v 3.38897753 23.8264904 5.07196474
v 2.41033483 23.8327808 5.81906605
v 1.22906792 23.8264904 6.17894745
v 1.19004977 23.8264904 5.98279047
v -1.19005251 23.8264904 5.98278999
v -1.22907043 23.8264904 6.17894697
v 3.38897753 23.8264904 5.07196474
v 2.33381581 23.1702023 5.63433266
v 3.38897753 23.1764908 5.07196474
v 2.33381581 23.8327808 5.63433266
v 1.19004977 23.8264904 5.98279047
v 1.19004977 23.1764908 5.98279047
v -1.19005251 23.1764908 5.98278999
v -1.19005251 23.8264904 5.98278999
v 3.38897753 23.1764908 5.07196474
v 2.41033483 23.1702023 5.81906605
v 3.50009179 23.1764908 5.23825932
v 2.33381581 23.1702023 5.63433266
v 1.19004977 23.1764908 5.98279047
v 1.22906792 23.1764908 6.17894745
v -1.22907043 23.1764908 6.17894697
v -1.19005251 23.1764908 5.98278999
v -1.22907043 23.1764908 6.17894697
v -2.41033697 23.8327808 5.81906462
v -1.22907043 23.8264904 6.17894697
v -2.41033697 23.1702023 5.81906462
v -3.5000937 23.1764908 5.23825741
v -3.5000937 23.8264904 5.23825741
v -5.23825979 23.8264904 3.50009179
v -5.23825979 23.1764908 3.50009179
v -1.22907043 23.8264904 6.17894697
v -2.3338182 23.8327808 5.63433218
v -1.19005251 23.8264904 5.98278999
v -2.41033697 23.8327808 5.81906462
v -3.5000937 23.8264904 5.23825741
v -3.38897967 23.8264904 5.07196379
v -5.07196569 23.8264904 3.38897753
v -5.23825979 23.8264904 3.50009179
v -1.19005251 23.8264904 5.98278999
v -2.3338182 23.1702023 5.63433218
v -1.19005251 23.1764908 5.98278999
v -2.3338182 23.8327808 5.63433218
v -3.38897967 23.8264904 5.07196379
v -3.38897967 23.1764908 5.07196379
v -5.07196569 23.1764908 3.38897753
v -5.07196569 23.8264904 3.38897753
v -1.19005251 23.1764908 5.98278999
v -2.41033697 23.1702023 5.81906462
v -1.22907043 23.1764908 6.17894697
v -2.3338182 23.1702023 5.63433218
v -3.38897967 23.1764908 5.07196379
v -3.5000937 23.1764908 5.23825741
v -5.23825979 23.1764908 3.50009179
v -5.07196569 23.1764908 3.38897753
v -5.23825979 23.1764908 3.50009179
v -5.81906605 23.8327808 2.41033483
v -5.23825979 23.8264904 3.50009179
v -5.81906462 23.1702023 2.41033506
v -6.17894745 23.1764908 1.2290684
v -6.17894745 23.8264904 1.2290684
v -6.17894697 23.8264904 -1.22906923
v -6.17894697 23.1764908 -1.22906923
v -5.23825979 23.8264904 3.50009179
v -5.63433409 23.8327808 2.33381653
v -5.07196569 23.8264904 3.38897753
v -5.81906605 23.8327808 2.41033483
v -6.17894745 23.8264904 1.2290684
v -5.98279047 23.8264904 1.19005024
v -5.98278999 23.8264904 -1.1900512
v -6.17894697 23.8264904 -1.22906923
v -5.07196569 23.8264904 3.38897753
v -5.63433409 23.1702023 2.33381653
v -5.07196569 23.1764908 3.38897753
v -5.63433409 23.8327808 2.33381653
v -5.98279047 23.8264904 1.19005024
v -5.98279047 23.1764908 1.19005024
v -5.98278999 23.1764908 -1.1900512
v -5.98278999 23.8264904 -1.1900512
v -5.07196569 23.1764908 3.38897753
v -5.81906462 23.1702023 2.41033506
v -5.23825979 23.1764908 3.50009179
v -5.63433409 23.1702023 2.33381653
v -5.98279047 23.1764908 1.19005024
v -6.17894745 23.1764908 1.2290684
v -6.17894697 23.1764908 -1.22906923
v -5.98278999 23.1764908 -1.1900512
v -6.17894697 23.1764908 -1.22906923
v -5.81906462 23.8327808 -2.4103353
v -6.17894697 23.8264904 -1.22906923
v -5.81906557 23.1702023 -2.41033602
v -5.23825788 23.1764908 -3.50009251
v -5.23825788 23.8264904 -3.50009251
v -3.50009322 23.8264904 -5.23825836
v -3.50009322 23.1764908 -5.23825836
v -6.17894697 23.8264904 -1.22906923
v -5.63433218 23.8327808 -2.33381677
v -5.98278999 23.8264904 -1.1900512
v -5.81906462 23.8327808 -2.4103353
v -5.23825788 23.8264904 -3.50009251
v -5.07196474 23.8264904 -3.388978
v -3.3889792 23.8264904 -5.07196379
v -3.50009322 23.8264904 -5.23825836
v -5.98278999 23.8264904 -1.1900512
v -5.63433218 23.1702023 -2.33381677
v -5.98278999 23.1764908 -1.1900512
v -5.63433218 23.8327808 -2.33381677
v -5.07196474 23.8264904 -3.388978
v -5.07196474 23.1764908 -3.388978
v -3.3889792 23.1764908 -5.07196379
v -3.3889792 23.8264904 -5.07196379
v -5.98278999 23.1764908 -1.1900512
v -5.81906557 23.1702023 -2.41033602
v -6.17894697 23.1764908 -1.22906923
v -5.63433218 23.1702023 -2.33381677
v -5.07196474 23.1764908 -3.388978
v -5.23825788 23.1764908 -3.50009251
v -3.50009322 23.1764908 -5.23825836
v -3.3889792 23.1764908 -5.07196379
v 5.4000001 23.3708801 1.43105369E-15
v -0 23.3708801 -4.07688674E-07
v 6.43943494E-08 23.3708801 5.4000001
v 4.98895025 23.3708801 2.06648803
v 3.81837797 23.3708801 3.81837511
v 2.06649137 23.3708801 4.98894882
v 5.4000001 23.3708801 1.43105369E-15
v 5.4000001 23.6708813 1.4494234E-15
v 4.9889493 23.6708813 -2.06649065
v 4.9889493 23.3708801 -2.06649065
v 3.8183763 23.6708813 -3.8183763
v 3.8183763 23.3708801 -3.8183763
v 2.06649041 23.6708813 -4.9889493
v 2.06649041 23.3708801 -4.9889493
v -2.36041501E-07 23.6708813 -5.4000001
v -2.36041501E-07 23.3708801 -5.4000001
v -2.36041501E-07 23.3708801 -5.4000001
v -2.36041501E-07 23.6708813 -5.4000001
v -2.06649089 23.6708813 -4.9889493
v -2.06649089 23.3708801 -4.9889493
v -3.8183763 23.6708813 -3.8183763
v -3.8183763 23.3708801 -3.8183763
v -4.9889493 23.6708813 -2.06649065
v -4.9889493 23.3708801 -2.06649065
v -5.4000001 23.6708813 -8.15377348E-07
v -5.4000001 23.3708801 -8.15377348E-07
v -5.4000001 23.3708801 -8.15377348E-07
v -5.4000001 23.6708813 -8.15377348E-07
v -4.98894978 23.6708813 2.06648946
v -4.98894978 23.3708801 2.06648946
v -3.81837797 23.6708813 3.81837535
v -3.81837797 23.3708801 3.81837535
v -2.06649113 23.6708813 4.9889493
v -2.06649113 23.3708801 4.9889493
v 6.43943494E-08 23.6708813 5.4000001
v 6.43943494E-08 23.3708801 5.4000001
v 6.43943494E-08 23.3708801 5.4000001
v 6.43943494E-08 23.6708813 5.4000001
v 2.06649137 23.6708813 4.98894882
v 2.06649137 23.3708801 4.98894882
v 3.81837797 23.6708813 3.81837511
v 3.81837797 23.3708801 3.81837511
v 4.98895025 23.6708813 2.06648803
v 4.98895025 23.3708801 2.06648803
v 5.4000001 23.6708813 1.4494234E-15
v 5.4000001 23.3708801 1.43105369E-15
v -4.98894978 23.6708813 2.06648946
v -5.4000001 23.6708813 -8.15377348E-07
v -0 23.6708813 -4.07688674E-07
v 6.43943494E-08 23.6708813 5.4000001
v -3.81837797 23.6708813 3.81837535
v -2.06649113 23.6708813 4.9889493
v -2.06649089 23.6708813 -4.9889493
v -2.36041501E-07 23.6708813 -5.4000001
v -0 23.6708813 -4.07688674E-07
v -3.8183763 23.6708813 -3.8183763
v -4.9889493 23.6708813 -2.06649065
v -5.4000001 23.6708813 -8.15377348E-07
v 6.43943494E-08 23.6708813 5.4000001
v -0 23.6708813 -4.07688674E-07
v 5.4000001 23.6708813 1.4494234E-15
v 4.98895025 23.6708813 2.06648803
v 3.81837797 23.6708813 3.81837511
v 2.06649137 23.6708813 4.98894882
v -0 23.6708813 -4.07688674E-07
v -2.36041501E-07 23.6708813 -5.4000001
v 2.06649041 23.6708813 -4.9889493
v 3.8183763 23.6708813 -3.8183763
v 4.9889493 23.6708813 -2.06649065
v 5.4000001 23.6708813 1.4494234E-15
v 2.06649041 23.3708801 -4.9889493
v -2.36041501E-07 23.3708801 -5.4000001
v -0 23.3708801 -4.07688674E-07
v 3.8183763 23.3708801 -3.8183763
v 4.9889493 23.3708801 -2.06649065
v 5.4000001 23.3708801 1.43105369E-15
v -0 23.3708801 -4.07688674E-07
v -5.4000001 23.3708801 -8.15377348E-07
v -4.98894978 23.3708801 2.06648946
v 6.43943494E-08 23.3708801 5.4000001
v -3.81837797 23.3708801 3.81837535
v -2.06649113 23.3708801 4.9889493
v -0 23.3708801 -4.07688674E-07
v -2.36041501E-07 23.3708801 -5.4000001
v -2.06649089 23.3708801 -4.9889493
v -3.8183763 23.3708801 -3.8183763
v -4.9889493 23.3708801 -2.06649065
v -5.4000001 23.3708801 -8.15377348E-07
v 3.38766479 23.8273602 -7.40188444E-09
v 3.03612852 23.8273602 -2.46836933E-08
v 2.80501652 23.8273602 -1.16187596
v 3.12979388 23.8273602 -1.29640317
v 3.67697954 23.5966587 8.87061269E-09
v 3.39708638 23.5966587 -1.40711927
v 3.12979388 23.8273602 -1.29640317
v 2.80501652 23.8273602 -1.16187596
v 2.1468668 23.8273602 -2.1468668
v 2.39544058 23.8273602 -2.39544058
v 3.39708638 23.5966587 -1.40711927
v 2.60001731 23.5966587 -2.60001731
v 2.39544058 23.8273602 -2.39544058
v 2.1468668 23.8273602 -2.1468668
v 1.16187608 23.8273602 -2.80501652
v 1.29640317 23.8273602 -3.12979388
v 2.60001731 23.5966587 -2.60001731
v 1.40711927 23.5966587 -3.39708638
v 1.29640317 23.8273602 -3.12979388
v 1.16187608 23.8273602 -2.80501652
v -1.37719255E-07 23.8273602 -3.03612852
v -1.63142303E-07 23.8273602 -3.38766479
v 1.40711927 23.5966587 -3.39708638
v -1.78852417E-07 23.5966587 -3.67697954
v -1.63142303E-07 23.8273602 -3.38766479
v -1.37719255E-07 23.8273602 -3.03612852
v -1.16187608 23.8273602 -2.80501652
v -1.29640329 23.8273602 -3.12979388
v -1.78852417E-07 23.5966587 -3.67697954
v -1.40711939 23.5966587 -3.39708638
v -1.29640329 23.8273602 -3.12979388
v -1.16187608 23.8273602 -2.80501652
v -2.1468668 23.8273602 -2.1468668
v -2.39544058 23.8273602 -2.39544058
v -1.40711939 23.5966587 -3.39708638
v -2.60001731 23.5966587 -2.60001731
v -2.39544058 23.8273602 -2.39544058
v -2.1468668 23.8273602 -2.1468668
v -2.80501652 23.8273602 -1.16187608
v -3.12979388 23.8273602 -1.29640329
v -2.60001731 23.5966587 -2.60001731
v -3.39708638 23.5966587 -1.40711939
v -3.12979388 23.8273602 -1.29640329
v -2.80501652 23.8273602 -1.16187608
v -3.03612852 23.8273602 -4.83126428E-07
v -3.38766479 23.8273602 -5.18925162E-07
v -3.39708638 23.5966587 -1.40711939
v -3.67697954 23.5966587 -5.46338015E-07
v -3.38766479 23.8273602 -5.18925162E-07
v -3.03612852 23.8273602 -4.83126428E-07
v -2.80501699 23.8273602 1.16187549
v -3.1297946 23.8273602 1.29640257
v -3.67697954 23.5966587 -5.46338015E-07
v -3.3970871 23.5966587 1.40711868
v -3.1297946 23.8273602 1.29640257
v -2.80501699 23.8273602 1.16187549
v -2.14686751 23.8273602 2.14686656
v -2.39544153 23.8273602 2.3954401
v -3.3970871 23.5966587 1.40711868
v -2.6000185 23.5966587 2.60001707
v -2.39544153 23.8273602 2.3954401
v -2.14686751 23.8273602 2.14686656
v -1.16187632 23.8273602 2.80501652
v -1.29640365 23.8273602 3.12979388
v -2.6000185 23.5966587 2.60001707
v -1.40711951 23.5966587 3.39708638
v -1.29640365 23.8273602 3.12979388
v -1.16187632 23.8273602 2.80501652
v 3.11995976E-08 23.8273602 3.03612852
v 2.5334721E-08 23.8273602 3.38766479
v -1.40711951 23.5966587 3.39708638
v 2.57210004E-08 23.5966587 3.67698026
v 2.5334721E-08 23.8273602 3.38766479
v 3.11995976E-08 23.8273602 3.03612852
v 1.16187656 23.8273602 2.80501604
v 1.29640365 23.8273602 3.12979341
v 2.57210004E-08 23.5966587 3.67698026
v 1.40711975 23.5966587 3.39708638
v 1.29640365 23.8273602 3.12979341
v 1.16187656 23.8273602 2.80501604
v 2.14686751 23.8273602 2.14686632
v 2.39544153 23.8273602 2.39543986
v 1.40711975 23.5966587 3.39708638
v 2.6000185 23.5966587 2.60001683
v 2.39544153 23.8273602 2.39543986
v 2.14686751 23.8273602 2.14686632
v 2.80501771 23.8273602 1.16187453
v 3.12979484 23.8273602 1.29640162
v 2.6000185 23.5966587 2.60001683
v 3.3970871 23.5966587 1.40711761
v 3.12979484 23.8273602 1.29640162
v 2.80501771 23.8273602 1.16187453
v 3.03612852 23.8273602 -2.46836933E-08
v 3.38766479 23.8273602 -7.40188444E-09
v 3.3970871 23.5966587 1.40711761
v 3.67697954 23.5966587 8.87061269E-09
v -2.63642478 23.8273754 5.49568844
v -2.71008253 23.8273754 5.63421869
v -2.76015615 23.9060631 5.58168221
v -2.70798182 23.9060631 5.48355436
v -2.85303664 23.8273754 5.3805151
v -2.85513806 23.9060631 5.531178
v -2.92669463 23.8273754 5.51904631
v -2.80296278 23.9060631 5.43305302
v -1.7871778 23.8273754 5.8220067
v -1.96260703 23.9060631 5.79229736
v -2.02178478 23.8273754 5.75027943
v -1.85973489 23.9060631 5.82374859
v -1.83304918 23.8273754 5.9720459
v -1.89222658 23.9060631 5.93002653
v -2.06765699 23.8273754 5.90031958
v -1.99509931 23.9060631 5.89857674
v -5.75027323 23.8273754 2.02180266
v -5.90031242 23.8273754 2.0676744
v -5.89857101 23.9060631 1.9951179
v -5.79229116 23.9060631 1.96262431
v -5.82200098 23.8273754 1.78719521
v -5.93002176 23.9060631 1.89224422
v -5.97204065 23.8273754 1.83306777
v -5.82374334 23.9060631 1.85975218
v -5.38050699 23.8273754 2.85305285
v -5.48354673 23.9060631 2.70799899
v -5.49568081 23.8273754 2.63644218
v -5.43304443 23.9060631 2.80297875
v -5.51903677 23.8273754 2.92671108
v -5.53116941 23.9060631 2.85515404
v -5.63421106 23.8273754 2.7100997
v -5.58167362 23.9060631 2.76017356
v -5.49568701 23.8273754 -2.63642836
v -5.63421679 23.8273754 -2.71008563
v -5.5816803 23.9060631 -2.76015949
v -5.48355341 23.9060631 -2.70798516
v -5.38051319 23.8273754 -2.85303998
v -5.53117609 23.9060631 -2.85514116
v -5.51904392 23.8273754 -2.92669773
v -5.43305111 23.9060631 -2.80296588
v -5.82200527 23.8273754 -1.7871815
v -5.79229593 23.9060631 -1.9626106
v -5.75027895 23.8273754 -2.02178836
v -5.82374763 23.9060631 -1.85973847
v -5.97204494 23.8273754 -1.83305252
v -5.93002558 23.9060631 -1.89222956
v -5.90031767 23.8273754 -2.06766033
v -5.89857531 23.9060631 -1.99510312
v -2.02179909 23.8273754 -5.75027466
v -2.06767106 23.8273754 -5.90031338
v -1.99511456 23.9060631 -5.89857244
v -1.96262109 23.9060631 -5.79229307
v -1.78719175 23.8273754 -5.82200193
v -1.89224088 23.9060631 -5.93002224
v -1.83306408 23.8273754 -5.97204208
v -1.85974896 23.9060631 -5.8237443
v -2.85304976 23.8273754 -5.38050842
v -2.70799518 23.9060631 -5.48354769
v -2.63643885 23.8273754 -5.49568224
v -2.80297565 23.9060631 -5.43304539
v -2.92670751 23.8273754 -5.51903915
v -2.85515094 23.9060631 -5.53117037
v -2.71009636 23.8273754 -5.63421249
v -2.76016998 23.9060631 -5.58167458
v 2.63643217 23.8273754 -5.49568605
v 2.71008992 23.8273754 -5.63421488
v 2.76016331 23.9060631 -5.58167839
v 2.70798874 23.9060631 -5.48355103
v 2.85304379 23.8273754 -5.38051128
v 2.8551445 23.9060631 -5.53117418
v 2.92670131 23.8273754 -5.51904202
v 2.80296969 23.9060631 -5.4330492
v 1.78718567 23.8273754 -5.82200432
v 1.96261406 23.9060631 -5.79229498
v 2.02179217 23.8273754 -5.75027704
v 1.85974252 23.9060631 -5.8237462
v 1.83305693 23.8273754 -5.97204447
v 1.89223373 23.9060631 -5.93002415
v 2.06766415 23.8273754 -5.90031672
v 1.99510753 23.9060631 -5.89857483
v 5.75027657 23.8273754 -2.02179575
v 5.90031528 23.8273754 -2.06766725
v 5.89857388 23.9060631 -1.99511075
v 5.79229355 23.9060631 -1.9626174
v 5.82200289 23.8273754 -1.78718805
v 5.93002367 23.9060631 -1.89223671
v 5.97204351 23.8273754 -1.83306026
v 5.82374573 23.9060631 -1.85974526
v 5.38051081 23.8273754 -2.85304689
v 5.48354959 23.9060631 -2.70799184
v 5.49568367 23.8273754 -2.63643575
v 5.43304777 23.9060631 -2.80297256
v 5.51904106 23.8273754 -2.92670441
v 5.53117275 23.9060631 -2.8551476
v 5.6342144 23.8273754 -2.71009302
v 5.58167648 23.9060631 -2.76016665
v 5.49568367 23.8273754 2.63643551
v 5.63421392 23.8273754 2.71009302
v 5.58167648 23.9060631 2.76016688
v 5.48354959 23.9060631 2.70799184
v 5.38051033 23.8273754 2.85304737
v 5.53117228 23.9060631 2.85514784
v 5.51904058 23.8273754 2.92670465
v 5.43304729 23.9060631 2.80297327
v 5.82200384 23.8273754 1.78718901
v 5.79229355 23.9060631 1.96261775
v 5.75027561 23.8273754 2.02179551
v 5.82374573 23.9060631 1.85974586
v 5.97204351 23.8273754 1.83306074
v 5.93002319 23.9060631 1.89223707
v 5.90031528 23.8273754 2.0676682
v 5.89857292 23.9060631 1.99511087
v 2.0217948 23.8273754 5.75027657
v 2.06766605 23.8273754 5.90031528
v 1.99510956 23.9060631 5.89857388
v 1.96261656 23.9060631 5.79229355
v 1.78718686 23.8273754 5.82200384
v 1.89223588 23.9060631 5.93002415
v 1.83305931 23.8273754 5.97204351
v 1.85974443 23.9060631 5.8237462
v 2.8530457 23.8273754 5.38051081
v 2.70799041 23.9060631 5.48355007
v 2.63643432 23.8273754 5.49568415
v 2.80297136 23.9060631 5.43304873
v 2.92670369 23.8273754 5.51904154
v 2.85514665 23.9060631 5.53117275
v 2.71009183 23.8273754 5.63421488
v 2.76016569 23.9060631 5.58167696
vt 0.548711419 0.14453125
vt 0.578557968 0.171774328
vt 0.578557968 0.14453125
vt 0.548711419 0.171774328
vt 0.51953125 0.14453125
vt 0.51953125 0.171774328
vt 0.51953125 0.212530434
vt 0.548711419 0.212530434
vt 0.578557968 0.212530464
vt 0.548711419 0.14453125
vt 0.578557968 0.171774328
vt 0.578557968 0.14453125
vt 0.548711419 0.171774328
vt 0.51953125 0.14453125
vt 0.51953125 0.171774328
vt 0.51953125 0.212530434
vt 0.548711419 0.212530434
vt 0.578557968 0.212530464
vt 0.548711419 0.14453125
vt 0.578557968 0.171774328
vt 0.578557968 0.14453125
vt 0.548711419 0.171774328
vt 0.51953125 0.14453125
vt 0.51953125 0.171774328
vt 0.51953125 0.212530434
vt 0.548711419 0.212530434
vt 0.578557968 0.212530464
vt 0.548711419 0.14453125
vt 0.578557968 0.171774328
vt 0.578557968 0.14453125
vt 0.548711419 0.171774328
vt 0.51953125 0.14453125
vt 0.51953125 0.171774328
vt 0.51953125 0.212530434
vt 0.548711419 0.212530434
vt 0.578557968 0.212530464
vt 0.548711419 0.14453125
vt 0.578557968 0.171774328
vt 0.578557968 0.14453125
vt 0.548711419 0.171774328
vt 0.51953125 0.14453125
vt 0.51953125 0.171774328
vt 0.51953125 0.212530434
vt 0.548711419 0.212530434
vt 0.578557968 0.212530464
vt 0.425103962 0.889846504
vt 0.420723945 0.87349987
vt 0.453417242 0.87349987
vt 0.437070459 0.901813269
vt 0.45341745 0.906193495
vt 0.171871752 0.84171623
vt 0.00390680321 0.84171623
vt 0.00390680321 0.799724936
vt 0.171871752 0.799724817
vt 0.00390680321 0.757733941
vt 0.171871752 0.757733464
vt 0.00390680321 0.715742767
vt 0.171871752 0.715742171
vt 0.171871752 0.715742171
vt 0.00390680321 0.715742171
vt 0.00390625 0.757733107
vt 0.171871752 0.757732868
vt 0.00390625 0.799723923
vt 0.171871752 0.799723804
vt 0.00390625 0.841714978
vt 0.171871752 0.84171474
vt 0.171871752 0.84171623
vt 0.00390625 0.84171623
vt 0.00390625 0.799725235
vt 0.171871752 0.799725235
vt 0.00390625 0.757734239
vt 0.171871752 0.757734239
vt 0.00390680321 0.715743423
vt 0.171871752 0.715743244
vt 0.171871752 0.715743244
vt 0.00390680321 0.715743423
vt 0.00390625 0.757734537
vt 0.171871752 0.757734358
vt 0.00390625 0.799725771
vt 0.171871752 0.799725533
vt 0.00390625 0.841716766
vt 0.171871752 0.841716528
vt 0.253634572 0.773608565
vt 0.253634572 0.750637591
vt 0.285418183 0.750637591
vt 0.285418183 0.773608565
vt 0.317201793 0.750637591
vt 0.317201793 0.773608565
vt 0.348985374 0.750637591
vt 0.348985374 0.773608565
vt 0.348985374 0.773608565
vt 0.348985374 0.750637591
vt 0.317201793 0.750637591
vt 0.317201793 0.773608565
vt 0.285418183 0.750637591
vt 0.285418183 0.773608565
vt 0.253634572 0.750637591
vt 0.253634572 0.773608565
vt 0.253634572 0.773608565
vt 0.253634572 0.750637591
vt 0.285418183 0.750637591
vt 0.285418183 0.773608565
vt 0.317201793 0.750637591
vt 0.317201793 0.773608565
vt 0.348985374 0.750637591
vt 0.348985374 0.773608565
vt 0.348985374 0.773608565
vt 0.348985374 0.750637591
vt 0.317201793 0.750637591
vt 0.317201793 0.773608565
vt 0.285418183 0.750637591
vt 0.285418183 0.773608565
vt 0.253634572 0.750637591
vt 0.253634572 0.773608565
vt 0.588595927 0.286418259
vt 0.588596106 0.2265625
vt 0.565574229 0.2265625
vt 0.565574229 0.286418259
vt 0.542552888 0.2265625
vt 0.542552888 0.286418259
vt 0.51953125 0.226562232
vt 0.51953125 0.286418259
vt 0.588595927 0.286418259
vt 0.588595927 0.2265625
vt 0.565574229 0.2265625
vt 0.565574229 0.286418259
vt 0.542552888 0.2265625
vt 0.542552888 0.286418259
vt 0.51953125 0.226562232
vt 0.51953125 0.286418259
vt 0.588595271 0.286418259
vt 0.588595569 0.2265625
vt 0.565574229 0.2265625
vt 0.565574229 0.286418259
vt 0.542552888 0.2265625
vt 0.542552888 0.286418259
vt 0.51953125 0.226562232
vt 0.51953125 0.286418259
vt 0.588596642 0.286418259
vt 0.588596642 0.2265625
vt 0.565574229 0.2265625
vt 0.565574229 0.286418259
vt 0.542552888 0.2265625
vt 0.542552888 0.286418259
vt 0.51953125 0.226562232
vt 0.51953125 0.286418259
vt 0.425103962 0.889846504
vt 0.453417242 0.87349987
vt 0.420723826 0.87349987
vt 0.437070698 0.901813269
vt 0.453417242 0.906193495
vt 0.420723826 0.87349987
vt 0.453417242 0.87349987
vt 0.425103962 0.889846504
vt 0.437070698 0.901813269
vt 0.453417242 0.906193495
vt 0.453417242 0.906193495
vt 0.453417242 0.87349987
vt 0.437070698 0.901813269
vt 0.425103962 0.889846504
vt 0.420723826 0.87349987
vt 0.420723826 0.87349987
vt 0.453417242 0.87349987
vt 0.425103962 0.889846504
vt 0.437070698 0.901813269
vt 0.453417242 0.906193495
vt 0.453417242 0.87349987
vt 0.420723945 0.873500407
vt 0.425103962 0.889846504
vt 0.437070936 0.901813626
vt 0.453417689 0.906193852
vt 0.453417093 0.906193495
vt 0.453417242 0.87349987
vt 0.420723945 0.87349987
vt 0.43707034 0.901813269
vt 0.425103962 0.889846861
vt 0.453417242 0.87349987
vt 0.453417093 0.906193852
vt 0.437070698 0.901813269
vt 0.420723945 0.87349987
vt 0.425103962 0.889846504
vt 0.314914465 0.99609375
vt 0.314914465 0.932526529
vt 0.230931967 0.932526529
vt 0.230931967 0.99609375
vt 0.394390523 0.923445463
vt 0.328426152 0.923445463
vt 0.321742296 0.905283511
vt 0.40110901 0.905283511
vt 0.328426152 0.923445463
vt 0.321742296 0.905283511
vt 0.40110901 0.905283511
vt 0.394390523 0.923445463
vt 0.412552595 0.900743008
vt 0.412552595 0.873559415
vt 0.380768985 0.873559415
vt 0.380768985 0.900743008
vt 0.24399291 0.925925016
vt 0.237615556 0.923445463
vt 0.297237813 0.925925016
vt 0.230931967 0.905283511
vt 0.310298443 0.905283511
vt 0.303579956 0.923445463
vt 0.376228482 0.87349987
vt 0.372937262 0.900743008
vt 0.376228482 0.900743008
vt 0.372937262 0.87349987
vt 0.347445786 0.900743008
vt 0.347445786 0.87349987
vt 0.344444871 0.900743008
vt 0.344444871 0.87349987
vt 0.303579688 0.923445463
vt 0.297237694 0.925925016
vt 0.24399291 0.925925016
vt 0.310298443 0.905283511
vt 0.237615407 0.923445463
vt 0.230931699 0.905283511
vt 0.319489121 0.99609375
vt 0.403471828 0.99609375
vt 0.403471828 0.932476461
vt 0.319489121 0.932476461
vt 0.237615407 0.923445463
vt 0.230931699 0.905283511
vt 0.310298443 0.905283153
vt 0.24399291 0.925924718
vt 0.303579688 0.923445463
vt 0.297237694 0.925924718
vt 0.303579688 0.923445463
vt 0.297237694 0.925925016
vt 0.310298443 0.905283511
vt 0.230931699 0.905283511
vt 0.237615407 0.923445463
vt 0.24399291 0.925924718
vt 0.344444871 0.900743008
vt 0.347445786 0.87349987
vt 0.344444871 0.87349987
vt 0.347445786 0.900743008
vt 0.372937262 0.87349987
vt 0.372937262 0.900743008
vt 0.376228482 0.87349987
vt 0.376228482 0.900743008
vt 0.314914465 0.99609375
vt 0.314914465 0.932526529
vt 0.230931967 0.932526529
vt 0.230931967 0.99609375
vt 0.394390523 0.923445463
vt 0.328426152 0.923445463
vt 0.321742296 0.905283511
vt 0.40110901 0.905283511
vt 0.328426152 0.923445463
vt 0.321742296 0.905283511
vt 0.40110901 0.905283511
vt 0.394390523 0.923445463
vt 0.412552595 0.900743008
vt 0.412552595 0.873559415
vt 0.380768985 0.873559415
vt 0.380768985 0.900743008
vt 0.319489121 0.99609375
vt 0.403471828 0.99609375
vt 0.403471828 0.932476461
vt 0.319489121 0.932476461
vt 0.230931699 0.905283511
vt 0.310298443 0.905283511
vt 0.303579688 0.923445463
vt 0.297237694 0.925925016
vt 0.237615407 0.923445463
vt 0.24399291 0.925924718
vt 0.376228482 0.87349987
vt 0.372937262 0.900743008
vt 0.376228482 0.900743008
vt 0.372937262 0.87349987
vt 0.347445786 0.900743008
vt 0.347445786 0.87349987
vt 0.344444871 0.900743008
vt 0.344444871 0.87349987
vt 0.237615407 0.923445463
vt 0.230931699 0.905283511
vt 0.24399291 0.925924718
vt 0.310298443 0.905283153
vt 0.303579956 0.923445463
vt 0.297237813 0.925925016
vt 0.319489121 0.99609375
vt 0.403471828 0.99609375
vt 0.403471828 0.932476461
vt 0.319489121 0.932476461
vt 0.314914465 0.99609375
vt 0.314914465 0.932526529
vt 0.230931967 0.932526529
vt 0.230931967 0.99609375
vt 0.394390523 0.923445463
vt 0.328426152 0.923445463
vt 0.321742296 0.905283511
vt 0.40110901 0.905283511
vt 0.328425854 0.923445463
vt 0.321742028 0.905283511
vt 0.40110901 0.905283511
vt 0.394390225 0.923445463
vt 0.412552595 0.900743008
vt 0.412552595 0.873559415
vt 0.380768985 0.873559415
vt 0.380768985 0.900743008
vt 0.319489121 0.99609375
vt 0.403471828 0.99609375
vt 0.319489121 0.932476461
vt 0.403471828 0.932476461
vt 0.230931699 0.905283511
vt 0.310298443 0.905283511
vt 0.303579688 0.923445463
vt 0.297237694 0.925925016
vt 0.237615407 0.923445463
vt 0.24399291 0.925925016
vt 0.376228482 0.87349987
vt 0.372937262 0.900743008
vt 0.376228482 0.900743008
vt 0.372937262 0.87349987
vt 0.347445786 0.900743008
vt 0.347445786 0.87349987
vt 0.344444871 0.900743008
vt 0.344444871 0.87349987
vt 0.237615407 0.923445463
vt 0.230931699 0.905283511
vt 0.24399291 0.925924718
vt 0.310298443 0.905283511
vt 0.303579688 0.923445463
vt 0.297237694 0.925925016
vt 0.314914465 0.99609375
vt 0.314914465 0.932526529
vt 0.230931967 0.932526529
vt 0.230931967 0.99609375
vt 0.394390523 0.923445463
vt 0.328426152 0.923445463
vt 0.321742296 0.905283511
vt 0.40110901 0.905283511
vt 0.328425854 0.923445463
vt 0.321742028 0.905283153
vt 0.40110901 0.905283511
vt 0.394390523 0.923445463
vt 0.412552595 0.900743008
vt 0.412552595 0.873559415
vt 0.380768985 0.873559415
vt 0.380768985 0.900743008
vt 0.735720813 0.64951843
vt 0.966928959 0.880726635
vt 0.996093273 0.8515625
vt 0.764884949 0.620354295
vt 0.344452918 0.849067271
vt 0.410119683 0.849067271
vt 0.410119116 0.853116512
vt 0.344452918 0.853116512
vt 0.344444871 0.857184112
vt 0.410119116 0.857184112
vt 0.410119116 0.864418805
vt 0.344444871 0.864418805
vt 0.344452918 0.849067271
vt 0.410119683 0.849067271
vt 0.410119116 0.853116512
vt 0.344452918 0.853116512
vt 0.344444871 0.857184112
vt 0.410119116 0.857184112
vt 0.410119116 0.864418805
vt 0.344444871 0.864418805
vt 0.372619867 0.809932649
vt 0.339904368 0.809932649
vt 0.339904368 0.805392146
vt 0.372619867 0.805392146
vt 0.365774006 0.814473331
vt 0.339904368 0.814473331
vt 0.340862811 0.817643762
vt 0.364815533 0.817643762
vt 0.339904368 0.805392146
vt 0.372619867 0.805392146
vt 0.372619867 0.809932649
vt 0.339904368 0.809932649
vt 0.372619867 0.809932649
vt 0.339904368 0.809932649
vt 0.339904368 0.805392146
vt 0.372619867 0.805392146
vt 0.365774006 0.814473331
vt 0.339904368 0.814473331
vt 0.340862811 0.817643762
vt 0.364815533 0.817643762
vt 0.339904368 0.805392146
vt 0.372619867 0.805392146
vt 0.372619867 0.809932649
vt 0.339904368 0.809932649
vt 0.372619867 0.809932649
vt 0.339904368 0.809932649
vt 0.339904368 0.805392146
vt 0.372619867 0.805392146
vt 0.365774006 0.814473331
vt 0.339904368 0.814473331
vt 0.340862811 0.817643762
vt 0.364815533 0.817643762
vt 0.339904368 0.805392146
vt 0.372619867 0.805392146
vt 0.372619867 0.809932649
vt 0.339904368 0.809932649
vt 0.372619867 0.809932649
vt 0.339904368 0.809932649
vt 0.339904368 0.805392146
vt 0.372619867 0.805392146
vt 0.365774006 0.814473331
vt 0.339904368 0.814473331
vt 0.340862811 0.817643762
vt 0.364815533 0.817643762
vt 0.339904368 0.805392146
vt 0.372619867 0.805392146
vt 0.372619867 0.809932649
vt 0.339904368 0.809932649
vt 0.372619867 0.809932649
vt 0.339904368 0.809932649
vt 0.339904368 0.805392146
vt 0.372619867 0.805392146
vt 0.365774006 0.814473331
vt 0.339904368 0.814473331
vt 0.340862811 0.817643762
vt 0.364815533 0.817643762
vt 0.339904368 0.805392146
vt 0.372619867 0.805392146
vt 0.372619867 0.809932649
vt 0.339904368 0.809932649
vt 0.344444871 0.793716133
vt 0.362606943 0.793716133
vt 0.362606943 0.800851643
vt 0.344444871 0.800851643
vt 0.344444871 0.800851643
vt 0.344444871 0.793716133
vt 0.362606943 0.793716133
vt 0.362606943 0.800851643
vt 0.339904368 0.800851643
vt 0.321742296 0.800851643
vt 0.321742296 0.787230074
vt 0.339904368 0.787230074
vt 0.308120728 0.800851643
vt 0.308120728 0.787230074
vt 0.315248579 0.787230074
vt 0.315248579 0.800851941
vt 0.339904368 0.800851643
vt 0.321742296 0.800851643
vt 0.321742296 0.787230074
vt 0.339904368 0.787230074
vt 0.308120728 0.800851643
vt 0.308120728 0.787230074
vt 0.315248579 0.787230074
vt 0.315248579 0.800851941
vt 0.339904368 0.814473331
vt 0.365774006 0.814473331
vt 0.364815533 0.817643762
vt 0.340862811 0.817643762
vt 0.339904368 0.814473331
vt 0.365774006 0.814473331
vt 0.364815533 0.817643762
vt 0.340862811 0.817643762
vt 0.339904368 0.814473331
vt 0.365774006 0.814473331
vt 0.364815533 0.817643762
vt 0.340862811 0.817643762
vt 0.339904368 0.814473331
vt 0.365774006 0.814473331
vt 0.364815533 0.817643762
vt 0.340862811 0.817643762
vt 0.339904368 0.814473331
vt 0.365774006 0.814473331
vt 0.364815533 0.817643762
vt 0.340862811 0.817643762
vt 0.764884949 0.620354295
vt 0.735720813 0.64951843
vt 0.966928959 0.880726635
vt 0.996093273 0.8515625
vt 0.344452918 0.853116512
vt 0.344452918 0.849067271
vt 0.410119683 0.849067271
vt 0.410119116 0.853116512
vt 0.344444871 0.864418805
vt 0.344444871 0.857184112
vt 0.410119116 0.857184112
vt 0.410119116 0.864418805
vt 0.344452918 0.853116512
vt 0.344452918 0.849067092
vt 0.410119683 0.849067092
vt 0.410119116 0.853116512
vt 0.344444871 0.864418805
vt 0.344444871 0.857184112
vt 0.410119116 0.857184112
vt 0.410119116 0.864418805
vt 0.362606943 0.793716133
vt 0.362606674 0.800851643
vt 0.344444871 0.800851345
vt 0.344444871 0.793716133
vt 0.362606943 0.800851643
vt 0.344444871 0.800851643
vt 0.344444871 0.793716133
vt 0.362607211 0.793716133
vt 0.339904368 0.787230074
vt 0.339904368 0.800851643
vt 0.321742028 0.800851643
vt 0.321742028 0.787230074
vt 0.315248579 0.800851941
vt 0.308120728 0.800851643
vt 0.308120728 0.787230074
vt 0.315248579 0.787230074
vt 0.339904368 0.787230074
vt 0.339904368 0.800851643
vt 0.321742296 0.800851643
vt 0.321742296 0.787230074
vt 0.315248579 0.800851941
vt 0.308120728 0.800851643
vt 0.308120728 0.787230074
vt 0.315248579 0.787230074
vt 0.308120728 0.819013655
vt 0.308120728 0.805392146
vt 0.330823332 0.805392146
vt 0.330823332 0.819013655
vt 0.1809863 0.782689631
vt 0.299039692 0.782689631
vt 0.299039692 0.79631114
vt 0.1809863 0.79631114
vt 0.186192214 0.825180709
vt 0.1809863 0.84171623
vt 0.376228511 0.84171623
vt 0.376228511 0.825180709
vt 0.376228511 0.825180709
vt 0.376228511 0.84171623
vt 0.1809863 0.84171623
vt 0.186192214 0.825180709
vt 0.299039692 0.805392146
vt 0.299039692 0.819013655
vt 0.1809863 0.819013655
vt 0.1809863 0.805392146
vt 0.372619867 0.809932649
vt 0.339904368 0.809932649
vt 0.339904368 0.805392146
vt 0.372619867 0.805392146
vt 0.365774006 0.814473331
vt 0.339904368 0.814473331
vt 0.340862811 0.817643762
vt 0.364815533 0.817643762
vt 0.339904368 0.805392146
vt 0.372619867 0.805392146
vt 0.372619867 0.809932649
vt 0.339904368 0.809932649
vt 0.339904368 0.814473331
vt 0.365774006 0.814473331
vt 0.364815533 0.817643762
vt 0.340862811 0.817643762
vt 0.372619867 0.809932649
vt 0.339904368 0.809932649
vt 0.339904368 0.805391788
vt 0.372619867 0.805391788
vt 0.365774006 0.814473331
vt 0.339904368 0.814473331
vt 0.340862811 0.817643762
vt 0.364815533 0.817643762
vt 0.339904368 0.805392146
vt 0.372619867 0.805392146
vt 0.372619867 0.809932649
vt 0.339904368 0.809932649
vt 0.339904368 0.814473331
vt 0.365774006 0.814473331
vt 0.364815533 0.817643762
vt 0.340862811 0.817643762
vt 0.735720813 0.64951843
vt 0.966928959 0.880726635
vt 0.996093273 0.8515625
vt 0.764884949 0.620354295
vt 0.344452918 0.849067271
vt 0.410119683 0.849067271
vt 0.410119116 0.853116512
vt 0.344452918 0.853116512
vt 0.344444871 0.857184112
vt 0.410119116 0.857184112
vt 0.410119116 0.864418805
vt 0.344444871 0.864418805
vt 0.344452918 0.849067271
vt 0.410119683 0.849067271
vt 0.410119116 0.853116512
vt 0.344452918 0.853116512
vt 0.344444871 0.857184112
vt 0.410119116 0.857184112
vt 0.410119116 0.864418805
vt 0.344444871 0.864418805
vt 0.372619867 0.809932649
vt 0.339904368 0.809932649
vt 0.339904368 0.805392146
vt 0.372619867 0.805392146
vt 0.365774006 0.814473331
vt 0.339904368 0.814473331
vt 0.340862811 0.817643762
vt 0.364815533 0.817643762
vt 0.339904368 0.805392146
vt 0.372619867 0.805392146
vt 0.372619867 0.809932649
vt 0.339904368 0.809932649
vt 0.372619867 0.809932649
vt 0.339904368 0.809932649
vt 0.339904368 0.805392146
vt 0.372619867 0.805392146
vt 0.365774006 0.814473331
vt 0.339904368 0.814473331
vt 0.340862811 0.817643762
vt 0.364815533 0.817643762
vt 0.339904368 0.805392146
vt 0.372619867 0.805392146
vt 0.372619867 0.809932649
vt 0.339904368 0.809932649
vt 0.372619867 0.809932649
vt 0.339904368 0.809932649
vt 0.339904368 0.805392146
vt 0.372619867 0.805392146
vt 0.365774006 0.814473331
vt 0.339904368 0.814473331
vt 0.340862811 0.817643762
vt 0.364815533 0.817643762
vt 0.339904368 0.805392146
vt 0.372619867 0.805392146
vt 0.372619867 0.809932649
vt 0.339904368 0.809932649
vt 0.372619867 0.809932649
vt 0.339904368 0.809932649
vt 0.339904368 0.805392146
vt 0.372619867 0.805392146
vt 0.365774006 0.814473331
vt 0.339904368 0.814473331
vt 0.340862811 0.817643762
vt 0.364815533 0.817643762
vt 0.339904368 0.805392146
vt 0.372619867 0.805392146
vt 0.372619867 0.809932649
vt 0.339904368 0.809932649
vt 0.372619867 0.809932649
vt 0.339904368 0.809932649
vt 0.339904368 0.805392146
vt 0.372619867 0.805392146
vt 0.365774006 0.814473331
vt 0.339904368 0.814473331
vt 0.340862811 0.817643762
vt 0.364815533 0.817643762
vt 0.339904368 0.805392146
vt 0.372619867 0.805392146
vt 0.372619867 0.809932649
vt 0.339904368 0.809932649
vt 0.344444871 0.793716133
vt 0.362606943 0.793716133
vt 0.362606943 0.800851643
vt 0.344444871 0.800851643
vt 0.344444871 0.800851643
vt 0.344444871 0.793716133
vt 0.362606943 0.793716133
vt 0.362606943 0.800851643
vt 0.339904368 0.800851643
vt 0.321742296 0.800851643
vt 0.321742296 0.787230074
vt 0.339904368 0.787230074
vt 0.308120728 0.800851643
vt 0.308120728 0.787230074
vt 0.315248579 0.787230074
vt 0.315248579 0.800851941
vt 0.339904368 0.800851643
vt 0.321742296 0.800851643
vt 0.321742296 0.787230074
vt 0.339904368 0.787230074
vt 0.308120728 0.800851643
vt 0.308120728 0.787230074
vt 0.315248579 0.787230074
vt 0.315248579 0.800851941
vt 0.339904368 0.814473331
vt 0.365774006 0.814473331
vt 0.364815533 0.817643762
vt 0.340862811 0.817643762
vt 0.339904368 0.814473331
vt 0.365774006 0.814473331
vt 0.364815533 0.817643762
vt 0.340862811 0.817643762
vt 0.339904368 0.814473331
vt 0.365774006 0.814473331
vt 0.364815533 0.817643762
vt 0.340862811 0.817643762
vt 0.339904368 0.814473331
vt 0.365774006 0.814473331
vt 0.364815533 0.817643762
vt 0.340862811 0.817643762
vt 0.339904368 0.814473331
vt 0.365774006 0.814473331
vt 0.364815533 0.817643762
vt 0.340862811 0.817643762
vt 0.764884949 0.620354295
vt 0.735720813 0.64951843
vt 0.966928959 0.880726635
vt 0.996093273 0.8515625
vt 0.344452918 0.853116512
vt 0.344452918 0.849067271
vt 0.410119683 0.849067271
vt 0.410119116 0.853116512
vt 0.344444871 0.864418805
vt 0.344444871 0.857184112
vt 0.410119116 0.857184112
vt 0.410119116 0.864418805
vt 0.344452918 0.853116512
vt 0.344452918 0.849067092
vt 0.410119683 0.849067092
vt 0.410119116 0.853116512
vt 0.344444871 0.864418805
vt 0.344444871 0.857184112
vt 0.410119116 0.857184112
vt 0.410119116 0.864418805
vt 0.362606943 0.793716133
vt 0.362606674 0.800851643
vt 0.344444871 0.800851345
vt 0.344444871 0.793716133
vt 0.362606943 0.800851643
vt 0.344444871 0.800851643
vt 0.344444871 0.793716133
vt 0.362607211 0.793716133
vt 0.339904368 0.787230074
vt 0.339904368 0.800851643
vt 0.321742028 0.800851643
vt 0.321742028 0.787230074
vt 0.315248579 0.800851941
vt 0.308120728 0.800851643
vt 0.308120728 0.787230074
vt 0.315248579 0.787230074
vt 0.339904368 0.787230074
vt 0.339904368 0.800851643
vt 0.321742296 0.800851643
vt 0.321742296 0.787230074
vt 0.315248579 0.800851941
vt 0.308120728 0.800851643
vt 0.308120728 0.787230074
vt 0.315248579 0.787230074
vt 0.308120728 0.819013655
vt 0.308120728 0.805392146
vt 0.330823332 0.805392146
vt 0.330823332 0.819013655
vt 0.1809863 0.782689631
vt 0.299039692 0.782689631
vt 0.299039692 0.79631114
vt 0.1809863 0.79631114
vt 0.186192214 0.825180709
vt 0.1809863 0.84171623
vt 0.376228511 0.84171623
vt 0.376228511 0.825180709
vt 0.376228511 0.825180709
vt 0.376228511 0.84171623
vt 0.1809863 0.84171623
vt 0.186192214 0.825180709
vt 0.299039692 0.805392146
vt 0.299039692 0.819013655
vt 0.1809863 0.819013655
vt 0.1809863 0.805392146
vt 0.372619867 0.809932649
vt 0.339904368 0.809932649
vt 0.339904368 0.805392146
vt 0.372619867 0.805392146
vt 0.365774006 0.814473331
vt 0.339904368 0.814473331
vt 0.340862811 0.817643762
vt 0.364815533 0.817643762
vt 0.339904368 0.805392146
vt 0.372619867 0.805392146
vt 0.372619867 0.809932649
vt 0.339904368 0.809932649
vt 0.339904368 0.814473331
vt 0.365774006 0.814473331
vt 0.364815533 0.817643762
vt 0.340862811 0.817643762
vt 0.372619867 0.809932649
vt 0.339904368 0.809932649
vt 0.339904368 0.805391788
vt 0.372619867 0.805391788
vt 0.365774006 0.814473331
vt 0.339904368 0.814473331
vt 0.340862811 0.817643762
vt 0.364815533 0.817643762
vt 0.339904368 0.805392146
vt 0.372619867 0.805392146
vt 0.372619867 0.809932649
vt 0.339904368 0.809932649
vt 0.339904368 0.814473331
vt 0.365774006 0.814473331
vt 0.364815533 0.817643762
vt 0.340862811 0.817643762
vt 0.735720813 0.64951843
vt 0.966928959 0.880726635
vt 0.996093273 0.8515625
vt 0.764884949 0.620354295
vt 0.344452918 0.849067271
vt 0.410119683 0.849067271
vt 0.410119116 0.853116512
vt 0.344452918 0.853116512
vt 0.344444871 0.857184112
vt 0.410119116 0.857184112
vt 0.410119116 0.864418805
vt 0.344444871 0.864418805
vt 0.344452918 0.849067271
vt 0.410119683 0.849067271
vt 0.410119116 0.853116512
vt 0.344452918 0.853116512
vt 0.344444871 0.857184112
vt 0.410119116 0.857184112
vt 0.410119116 0.864418805
vt 0.344444871 0.864418805
vt 0.372619867 0.809932649
vt 0.339904368 0.809932649
vt 0.339904368 0.805392146
vt 0.372619867 0.805392146
vt 0.365774006 0.814473331
vt 0.339904368 0.814473331
vt 0.340862811 0.817643762
vt 0.364815533 0.817643762
vt 0.339904368 0.805392146
vt 0.372619867 0.805392146
vt 0.372619867 0.809932649
vt 0.339904368 0.809932649
vt 0.372619867 0.809932649
vt 0.339904368 0.809932649
vt 0.339904368 0.805392146
vt 0.372619867 0.805392146
vt 0.365774006 0.814473331
vt 0.339904368 0.814473331
vt 0.340862811 0.817643762
vt 0.364815533 0.817643762
vt 0.339904368 0.805392146
vt 0.372619867 0.805392146
vt 0.372619867 0.809932649
vt 0.339904368 0.809932649
vt 0.372619867 0.809932649
vt 0.339904368 0.809932649
vt 0.339904368 0.805392146
vt 0.372619867 0.805392146
vt 0.365774006 0.814473331
vt 0.339904368 0.814473331
vt 0.340862811 0.817643762
vt 0.364815533 0.817643762
vt 0.339904368 0.805392146
vt 0.372619867 0.805392146
vt 0.372619867 0.809932649
vt 0.339904368 0.809932649
vt 0.372619867 0.809932649
vt 0.339904368 0.809932649
vt 0.339904368 0.805392146
vt 0.372619867 0.805392146
vt 0.365774006 0.814473331
vt 0.339904368 0.814473331
vt 0.340862811 0.817643762
vt 0.364815533 0.817643762
vt 0.339904368 0.805392146
vt 0.372619867 0.805392146
vt 0.372619867 0.809932649
vt 0.339904368 0.809932649
vt 0.372619867 0.809932649
vt 0.339904368 0.809932649
vt 0.339904368 0.805392146
vt 0.372619867 0.805392146
vt 0.365774006 0.814473331
vt 0.339904368 0.814473331
vt 0.340862811 0.817643762
vt 0.364815533 0.817643762
vt 0.339904368 0.805392146
vt 0.372619867 0.805392146
vt 0.372619867 0.809932649
vt 0.339904368 0.809932649
vt 0.344444871 0.793716133
vt 0.362606943 0.793716133
vt 0.362606943 0.800851643
vt 0.344444871 0.800851643
vt 0.344444871 0.800851643
vt 0.344444871 0.793716133
vt 0.362606943 0.793716133
vt 0.362606943 0.800851643
vt 0.339904368 0.800851643
vt 0.321742296 0.800851643
vt 0.321742296 0.787230074
vt 0.339904368 0.787230074
vt 0.308120728 0.800851643
vt 0.308120728 0.787230074
vt 0.315248579 0.787230074
vt 0.315248579 0.800851941
vt 0.339904368 0.800851643
vt 0.321742296 0.800851643
vt 0.321742296 0.787230074
vt 0.339904368 0.787230074
vt 0.308120728 0.800851643
vt 0.308120728 0.787230074
vt 0.315248579 0.787230074
vt 0.315248579 0.800851941
vt 0.339904368 0.814473331
vt 0.365774006 0.814473331
vt 0.364815533 0.817643762
vt 0.340862811 0.817643762
vt 0.339904368 0.814473331
vt 0.365774006 0.814473331
vt 0.364815533 0.817643762
vt 0.340862811 0.817643762
vt 0.339904368 0.814473331
vt 0.365774006 0.814473331
vt 0.364815533 0.817643762
vt 0.340862811 0.817643762
vt 0.339904368 0.814473331
vt 0.365774006 0.814473331
vt 0.364815533 0.817643762
vt 0.340862811 0.817643762
vt 0.339904368 0.814473331
vt 0.365774006 0.814473331
vt 0.364815533 0.817643762
vt 0.340862811 0.817643762
vt 0.764884949 0.620354295
vt 0.735720813 0.64951843
vt 0.966928959 0.880726635
vt 0.996093273 0.8515625
vt 0.344452918 0.853116512
vt 0.344452918 0.849067271
vt 0.410119683 0.849067271
vt 0.410119116 0.853116512
vt 0.344444871 0.864418805
vt 0.344444871 0.857184112
vt 0.410119116 0.857184112
vt 0.410119116 0.864418805
vt 0.344452918 0.853116512
vt 0.344452918 0.849067092
vt 0.410119683 0.849067092
vt 0.410119116 0.853116512
vt 0.344444871 0.864418805
vt 0.344444871 0.857184112
vt 0.410119116 0.857184112
vt 0.410119116 0.864418805
vt 0.362606943 0.793716133
vt 0.362606674 0.800851643
vt 0.344444871 0.800851345
vt 0.344444871 0.793716133
vt 0.362606943 0.800851643
vt 0.344444871 0.800851643
vt 0.344444871 0.793716133
vt 0.362607211 0.793716133
vt 0.339904368 0.787230074
vt 0.339904368 0.800851643
vt 0.321742028 0.800851643
vt 0.321742028 0.787230074
vt 0.315248579 0.800851941
vt 0.308120728 0.800851643
vt 0.308120728 0.787230074
vt 0.315248579 0.787230074
vt 0.339904368 0.787230074
vt 0.339904368 0.800851643
vt 0.321742296 0.800851643
vt 0.321742296 0.787230074
vt 0.315248579 0.800851941
vt 0.308120728 0.800851643
vt 0.308120728 0.787230074
vt 0.315248579 0.787230074
vt 0.308120728 0.819013655
vt 0.308120728 0.805392146
vt 0.330823332 0.805392146
vt 0.330823332 0.819013655
vt 0.1809863 0.782689631
vt 0.299039692 0.782689631
vt 0.299039692 0.79631114
vt 0.1809863 0.79631114
vt 0.186192214 0.825180709
vt 0.1809863 0.84171623
vt 0.376228511 0.84171623
vt 0.376228511 0.825180709
vt 0.376228511 0.825180709
vt 0.376228511 0.84171623
vt 0.1809863 0.84171623
vt 0.186192214 0.825180709
vt 0.299039692 0.805392146
vt 0.299039692 0.819013655
vt 0.1809863 0.819013655
vt 0.1809863 0.805392146
vt 0.372619867 0.809932649
vt 0.339904368 0.809932649
vt 0.339904368 0.805392146
vt 0.372619867 0.805392146
vt 0.365774006 0.814473331
vt 0.339904368 0.814473331
vt 0.340862811 0.817643762
vt 0.364815533 0.817643762
vt 0.339904368 0.805392146
vt 0.372619867 0.805392146
vt 0.372619867 0.809932649
vt 0.339904368 0.809932649
vt 0.339904368 0.814473331
vt 0.365774006 0.814473331
vt 0.364815533 0.817643762
vt 0.340862811 0.817643762
vt 0.372619867 0.809932649
vt 0.339904368 0.809932649
vt 0.339904368 0.805391788
vt 0.372619867 0.805391788
vt 0.365774006 0.814473331
vt 0.339904368 0.814473331
vt 0.340862811 0.817643762
vt 0.364815533 0.817643762
vt 0.339904368 0.805392146
vt 0.372619867 0.805392146
vt 0.372619867 0.809932649
vt 0.339904368 0.809932649
vt 0.339904368 0.814473331
vt 0.365774006 0.814473331
vt 0.364815533 0.817643762
vt 0.340862811 0.817643762
vt 0.735720813 0.64951843
vt 0.966928959 0.880726635
vt 0.996093273 0.8515625
vt 0.764884949 0.620354295
vt 0.344452918 0.849067271
vt 0.410119683 0.849067271
vt 0.410119116 0.853116512
vt 0.344452918 0.853116512
vt 0.344444871 0.857184112
vt 0.410119116 0.857184112
vt 0.410119116 0.864418805
vt 0.344444871 0.864418805
vt 0.344452918 0.849067271
vt 0.410119683 0.849067271
vt 0.410119116 0.853116512
vt 0.344452918 0.853116512
vt 0.344444871 0.857184112
vt 0.410119116 0.857184112
vt 0.410119116 0.864418805
vt 0.344444871 0.864418805
vt 0.372619867 0.809932649
vt 0.339904368 0.809932649
vt 0.339904368 0.805392146
vt 0.372619867 0.805392146
vt 0.365774006 0.814473331
vt 0.339904368 0.814473331
vt 0.340862811 0.817643762
vt 0.364815533 0.817643762
vt 0.339904368 0.805392146
vt 0.372619867 0.805392146
vt 0.372619867 0.809932649
vt 0.339904368 0.809932649
vt 0.372619867 0.809932649
vt 0.339904368 0.809932649
vt 0.339904368 0.805392146
vt 0.372619867 0.805392146
vt 0.365774006 0.814473331
vt 0.339904368 0.814473331
vt 0.340862811 0.817643762
vt 0.364815533 0.817643762
vt 0.339904368 0.805392146
vt 0.372619867 0.805392146
vt 0.372619867 0.809932649
vt 0.339904368 0.809932649
vt 0.372619867 0.809932649
vt 0.339904368 0.809932649
vt 0.339904368 0.805392146
vt 0.372619867 0.805392146
vt 0.365774006 0.814473331
vt 0.339904368 0.814473331
vt 0.340862811 0.817643762
vt 0.364815533 0.817643762
vt 0.339904368 0.805392146
vt 0.372619867 0.805392146
vt 0.372619867 0.809932649
vt 0.339904368 0.809932649
vt 0.372619867 0.809932649
vt 0.339904368 0.809932649
vt 0.339904368 0.805392146
vt 0.372619867 0.805392146
vt 0.365774006 0.814473331
vt 0.339904368 0.814473331
vt 0.340862811 0.817643762
vt 0.364815533 0.817643762
vt 0.339904368 0.805392146
vt 0.372619867 0.805392146
vt 0.372619867 0.809932649
vt 0.339904368 0.809932649
vt 0.372619867 0.809932649
vt 0.339904368 0.809932649
vt 0.339904368 0.805392146
vt 0.372619867 0.805392146
vt 0.365774006 0.814473331
vt 0.339904368 0.814473331
vt 0.340862811 0.817643762
vt 0.364815533 0.817643762
vt 0.339904368 0.805392146
vt 0.372619867 0.805392146
vt 0.372619867 0.809932649
vt 0.339904368 0.809932649
vt 0.344444871 0.793716133
vt 0.362606943 0.793716133
vt 0.362606943 0.800851643
vt 0.344444871 0.800851643
vt 0.344444871 0.800851643
vt 0.344444871 0.793716133
vt 0.362606943 0.793716133
vt 0.362606943 0.800851643
vt 0.339904368 0.800851643
vt 0.321742296 0.800851643
vt 0.321742296 0.787230074
vt 0.339904368 0.787230074
vt 0.308120728 0.800851643
vt 0.308120728 0.787230074
vt 0.315248579 0.787230074
vt 0.315248579 0.800851941
vt 0.339904368 0.800851643
vt 0.321742296 0.800851643
vt 0.321742296 0.787230074
vt 0.339904368 0.787230074
vt 0.308120728 0.800851643
vt 0.308120728 0.787230074
vt 0.315248579 0.787230074
vt 0.315248579 0.800851941
vt 0.339904368 0.814473331
vt 0.365774006 0.814473331
vt 0.364815533 0.817643762
vt 0.340862811 0.817643762
vt 0.339904368 0.814473331
vt 0.365774006 0.814473331
vt 0.364815533 0.817643762
vt 0.340862811 0.817643762
vt 0.339904368 0.814473331
vt 0.365774006 0.814473331
vt 0.364815533 0.817643762
vt 0.340862811 0.817643762
vt 0.339904368 0.814473331
vt 0.365774006 0.814473331
vt 0.364815533 0.817643762
vt 0.340862811 0.817643762
vt 0.339904368 0.814473331
vt 0.365774006 0.814473331
vt 0.364815533 0.817643762
vt 0.340862811 0.817643762
vt 0.764884949 0.620354295
vt 0.735720813 0.64951843
vt 0.966928959 0.880726635
vt 0.996093273 0.8515625
vt 0.344452918 0.853116512
vt 0.344452918 0.849067271
vt 0.410119683 0.849067271
vt 0.410119116 0.853116512
vt 0.344444871 0.864418805
vt 0.344444871 0.857184112
vt 0.410119116 0.857184112
vt 0.410119116 0.864418805
vt 0.344452918 0.853116512
vt 0.344452918 0.849067092
vt 0.410119683 0.849067092
vt 0.410119116 0.853116512
vt 0.344444871 0.864418805
vt 0.344444871 0.857184112
vt 0.410119116 0.857184112
vt 0.410119116 0.864418805
vt 0.362606943 0.793716133
vt 0.362606674 0.800851643
vt 0.344444871 0.800851345
vt 0.344444871 0.793716133
vt 0.362606943 0.800851643
vt 0.344444871 0.800851643
vt 0.344444871 0.793716133
vt 0.362607211 0.793716133
vt 0.339904368 0.787230074
vt 0.339904368 0.800851643
vt 0.321742028 0.800851643
vt 0.321742028 0.787230074
vt 0.315248579 0.800851941
vt 0.308120728 0.800851643
vt 0.308120728 0.787230074
vt 0.315248579 0.787230074
vt 0.339904368 0.787230074
vt 0.339904368 0.800851643
vt 0.321742296 0.800851643
vt 0.321742296 0.787230074
vt 0.315248579 0.800851941
vt 0.308120728 0.800851643
vt 0.308120728 0.787230074
vt 0.315248579 0.787230074
vt 0.308120728 0.819013655
vt 0.308120728 0.805392146
vt 0.330823332 0.805392146
vt 0.330823332 0.819013655
vt 0.1809863 0.782689631
vt 0.299039692 0.782689631
vt 0.299039692 0.79631114
vt 0.1809863 0.79631114
vt 0.186192214 0.825180709
vt 0.1809863 0.84171623
vt 0.376228511 0.84171623
vt 0.376228511 0.825180709
vt 0.376228511 0.825180709
vt 0.376228511 0.84171623
vt 0.1809863 0.84171623
vt 0.186192214 0.825180709
vt 0.299039692 0.805392146
vt 0.299039692 0.819013655
vt 0.1809863 0.819013655
vt 0.1809863 0.805392146
vt 0.372619867 0.809932649
vt 0.339904368 0.809932649
vt 0.339904368 0.805392146
vt 0.372619867 0.805392146
vt 0.365774006 0.814473331
vt 0.339904368 0.814473331
vt 0.340862811 0.817643762
vt 0.364815533 0.817643762
vt 0.339904368 0.805392146
vt 0.372619867 0.805392146
vt 0.372619867 0.809932649
vt 0.339904368 0.809932649
vt 0.339904368 0.814473331
vt 0.365774006 0.814473331
vt 0.364815533 0.817643762
vt 0.340862811 0.817643762
vt 0.372619867 0.809932649
vt 0.339904368 0.809932649
vt 0.339904368 0.805391788
vt 0.372619867 0.805391788
vt 0.365774006 0.814473331
vt 0.339904368 0.814473331
vt 0.340862811 0.817643762
vt 0.364815533 0.817643762
vt 0.339904368 0.805392146
vt 0.372619867 0.805392146
vt 0.372619867 0.809932649
vt 0.339904368 0.809932649
vt 0.339904368 0.814473331
vt 0.365774006 0.814473331
vt 0.364815533 0.817643762
vt 0.340862811 0.817643762
vt 0.480660319 0.72099191
vt 0.480660319 0.71049422
vt 0.448876321 0.71049422
vt 0.448876321 0.72099191
vt 0.417093098 0.710495234
vt 0.417093098 0.720993042
vt 0.385309517 0.71049422
vt 0.385309517 0.72099191
vt 0.385309517 0.71049422
vt 0.385309517 0.72099191
vt 0.417093098 0.720993042
vt 0.417093098 0.710495234
vt 0.448876321 0.72099191
vt 0.448876321 0.71049422
vt 0.480660319 0.72099191
vt 0.480660319 0.71049422
vt 0.385309517 0.71049422
vt 0.385309517 0.72099191
vt 0.417093098 0.720993042
vt 0.417093098 0.710495234
vt 0.448876321 0.72099191
vt 0.448876321 0.71049422
vt 0.480660319 0.72099191
vt 0.480660319 0.71049422
vt 0.480660319 0.72099191
vt 0.480660319 0.71049422
vt 0.448876321 0.71049422
vt 0.448876321 0.72099191
vt 0.417093098 0.710495234
vt 0.417093098 0.720993042
vt 0.385309517 0.71049422
vt 0.385309517 0.72099191
vt 0.417093098 0.705246389
vt 0.385309517 0.694747269
vt 0.385309517 0.705245256
vt 0.417093098 0.694748342
vt 0.448876441 0.705245256
vt 0.448876441 0.694747269
vt 0.480660319 0.705245256
vt 0.480660319 0.694747269
vt 0.448876441 0.694747269
vt 0.480660319 0.705245256
vt 0.480660319 0.694747269
vt 0.448876441 0.705245256
vt 0.417093098 0.694748342
vt 0.417093098 0.705246389
vt 0.385309517 0.694747269
vt 0.385309517 0.705245256
vt 0.448876441 0.694747269
vt 0.480660319 0.705245256
vt 0.480660319 0.694747269
vt 0.448876441 0.705245256
vt 0.417093098 0.694748342
vt 0.417093098 0.705246389
vt 0.385309517 0.694747269
vt 0.385309517 0.705245256
vt 0.417093098 0.705246389
vt 0.385309517 0.694747269
vt 0.385309517 0.705245256
vt 0.417093098 0.694748342
vt 0.448876441 0.705245256
vt 0.448876441 0.694747269
vt 0.480660319 0.705245256
vt 0.480660319 0.694747269
vt 0.385309517 0.689498425
vt 0.385309517 0.663253844
vt 0.417093247 0.663254976
vt 0.417093247 0.689499617
vt 0.448876441 0.663253844
vt 0.448876441 0.689498425
vt 0.480660319 0.663253844
vt 0.480660319 0.689498425
vt 0.385309517 0.689498425
vt 0.385309517 0.663253844
vt 0.417093247 0.663254976
vt 0.417093247 0.689499617
vt 0.448876441 0.663253844
vt 0.448876441 0.689498425
vt 0.480660319 0.663253844
vt 0.480660319 0.689498425
vt 0.385309517 0.689498425
vt 0.385309517 0.663253844
vt 0.417093247 0.663254976
vt 0.417093247 0.689499617
vt 0.44887659 0.663253844
vt 0.44887659 0.689498425
vt 0.480660439 0.663253844
vt 0.480660439 0.689498425
vt 0.480660439 0.689499557
vt 0.480660439 0.663254976
vt 0.44887659 0.663254976
vt 0.44887659 0.689499557
vt 0.417093247 0.663253784
vt 0.417093247 0.689498425
vt 0.385309517 0.663254976
vt 0.385309517 0.689499557
vt 0.480660051 0.658004999
vt 0.480660051 0.650825322
vt 0.448876321 0.650825322
vt 0.448876321 0.658004999
vt 0.417093098 0.650826514
vt 0.417093098 0.658006132
vt 0.385309517 0.650825322
vt 0.385309517 0.658004999
vt 0.385309517 0.650825322
vt 0.385309517 0.658004999
vt 0.417093098 0.658006132
vt 0.417093098 0.650826514
vt 0.448876321 0.658004999
vt 0.448876321 0.650825322
vt 0.480660319 0.658004999
vt 0.480660319 0.650825322
vt 0.385309517 0.650825322
vt 0.385309517 0.658004999
vt 0.417093098 0.658006132
vt 0.417093098 0.650826514
vt 0.448876321 0.658004999
vt 0.448876321 0.650825322
vt 0.480660051 0.658004999
vt 0.480660051 0.650825322
vt 0.480660051 0.658004999
vt 0.480660051 0.650825322
vt 0.448876321 0.650825322
vt 0.448876321 0.658004999
vt 0.417093098 0.650826514
vt 0.417093098 0.658006132
vt 0.385309517 0.650825322
vt 0.385309517 0.658004999
vt 0.385309517 0.726241052
vt 0.385309517 0.736738741
vt 0.417093098 0.736739814
vt 0.417093098 0.726242125
vt 0.448876321 0.736738741
vt 0.448876321 0.726241052
vt 0.480660319 0.736738741
vt 0.480660319 0.726241052
vt 0.480660319 0.736738741
vt 0.480660319 0.726241052
vt 0.448876321 0.726241052
vt 0.448876321 0.736738741
vt 0.417093098 0.726242125
vt 0.417093098 0.736739814
vt 0.385309517 0.726241052
vt 0.385309517 0.736738741
vt 0.480660319 0.736738741
vt 0.480660319 0.726241052
vt 0.448876321 0.726241052
vt 0.448876321 0.736738741
vt 0.417093098 0.726242125
vt 0.417093098 0.736739814
vt 0.385309517 0.726241052
vt 0.385309517 0.736738741
vt 0.385309517 0.726241052
vt 0.385309517 0.736738741
vt 0.417093098 0.736739814
vt 0.417093098 0.726242125
vt 0.448876321 0.736738741
vt 0.448876321 0.726241052
vt 0.480660319 0.736738741
vt 0.480660319 0.726241052
vt 0.00960223097 0.38975352
vt 0.015716888 0.44513315
vt 0.0774454102 0.44513315
vt 0.0899691805 0.38975352
vt 0.0899691805 0.38975352
vt 0.0774454102 0.44513315
vt 0.00960223097 0.38975352
vt 0.015716888 0.44513315
vt 0.00960223097 0.38975352
vt 0.015716888 0.44513315
vt 0.0774454102 0.44513315
vt 0.0899691805 0.38975352
vt 0.0899691805 0.38975352
vt 0.0774454102 0.44513315
vt 0.00960223097 0.38975352
vt 0.015716888 0.44513315
vt 0.00960223097 0.38975352
vt 0.015716888 0.44513315
vt 0.0774454102 0.44513315
vt 0.0899691805 0.38975352
vt 0.0899691805 0.38975352
vt 0.0774454102 0.44513315
vt 0.00960223097 0.38975352
vt 0.015716888 0.44513315
vt 0.00960223097 0.38975352
vt 0.015716888 0.44513315
vt 0.0774454102 0.44513315
vt 0.0899691805 0.38975352
vt 0.0899691805 0.38975352
vt 0.0774454102 0.44513315
vt 0.00960223097 0.38975352
vt 0.015716888 0.44513315
vt 0.00960223097 0.38975352
vt 0.015716888 0.44513315
vt 0.0774454102 0.44513315
vt 0.0899691805 0.38975352
vt 0.0899691805 0.38975352
vt 0.0774454102 0.44513315
vt 0.00960223097 0.38975352
vt 0.015716888 0.44513315
vt 0.00960223097 0.38975352
vt 0.015716888 0.44513315
vt 0.0774454102 0.44513315
vt 0.0899691805 0.38975352
vt 0.0899691805 0.38975352
vt 0.0774454102 0.44513315
vt 0.00960223097 0.38975352
vt 0.015716888 0.44513315
vt 0.00960223097 0.38975352
vt 0.015716888 0.44513315
vt 0.0774454102 0.44513315
vt 0.0899691805 0.38975352
vt 0.0899691805 0.38975352
vt 0.0774454102 0.44513315
vt 0.00960223097 0.38975352
vt 0.015716888 0.44513315
vt 0.00960223097 0.38975352
vt 0.015716888 0.44513315
vt 0.0774454102 0.44513315
vt 0.0899691805 0.38975352
vt 0.0899691805 0.38975352
vt 0.0774454102 0.44513315
vt 0.00960223097 0.38975352
vt 0.015716888 0.44513315
vt 0.371627659 0.229487509
vt 0.375324398 0.246234775
vt 0.432866484 0.246234775
vt 0.435832322 0.229487509
vt 0.435832322 0.229487509
vt 0.432866484 0.246234775
vt 0.375324398 0.246234775
vt 0.371627659 0.229487509
vt 0.371627718 0.229487509
vt 0.375324398 0.246234775
vt 0.432866514 0.246234775
vt 0.435832322 0.229487509
vt 0.435832322 0.229487509
vt 0.432866514 0.246234775
vt 0.375324398 0.246234775
vt 0.371627718 0.229487509
vt 0.371627688 0.229487509
vt 0.375324398 0.246234775
vt 0.432866514 0.246234775
vt 0.435832322 0.229487509
vt 0.435832322 0.229487509
vt 0.432866514 0.246234775
vt 0.375324398 0.246234775
vt 0.371627599 0.229487509
vt 0.371627718 0.229487509
vt 0.375324428 0.246234775
vt 0.432866514 0.246234775
vt 0.435832322 0.229487509
vt 0.435832322 0.229487509
vt 0.432866514 0.246234775
vt 0.375324428 0.246234775
vt 0.371627748 0.229487509
vt 0.371627688 0.229487509
vt 0.375324398 0.246234775
vt 0.432866454 0.246234775
vt 0.435832322 0.229487509
vt 0.435832322 0.229487509
vt 0.432866454 0.246234775
vt 0.375324398 0.246234775
vt 0.371627778 0.229487509
vt 0.371627688 0.229487509
vt 0.375324398 0.246234775
vt 0.432866514 0.246234775
vt 0.435832322 0.229487509
vt 0.435832322 0.229487509
vt 0.432866514 0.246234775
vt 0.375324398 0.246234775
vt 0.371627718 0.229487509
vt 0.371627659 0.229487509
vt 0.375324339 0.246234775
vt 0.432866514 0.246234775
vt 0.435832322 0.229487509
vt 0.435832322 0.229487509
vt 0.432866514 0.246234775
vt 0.375324339 0.246234775
vt 0.371627688 0.229487509
vt 0.371627599 0.229487509
vt 0.375324279 0.246234775
vt 0.432866454 0.246234775
vt 0.435832322 0.229487509
vt 0.435832322 0.229487509
vt 0.432866454 0.246234775
vt 0.375324279 0.246234775
vt 0.371627629 0.229487509
vt 0.414310753 0.2109375
vt 0.445972055 0.206305385
vt 0.445972055 0.2109375
vt 0.414310753 0.206305385
vt 0.3828125 0.2109375
vt 0.445972055 0.202355564
vt 0.3828125 0.206305385
vt 0.414310753 0.202355564
vt 0.445972055 0.00340813398
vt 0.3828125 0.202355564
vt 0.414310753 0.00340813398
vt 0.3828125 0.00340813398
vt 0.414310753 0.2109375
vt 0.3828125 0.206305385
vt 0.3828125 0.2109375
vt 0.414310753 0.206305385
vt 0.445972055 0.2109375
vt 0.3828125 0.202355564
vt 0.445972055 0.206305385
vt 0.414310753 0.202355564
vt 0.3828125 0.00340813398
vt 0.445972055 0.202355564
vt 0.414310753 0.00340813398
vt 0.445972055 0.00340813398
vt 0.414310753 0.2109375
vt 0.445972055 0.206305385
vt 0.445972055 0.2109375
vt 0.414310753 0.206305385
vt 0.3828125 0.2109375
vt 0.445972055 0.202355564
vt 0.3828125 0.206305385
vt 0.414310753 0.202355564
vt 0.445972055 0.00340813398
vt 0.3828125 0.202355564
vt 0.414310753 0.00340813398
vt 0.3828125 0.00340813398
vt 0.414310753 0.2109375
vt 0.3828125 0.206305385
vt 0.3828125 0.2109375
vt 0.414310753 0.206305385
vt 0.445972055 0.2109375
vt 0.3828125 0.202355564
vt 0.445972055 0.206305385
vt 0.414310753 0.202355564
vt 0.3828125 0.00340813398
vt 0.445972055 0.202355564
vt 0.414310753 0.00340813398
vt 0.445972055 0.00340813398
vt 0.414310753 0.2109375
vt 0.445972055 0.206305385
vt 0.445972055 0.2109375
vt 0.414310753 0.206305385
vt 0.3828125 0.2109375
vt 0.445972055 0.202355564
vt 0.3828125 0.206305385
vt 0.414310753 0.202355564
vt 0.445972055 0.00340813398
vt 0.3828125 0.202355564
vt 0.414310753 0.00340813398
vt 0.3828125 0.00340813398
vt 0.414310753 0.2109375
vt 0.3828125 0.206305385
vt 0.3828125 0.2109375
vt 0.414310753 0.206305385
vt 0.445972055 0.2109375
vt 0.3828125 0.202355564
vt 0.445972055 0.206305385
vt 0.414310753 0.202355564
vt 0.3828125 0.00340813398
vt 0.445972055 0.202355564
vt 0.414310753 0.00340813398
vt 0.445972055 0.00340813398
vt 0.414310753 0.2109375
vt 0.445972055 0.206305385
vt 0.445972055 0.2109375
vt 0.414310753 0.206305385
vt 0.3828125 0.2109375
vt 0.445972055 0.202355564
vt 0.3828125 0.206305385
vt 0.414310753 0.202355564
vt 0.445972055 0.00340813398
vt 0.3828125 0.202355564
vt 0.414310753 0.00340813398
vt 0.3828125 0.00340813398
vt 0.414310753 0.2109375
vt 0.3828125 0.206305385
vt 0.3828125 0.2109375
vt 0.414310753 0.206305385
vt 0.445972055 0.2109375
vt 0.3828125 0.202355564
vt 0.445972055 0.206305385
vt 0.414310753 0.202355564
vt 0.3828125 0.00340813398
vt 0.445972055 0.202355564
vt 0.414310753 0.00340813398
vt 0.445972055 0.00340813398
vt 0.730098307 0.842006445
vt 0.698605001 0.842006445
vt 0.698605001 0.87349987
vt 0.730098307 0.87349987
vt 0.76006192 0.769845486
vt 0.675902486 0.769845486
vt 0.675902486 0.800851643
vt 0.76006192 0.800851643
vt 0.675902486 0.809932649
vt 0.770849407 0.809932649
vt 0.748731613 0.826856852
vt 0.6903162 0.831115484
vt 0.6903162 0.831115484
vt 0.748731613 0.826856852
vt 0.770849407 0.809932649
vt 0.675902486 0.809932649
vt 0.693065763 0.87349987
vt 0.693065763 0.842006445
vt 0.66682142 0.842006445
vt 0.66682142 0.87349987
vt 0.66682142 0.842006445
vt 0.66682142 0.87349987
vt 0.693065763 0.87349987
vt 0.693065763 0.842006445
vt 0.734929144 0.842839599
vt 0.761173606 0.842839599
vt 0.761173606 0.87349987
vt 0.734929144 0.87349987
vt 0.761173606 0.842839599
vt 0.734929144 0.842839599
vt 0.734929144 0.87349987
vt 0.761173606 0.87349987
vt 0.730098307 0.842006445
vt 0.698605001 0.842006445
vt 0.698605001 0.87349987
vt 0.730098307 0.87349987
vt 0.76006192 0.769845486
vt 0.675902486 0.769845486
vt 0.675902486 0.800851643
vt 0.76006192 0.800851643
vt 0.675902486 0.809932649
vt 0.770849407 0.809932649
vt 0.748731613 0.826856852
vt 0.6903162 0.831115484
vt 0.6903162 0.831115484
vt 0.748731613 0.826856852
vt 0.770849407 0.809932649
vt 0.675902486 0.809932649
vt 0.693065763 0.87349987
vt 0.693065763 0.842006445
vt 0.66682142 0.842006445
vt 0.66682142 0.87349987
vt 0.66682142 0.842006445
vt 0.66682142 0.87349987
vt 0.693065763 0.87349987
vt 0.693065763 0.842006445
vt 0.734929144 0.842839599
vt 0.761173606 0.842839599
vt 0.761173606 0.87349987
vt 0.734929144 0.87349987
vt 0.761173606 0.842839599
vt 0.734929144 0.842839599
vt 0.734929144 0.87349987
vt 0.761173606 0.87349987
vt 0.730098307 0.842006445
vt 0.698605001 0.842006445
vt 0.698605001 0.87349987
vt 0.730098307 0.87349987
vt 0.76006192 0.769845486
vt 0.675902486 0.769845486
vt 0.675902486 0.800851643
vt 0.76006192 0.800851643
vt 0.675902486 0.809932649
vt 0.770849407 0.809932649
vt 0.748731613 0.826856852
vt 0.6903162 0.831115484
vt 0.6903162 0.831115484
vt 0.748731613 0.826856852
vt 0.770849407 0.809932649
vt 0.675902486 0.809932649
vt 0.693065763 0.87349987
vt 0.693065763 0.842006445
vt 0.66682142 0.842006445
vt 0.66682142 0.87349987
vt 0.66682142 0.842006445
vt 0.66682142 0.87349987
vt 0.693065763 0.87349987
vt 0.693065763 0.842006445
vt 0.734929144 0.842839599
vt 0.761173606 0.842839599
vt 0.761173606 0.87349987
vt 0.734929144 0.87349987
vt 0.761173606 0.842839599
vt 0.734929144 0.842839599
vt 0.734929144 0.87349987
vt 0.761173606 0.87349987
vt 0.730098307 0.842006445
vt 0.698605001 0.842006445
vt 0.698605001 0.87349987
vt 0.730098307 0.87349987
vt 0.76006192 0.769845486
vt 0.675902486 0.769845486
vt 0.675902486 0.800851643
vt 0.76006192 0.800851643
vt 0.675902486 0.809932649
vt 0.770849407 0.809932649
vt 0.748731613 0.826856852
vt 0.6903162 0.831115484
vt 0.6903162 0.831115484
vt 0.748731613 0.826856852
vt 0.770849407 0.809932649
vt 0.675902486 0.809932649
vt 0.693065763 0.87349987
vt 0.693065763 0.842006445
vt 0.66682142 0.842006445
vt 0.66682142 0.87349987
vt 0.66682142 0.842006445
vt 0.66682142 0.87349987
vt 0.693065763 0.87349987
vt 0.693065763 0.842006445
vt 0.734929144 0.842839599
vt 0.761173606 0.842839599
vt 0.761173606 0.87349987
vt 0.734929144 0.87349987
vt 0.761173606 0.842839599
vt 0.734929144 0.842839599
vt 0.734929144 0.87349987
vt 0.761173606 0.87349987
vt 0.730098307 0.842006445
vt 0.698605001 0.842006445
vt 0.698605001 0.87349987
vt 0.730098307 0.87349987
vt 0.76006192 0.769845486
vt 0.675902486 0.769845486
vt 0.675902486 0.800851643
vt 0.76006192 0.800851643
vt 0.675902486 0.809932649
vt 0.770849407 0.809932649
vt 0.748731613 0.826856852
vt 0.6903162 0.831115484
vt 0.6903162 0.831115484
vt 0.748731613 0.826856852
vt 0.770849407 0.809932649
vt 0.675902486 0.809932649
vt 0.693065763 0.87349987
vt 0.693065763 0.842006445
vt 0.66682142 0.842006445
vt 0.66682142 0.87349987
vt 0.66682142 0.842006445
vt 0.66682142 0.87349987
vt 0.693065763 0.87349987
vt 0.693065763 0.842006445
vt 0.734929144 0.842839599
vt 0.761173606 0.842839599
vt 0.761173606 0.87349987
vt 0.734929144 0.87349987
vt 0.761173606 0.842839599
vt 0.734929144 0.842839599
vt 0.734929144 0.87349987
vt 0.761173606 0.87349987
vt 0.730098307 0.842006445
vt 0.698605001 0.842006445
vt 0.698605001 0.87349987
vt 0.730098307 0.87349987
vt 0.76006192 0.769845486
vt 0.675902486 0.769845486
vt 0.675902486 0.800851643
vt 0.76006192 0.800851643
vt 0.675902486 0.809932649
vt 0.770849407 0.809932649
vt 0.748731613 0.826856852
vt 0.6903162 0.831115484
vt 0.6903162 0.831115484
vt 0.748731613 0.826856852
vt 0.770849407 0.809932649
vt 0.675902486 0.809932649
vt 0.693065763 0.87349987
vt 0.693065763 0.842006445
vt 0.66682142 0.842006445
vt 0.66682142 0.87349987
vt 0.66682142 0.842006445
vt 0.66682142 0.87349987
vt 0.693065763 0.87349987
vt 0.693065763 0.842006445
vt 0.734929144 0.842839599
vt 0.761173606 0.842839599
vt 0.761173606 0.87349987
vt 0.734929144 0.87349987
vt 0.761173606 0.842839599
vt 0.734929144 0.842839599
vt 0.734929144 0.87349987
vt 0.761173606 0.87349987
vt 0.730098307 0.842006445
vt 0.698605001 0.842006445
vt 0.698605001 0.87349987
vt 0.730098307 0.87349987
vt 0.76006192 0.769845486
vt 0.675902486 0.769845486
vt 0.675902486 0.800851643
vt 0.76006192 0.800851643
vt 0.675902486 0.809932649
vt 0.770849407 0.809932649
vt 0.748731613 0.826856852
vt 0.6903162 0.831115484
vt 0.6903162 0.831115484
vt 0.748731613 0.826856852
vt 0.770849407 0.809932649
vt 0.675902486 0.809932649
vt 0.693065763 0.87349987
vt 0.693065763 0.842006445
vt 0.66682142 0.842006445
vt 0.66682142 0.87349987
vt 0.66682142 0.842006445
vt 0.66682142 0.87349987
vt 0.693065763 0.87349987
vt 0.693065763 0.842006445
vt 0.734929144 0.842839599
vt 0.761173606 0.842839599
vt 0.761173606 0.87349987
vt 0.734929144 0.87349987
vt 0.761173606 0.842839599
vt 0.734929144 0.842839599
vt 0.734929144 0.87349987
vt 0.761173606 0.87349987
vt 0.730098307 0.842006445
vt 0.698605001 0.842006445
vt 0.698605001 0.87349987
vt 0.730098307 0.87349987
vt 0.76006192 0.769845486
vt 0.675902486 0.769845486
vt 0.675902486 0.800851643
vt 0.76006192 0.800851643
vt 0.675902486 0.809932649
vt 0.770849407 0.809932649
vt 0.748731613 0.826856852
vt 0.6903162 0.831115484
vt 0.6903162 0.831115484
vt 0.748731613 0.826856852
vt 0.770849407 0.809932649
vt 0.675902486 0.809932649
vt 0.693065763 0.87349987
vt 0.693065763 0.842006445
vt 0.66682142 0.842006445
vt 0.66682142 0.87349987
vt 0.66682142 0.842006445
vt 0.66682142 0.87349987
vt 0.693065763 0.87349987
vt 0.693065763 0.842006445
vt 0.734929144 0.842839599
vt 0.761173606 0.842839599
vt 0.761173606 0.87349987
vt 0.734929144 0.87349987
vt 0.761173606 0.842839599
vt 0.734929144 0.842839599
vt 0.734929144 0.87349987
vt 0.761173606 0.87349987
vt 0.385309517 0.741987586
vt 0.385309517 0.789227903
vt 0.417093098 0.789229035
vt 0.417093098 0.741988719
vt 0.448876321 0.789227903
vt 0.448876321 0.741987586
vt 0.480660319 0.789227903
vt 0.480660319 0.741987586
vt 0.385309517 0.741987586
vt 0.385309517 0.789227903
vt 0.417093098 0.789229035
vt 0.417093098 0.741988719
vt 0.448876321 0.789227903
vt 0.448876321 0.741987586
vt 0.480660319 0.789227903
vt 0.480660319 0.741987586
vt 0.385310888 0.741987586
vt 0.385310888 0.789227903
vt 0.417094082 0.789229035
vt 0.417094082 0.741988719
vt 0.448876709 0.789227903
vt 0.448876709 0.741987586
vt 0.480660319 0.789227903
vt 0.480660319 0.741987586
vt 0.385310471 0.741987586
vt 0.385310471 0.789227903
vt 0.417093933 0.789229035
vt 0.417093933 0.741988719
vt 0.448876709 0.789227903
vt 0.448876709 0.741987586
vt 0.480660319 0.789227903
vt 0.480660319 0.741987586
vt 0.480660319 0.820722759
vt 0.480660319 0.794478238
vt 0.448876321 0.794478238
vt 0.448876321 0.820722759
vt 0.417093098 0.820721626
vt 0.417093098 0.794477105
vt 0.385309517 0.794478238
vt 0.385309517 0.820722759
vt 0.480660707 0.820722759
vt 0.480660707 0.794478238
vt 0.448876709 0.820722759
vt 0.448876709 0.794478238
vt 0.417093098 0.794477105
vt 0.417093098 0.820721626
vt 0.385309517 0.820722759
vt 0.385309517 0.794478238
vt 0.385309517 0.820721328
vt 0.385309517 0.794476807
vt 0.417093098 0.79447794
vt 0.417093098 0.820722461
vt 0.448876321 0.820721328
vt 0.448876321 0.794476807
vt 0.480660707 0.794476807
vt 0.480660707 0.820721328
vt 0.480660707 0.820722759
vt 0.480660707 0.794478238
vt 0.448876321 0.820722759
vt 0.448876321 0.794478238
vt 0.417093098 0.794477105
vt 0.417093098 0.820721626
vt 0.385309517 0.820722759
vt 0.385309517 0.794478238
vt 0.385309517 0.825970531
vt 0.385309517 0.841717124
vt 0.417093098 0.841716528
vt 0.417093098 0.825971603
vt 0.448876321 0.841717124
vt 0.448876321 0.825970531
vt 0.480660319 0.841717124
vt 0.480660319 0.825969934
vt 0.480660319 0.841717124
vt 0.480660319 0.825970531
vt 0.448876321 0.825970531
vt 0.448876321 0.841717124
vt 0.417093098 0.825971603
vt 0.417093098 0.841716528
vt 0.385309517 0.825970531
vt 0.385309517 0.841717124
vt 0.480660319 0.841717124
vt 0.480660319 0.825970531
vt 0.448876321 0.825970531
vt 0.448876321 0.841717124
vt 0.417092949 0.825971603
vt 0.417092949 0.841716528
vt 0.385308921 0.825970531
vt 0.385308921 0.841717124
vt 0.385308802 0.825970531
vt 0.385308802 0.841717124
vt 0.417092949 0.841716528
vt 0.417092949 0.825971603
vt 0.448876321 0.841717124
vt 0.448876321 0.825970531
vt 0.480660319 0.841717124
vt 0.480660319 0.825969934
vt 0.0780690238 0.527301371
vt 0.0780690238 0.541053712
vt 0.0694596842 0.541053712
vt 0.0694596842 0.527301371
vt 0.0608534999 0.541053712
vt 0.0608534999 0.527301371
vt 0.0522495098 0.541053712
vt 0.0522495098 0.527301371
vt 0.0522495098 0.527301371
vt 0.0522495098 0.541053712
vt 0.0608534999 0.541053712
vt 0.0608534999 0.527301371
vt 0.0694596842 0.541053712
vt 0.0694596842 0.527301371
vt 0.0780690238 0.541053712
vt 0.0780690238 0.527301371
vt 0.936299086 0.884354472
vt 0.942738652 0.873201072
vt 0.936299086 0.862047851
vt 0.923421144 0.884354472
vt 0.923421144 0.862047851
vt 0.916982174 0.873201072
vt 0.0522495098 0.541053712
vt 0.0608534999 0.527300656
vt 0.0522495098 0.527300656
vt 0.0608534999 0.541053712
vt 0.0694596842 0.527300656
vt 0.0694596842 0.541053712
vt 0.0780690238 0.527300656
vt 0.0780690238 0.541053712
vt 0.0780690238 0.541053712
vt 0.0694596842 0.527300656
vt 0.0780690238 0.527300656
vt 0.0694596842 0.541053712
vt 0.0608534999 0.527300656
vt 0.0608534999 0.541053712
vt 0.0522495098 0.527300656
vt 0.0522495098 0.541053712
vt 0.936299086 0.884354472
vt 0.942738652 0.873201072
vt 0.936299086 0.862047851
vt 0.923421144 0.884354472
vt 0.923421144 0.862047851
vt 0.916982174 0.873201072
vt 0.189612702 0.605213881
vt 0.189612702 0.600359321
vt 0.15834558 0.600359321
vt 0.15834558 0.605213881
vt 0.189612702 0.610221386
vt 0.148417428 0.600359321
vt 0.15834558 0.610221386
vt 0.189612702 0.614744067
vt 0.148417428 0.605213881
vt 0.129214689 0.600359321
vt 0.15834558 0.614744067
vt 0.189612702 0.619379044
vt 0.129214689 0.605213881
vt 0.121821806 0.600359321
vt 0.148417428 0.610221386
vt 0.15834558 0.619379044
vt 0.189612702 0.624470472
vt 0.15834558 0.624470472
vt 0.121821806 0.605213881
vt 0.114168093 0.600359321
vt 0.114168093 0.605213881
vt 0.129214689 0.610221386
vt 0.148417428 0.614744067
vt 0.148417428 0.619379044
vt 0.148417428 0.624470472
vt 0.121821806 0.610221386
vt 0.114168093 0.610221386
vt 0.129214689 0.614744067
vt 0.129214689 0.619379044
vt 0.129214689 0.624470472
vt 0.121821806 0.614744067
vt 0.114168093 0.614744067
vt 0.121821806 0.619379044
vt 0.121821806 0.624470472
vt 0.114168093 0.619379044
vt 0.114168093 0.624470472
vt 0.189612702 0.605213881
vt 0.15834558 0.600359321
vt 0.189612702 0.600359321
vt 0.15834558 0.605213881
vt 0.189612702 0.610221386
vt 0.148417428 0.600359321
vt 0.15834558 0.610221386
vt 0.189612702 0.614744067
vt 0.148417428 0.605213881
vt 0.129214689 0.600359321
vt 0.15834558 0.614744067
vt 0.189612702 0.619379044
vt 0.129214689 0.605213881
vt 0.121821806 0.600359321
vt 0.148417428 0.610221386
vt 0.15834558 0.619379044
vt 0.189612702 0.624470472
vt 0.15834558 0.624470472
vt 0.121821806 0.605213881
vt 0.114168093 0.600359321
vt 0.114168093 0.605213881
vt 0.129214689 0.610221386
vt 0.148417428 0.614744067
vt 0.148417428 0.619379044
vt 0.148417428 0.624470472
vt 0.121821806 0.610221386
vt 0.114168093 0.610221386
vt 0.129214689 0.614744067
vt 0.129214689 0.619379044
vt 0.129214689 0.624470472
vt 0.121821806 0.614744067
vt 0.114168093 0.614744067
vt 0.121821806 0.619379044
vt 0.121821806 0.624470472
vt 0.114168093 0.619379044
vt 0.114168093 0.624470472
vt 0.6525442 0.607646406
vt 0.694722593 0.607646406
vt 0.694722593 0.583920658
vt 0.6525442 0.583921015
vt 0.57378459 0.550939083
vt 0.57378459 0.579278231
vt 0.630463123 0.579278231
vt 0.630463123 0.550939083
vt 0.74382627 0.499888986
vt 0.694796443 0.485915989
vt 0.701876402 0.499888986
vt 0.75104332 0.485915989
vt 0.75104332 0.432767391
vt 0.694796443 0.432767391
vt 0.993280828 0.778205156
vt 0.958617628 0.764232159
vt 0.961590588 0.778205156
vt 0.996115983 0.764232159
vt 0.996115983 0.711083353
vt 0.958617628 0.711083353
vt 0.74382627 0.499888986
vt 0.694796443 0.485915989
vt 0.701876402 0.499888986
vt 0.75104332 0.485915989
vt 0.75104332 0.432767391
vt 0.694796443 0.432767391
vt 0.961590588 0.778205156
vt 0.996115983 0.764232159
vt 0.993280828 0.778205156
vt 0.958617628 0.764232159
vt 0.958617628 0.711083353
vt 0.996115983 0.711083353
vt 0.630510867 0.591426611
vt 0.64323777 0.60546875
vt 0.64323777 0.591426611
vt 0.630510867 0.60546875
vt 0.6171875 0.591426611
vt 0.6171875 0.60546875
vt 0.64323777 0.591426611
vt 0.64323777 0.60546875
vt 0.630510867 0.60546875
vt 0.630510867 0.591426611
vt 0.6171875 0.60546875
vt 0.6171875 0.591426611
vt 0.6171875 0.591426611
vt 0.6171875 0.60546875
vt 0.630510867 0.60546875
vt 0.630510867 0.591426611
vt 0.64323777 0.60546875
vt 0.64323777 0.591426611
vt 0.64323777 0.591426611
vt 0.64323777 0.60546875
vt 0.630510867 0.60546875
vt 0.630510867 0.591426611
vt 0.6171875 0.60546875
vt 0.6171875 0.591426611
vt 0.792120337 0.596871853
vt 0.803849459 0.596871853
vt 0.812143326 0.588578224
vt 0.812143326 0.576848984
vt 0.783826351 0.588578224
vt 0.803849459 0.568555534
vt 0.783826351 0.576848984
vt 0.792120337 0.568555534
vt 0.63051039 0.60546875
vt 0.64323777 0.591426611
vt 0.64323777 0.60546875
vt 0.63051039 0.591426611
vt 0.6171875 0.60546875
vt 0.6171875 0.591426611
vt 0.64323777 0.60546875
vt 0.64323777 0.591426611
vt 0.63051039 0.591426611
vt 0.63051039 0.60546875
vt 0.6171875 0.591426611
vt 0.6171875 0.60546875
vt 0.6171875 0.60546875
vt 0.6171875 0.591426611
vt 0.63051039 0.591426611
vt 0.63051039 0.60546875
vt 0.64323777 0.591426611
vt 0.64323777 0.60546875
vt 0.64323777 0.60546875
vt 0.64323777 0.591426611
vt 0.63051039 0.591426611
vt 0.63051039 0.60546875
vt 0.6171875 0.591426611
vt 0.6171875 0.60546875
vt 0.792120337 0.596871853
vt 0.803849459 0.596871853
vt 0.812143326 0.588578224
vt 0.812143326 0.576848984
vt 0.783826351 0.588578224
vt 0.803849459 0.568555534
vt 0.783826351 0.576848984
vt 0.792120337 0.568555534
vt 0.50390625 0.541166663
vt 0.50390625 0.509383082
vt 0.30078125 0.509383082
vt 0.30078125 0.541166663
vt 0.50390625 0.58203125
vt 0.30078125 0.58203125
vt 0.50390625 0.58203125
vt 0.30078125 0.58203125
vt 0.30078125 0.541166663
vt 0.50390625 0.541166425
vt 0.50390625 0.509383082
vt 0.30078125 0.509383082
vt 0.199927315 0.615172088
vt 0.199927196 0.622670412
vt 0.295278072 0.622670412
vt 0.295278221 0.615172088
vt 0.199927315 0.599967837
vt 0.295278072 0.599967837
vt 0.199927196 0.622670412
vt 0.295278072 0.622670412
vt 0.295278221 0.615172088
vt 0.199927315 0.615172088
vt 0.199927315 0.599967837
vt 0.295278072 0.599967837
vt 0.199929178 0.622670412
vt 0.295278072 0.622670412
vt 0.295278221 0.615172088
vt 0.199929178 0.615172088
vt 0.295278072 0.599967837
vt 0.199929178 0.599967837
vt 0.199929178 0.615172088
vt 0.199929178 0.622670412
vt 0.295278072 0.622670412
vt 0.295278221 0.615172088
vt 0.295278072 0.599967837
vt 0.199929178 0.599967837
vt 0.949520707 0.76953125
vt 0.9296875 0.76953125
vt 0.929667711 0.749717832
vt 0.949500918 0.749717832
vt 0.949500918 0.749717832
vt 0.949520707 0.769530892
vt 0.9296875 0.769530892
vt 0.929667711 0.749717832
vt 0.708312154 0.527520478
vt 0.708312154 0.573834419
vt 0.731468916 0.573834419
vt 0.731468916 0.527520478
vt 0.731468916 0.527520478
vt 0.731468916 0.573834419
vt 0.754625678 0.573834419
vt 0.754625678 0.527520478
vt 0.731468916 0.52752012
vt 0.731468916 0.573834419
vt 0.754625678 0.573834419
vt 0.754625678 0.52752012
vt 0.731468916 0.527520478
vt 0.731468916 0.573834419
vt 0.754625678 0.573834419
vt 0.754625678 0.527520478
vt 0.949520707 0.769530892
vt 0.9296875 0.769530892
vt 0.929667711 0.749717832
vt 0.949500918 0.749717832
vt 0.949500918 0.749717832
vt 0.949520707 0.769530892
vt 0.9296875 0.769530892
vt 0.929667711 0.749717832
vt 0.708312154 0.527520478
vt 0.708312154 0.573834419
vt 0.731468916 0.573834419
vt 0.731468916 0.527520478
vt 0.731468916 0.527520478
vt 0.731468916 0.573834419
vt 0.754625678 0.573834419
vt 0.754625678 0.527520478
vt 0.731468916 0.52752012
vt 0.731468916 0.573834419
vt 0.754625678 0.573834419
vt 0.754625678 0.52752012
vt 0.731468916 0.527520478
vt 0.731468916 0.573834419
vt 0.754625678 0.573834419
vt 0.754625678 0.527520478
vt 0.0780690238 0.527301371
vt 0.0780690238 0.541053712
vt 0.0694596842 0.541053712
vt 0.0694596842 0.527301371
vt 0.0608534999 0.541053712
vt 0.0608534999 0.527301371
vt 0.0522495098 0.541053712
vt 0.0522495098 0.527301371
vt 0.0522495098 0.527301371
vt 0.0522495098 0.541053712
vt 0.0608534999 0.541053712
vt 0.0608534999 0.527301371
vt 0.0694596842 0.541053712
vt 0.0694596842 0.527301371
vt 0.0780690238 0.541053712
vt 0.0780690238 0.527301371
vt 0.942738652 0.873201072
vt 0.936299086 0.862047851
vt 0.923421144 0.862047851
vt 0.916982174 0.873201072
vt 0.936299086 0.884354472
vt 0.923421144 0.884354472
vt 0.0522495098 0.541053712
vt 0.0608534999 0.527300656
vt 0.0522495098 0.527300656
vt 0.0608534999 0.541053712
vt 0.0694596842 0.527300656
vt 0.0694596842 0.541053712
vt 0.0780690238 0.527300656
vt 0.0780690238 0.541053712
vt 0.0780690238 0.541053712
vt 0.0694596842 0.527300656
vt 0.0780690238 0.527300656
vt 0.0694596842 0.541053712
vt 0.0608534999 0.527300656
vt 0.0608534999 0.541053712
vt 0.0522495098 0.527300656
vt 0.0522495098 0.541053712
vt 0.942738652 0.873201072
vt 0.936299086 0.862047851
vt 0.923421144 0.862047851
vt 0.916982174 0.873201072
vt 0.936299086 0.884354472
vt 0.923421144 0.884354472
vt 0.189612702 0.605213881
vt 0.189612702 0.600359321
vt 0.15834558 0.600359321
vt 0.15834558 0.605213881
vt 0.189612702 0.610221386
vt 0.148417428 0.600359321
vt 0.15834558 0.610221386
vt 0.189612702 0.614744067
vt 0.148417428 0.605213881
vt 0.129214689 0.600359321
vt 0.15834558 0.614744067
vt 0.189612702 0.619379044
vt 0.129214689 0.605213881
vt 0.121821806 0.600359321
vt 0.148417428 0.610221386
vt 0.15834558 0.619379044
vt 0.189612702 0.624470472
vt 0.15834558 0.624470472
vt 0.121821806 0.605213881
vt 0.114168093 0.600359321
vt 0.114168093 0.605213881
vt 0.129214689 0.610221386
vt 0.148417428 0.614744067
vt 0.148417428 0.619379044
vt 0.148417428 0.624470472
vt 0.121821806 0.610221386
vt 0.114168093 0.610221386
vt 0.129214689 0.614744067
vt 0.129214689 0.619379044
vt 0.129214689 0.624470472
vt 0.121821806 0.614744067
vt 0.114168093 0.614744067
vt 0.121821806 0.619379044
vt 0.121821806 0.624470472
vt 0.114168093 0.619379044
vt 0.114168093 0.624470472
vt 0.189612702 0.605213881
vt 0.15834558 0.600359321
vt 0.189612702 0.600359321
vt 0.15834558 0.605213881
vt 0.189612702 0.610221386
vt 0.148417428 0.600359321
vt 0.15834558 0.610221386
vt 0.189612702 0.614744067
vt 0.148417428 0.605213881
vt 0.129214689 0.600359321
vt 0.15834558 0.614744067
vt 0.189612702 0.619379044
vt 0.129214689 0.605213881
vt 0.121821806 0.600359321
vt 0.148417428 0.610221386
vt 0.15834558 0.619379044
vt 0.189612702 0.624470472
vt 0.15834558 0.624470472
vt 0.121821806 0.605213881
vt 0.114168093 0.600359321
vt 0.114168093 0.605213881
vt 0.129214689 0.610221386
vt 0.148417428 0.614744067
vt 0.148417428 0.619379044
vt 0.148417428 0.624470472
vt 0.121821806 0.610221386
vt 0.114168093 0.610221386
vt 0.129214689 0.614744067
vt 0.129214689 0.619379044
vt 0.129214689 0.624470472
vt 0.121821806 0.614744067
vt 0.114168093 0.614744067
vt 0.121821806 0.619379044
vt 0.121821806 0.624470472
vt 0.114168093 0.619379044
vt 0.114168093 0.624470472
vt 0.6525442 0.607646406
vt 0.694722593 0.607646406
vt 0.694722593 0.583920658
vt 0.6525442 0.583921015
vt 0.57378459 0.550939083
vt 0.57378459 0.579278231
vt 0.630463123 0.579278231
vt 0.630463123 0.550939083
vt 0.74382627 0.499888986
vt 0.694796443 0.485915989
vt 0.701876402 0.499888986
vt 0.75104332 0.485915989
vt 0.75104332 0.432767391
vt 0.694796443 0.432767391
vt 0.993280828 0.778205156
vt 0.958617628 0.764232159
vt 0.961590588 0.778205156
vt 0.996115983 0.764232159
vt 0.996115983 0.711083353
vt 0.958617628 0.711083353
vt 0.74382627 0.499888986
vt 0.694796443 0.485915989
vt 0.701876402 0.499888986
vt 0.75104332 0.485915989
vt 0.75104332 0.432767391
vt 0.694796443 0.432767391
vt 0.961590588 0.778205156
vt 0.996115983 0.764232159
vt 0.993280828 0.778205156
vt 0.958617628 0.764232159
vt 0.958617628 0.711083353
vt 0.996115983 0.711083353
vt 0.630510867 0.591426611
vt 0.64323777 0.60546875
vt 0.64323777 0.591426611
vt 0.630510867 0.60546875
vt 0.6171875 0.591426611
vt 0.6171875 0.60546875
vt 0.64323777 0.591426611
vt 0.64323777 0.60546875
vt 0.630510867 0.60546875
vt 0.630510867 0.591426611
vt 0.6171875 0.60546875
vt 0.6171875 0.591426611
vt 0.6171875 0.591426611
vt 0.6171875 0.60546875
vt 0.630510867 0.60546875
vt 0.630510867 0.591426611
vt 0.64323777 0.60546875
vt 0.64323777 0.591426611
vt 0.64323777 0.591426611
vt 0.64323777 0.60546875
vt 0.630510867 0.60546875
vt 0.630510867 0.591426611
vt 0.6171875 0.60546875
vt 0.6171875 0.591426611
vt 0.803849459 0.596871853
vt 0.812143326 0.588578224
vt 0.812143326 0.576848984
vt 0.803849459 0.568555534
vt 0.792120337 0.596871853
vt 0.792120337 0.568555534
vt 0.783826351 0.588578224
vt 0.783826351 0.576848984
vt 0.63051039 0.60546875
vt 0.64323777 0.591426611
vt 0.64323777 0.60546875
vt 0.63051039 0.591426611
vt 0.6171875 0.60546875
vt 0.6171875 0.591426611
vt 0.64323777 0.60546875
vt 0.64323777 0.591426611
vt 0.63051039 0.591426611
vt 0.63051039 0.60546875
vt 0.6171875 0.591426611
vt 0.6171875 0.60546875
vt 0.6171875 0.60546875
vt 0.6171875 0.591426611
vt 0.63051039 0.591426611
vt 0.63051039 0.60546875
vt 0.64323777 0.591426611
vt 0.64323777 0.60546875
vt 0.64323777 0.60546875
vt 0.64323777 0.591426611
vt 0.63051039 0.591426611
vt 0.63051039 0.60546875
vt 0.6171875 0.591426611
vt 0.6171875 0.60546875
vt 0.803849459 0.596871853
vt 0.812143326 0.588578224
vt 0.812143326 0.576848984
vt 0.803849459 0.568555534
vt 0.792120337 0.596871853
vt 0.792120337 0.568555534
vt 0.783826351 0.576848984
vt 0.783826351 0.588578224
vt 0.50390625 0.541166663
vt 0.50390625 0.509383082
vt 0.30078125 0.509383082
vt 0.30078125 0.541166663
vt 0.50390625 0.58203125
vt 0.30078125 0.58203125
vt 0.50390625 0.58203125
vt 0.30078125 0.58203125
vt 0.30078125 0.541166663
vt 0.50390625 0.541166425
vt 0.50390625 0.509383082
vt 0.30078125 0.509383082
vt 0.199927315 0.615172088
vt 0.199927196 0.622670412
vt 0.295278072 0.622670412
vt 0.295278221 0.615172088
vt 0.199927315 0.599967837
vt 0.295278072 0.599967837
vt 0.199927196 0.622670412
vt 0.295278072 0.622670412
vt 0.295278221 0.615172088
vt 0.199927315 0.615172088
vt 0.199927315 0.599967837
vt 0.295278072 0.599967837
vt 0.199929178 0.622670412
vt 0.295278072 0.622670412
vt 0.295278221 0.615172088
vt 0.199929178 0.615172088
vt 0.295278072 0.599967837
vt 0.199929178 0.599967837
vt 0.199929178 0.615172088
vt 0.199929178 0.622670412
vt 0.295278072 0.622670412
vt 0.295278221 0.615172088
vt 0.295278072 0.599967837
vt 0.199929178 0.599967837
vt 0.949520707 0.76953125
vt 0.9296875 0.76953125
vt 0.929667711 0.749717832
vt 0.949500918 0.749717832
vt 0.949500918 0.749717832
vt 0.949520707 0.769530892
vt 0.9296875 0.769530892
vt 0.929667711 0.749717832
vt 0.708312154 0.527520478
vt 0.708312154 0.573834419
vt 0.731468916 0.573834419
vt 0.731468916 0.527520478
vt 0.731468916 0.527520478
vt 0.731468916 0.573834419
vt 0.754625678 0.573834419
vt 0.754625678 0.527520478
vt 0.731468916 0.52752012
vt 0.731468916 0.573834419
vt 0.754625678 0.573834419
vt 0.754625678 0.52752012
vt 0.731468916 0.527520478
vt 0.731468916 0.573834419
vt 0.754625678 0.573834419
vt 0.754625678 0.527520478
vt 0.949520707 0.769530892
vt 0.9296875 0.769530892
vt 0.929667711 0.749717832
vt 0.949500918 0.749717832
vt 0.949500918 0.749717832
vt 0.949520707 0.769530892
vt 0.9296875 0.769530892
vt 0.929667711 0.749717832
vt 0.708312154 0.527520478
vt 0.708312154 0.573834419
vt 0.731468916 0.573834419
vt 0.731468916 0.527520478
vt 0.731468916 0.527520478
vt 0.731468916 0.573834419
vt 0.754625678 0.573834419
vt 0.754625678 0.527520478
vt 0.731468916 0.52752012
vt 0.731468916 0.573834419
vt 0.754625678 0.573834419
vt 0.754625678 0.52752012
vt 0.731468916 0.527520478
vt 0.731468916 0.573834419
vt 0.754625678 0.573834419
vt 0.754625678 0.527520478
vt 0.0780690238 0.527301371
vt 0.0780690238 0.541053712
vt 0.0694596842 0.541053712
vt 0.0694596842 0.527301371
vt 0.0608534999 0.541053712
vt 0.0608534999 0.527301371
vt 0.0522495098 0.541053712
vt 0.0522495098 0.527301371
vt 0.0522495098 0.527301371
vt 0.0522495098 0.541053712
vt 0.0608534999 0.541053712
vt 0.0608534999 0.527301371
vt 0.0694596842 0.541053712
vt 0.0694596842 0.527301371
vt 0.0780690238 0.541053712
vt 0.0780690238 0.527301371
vt 0.942738652 0.873201072
vt 0.936299086 0.862047851
vt 0.923421144 0.862047851
vt 0.916982174 0.873201072
vt 0.936299086 0.884354472
vt 0.923421144 0.884354472
vt 0.0522495098 0.541053712
vt 0.0608534999 0.527300656
vt 0.0522495098 0.527300656
vt 0.0608534999 0.541053712
vt 0.0694596842 0.527300656
vt 0.0694596842 0.541053712
vt 0.0780690238 0.527300656
vt 0.0780690238 0.541053712
vt 0.0780690238 0.541053712
vt 0.0694596842 0.527300656
vt 0.0780690238 0.527300656
vt 0.0694596842 0.541053712
vt 0.0608534999 0.527300656
vt 0.0608534999 0.541053712
vt 0.0522495098 0.527300656
vt 0.0522495098 0.541053712
vt 0.942738652 0.873201072
vt 0.936299086 0.862047851
vt 0.923421144 0.862047851
vt 0.916982174 0.873201072
vt 0.936299086 0.884354472
vt 0.923421144 0.884354472
vt 0.189612702 0.605213881
vt 0.189612702 0.600359321
vt 0.15834558 0.600359321
vt 0.15834558 0.605213881
vt 0.189612702 0.610221386
vt 0.148417428 0.600359321
vt 0.15834558 0.610221386
vt 0.189612702 0.614744067
vt 0.148417428 0.605213881
vt 0.129214689 0.600359321
vt 0.15834558 0.614744067
vt 0.189612702 0.619379044
vt 0.129214689 0.605213881
vt 0.121821806 0.600359321
vt 0.148417428 0.610221386
vt 0.15834558 0.619379044
vt 0.189612702 0.624470472
vt 0.15834558 0.624470472
vt 0.121821806 0.605213881
vt 0.114168093 0.600359321
vt 0.114168093 0.605213881
vt 0.129214689 0.610221386
vt 0.148417428 0.614744067
vt 0.148417428 0.619379044
vt 0.148417428 0.624470472
vt 0.121821806 0.610221386
vt 0.114168093 0.610221386
vt 0.129214689 0.614744067
vt 0.129214689 0.619379044
vt 0.129214689 0.624470472
vt 0.121821806 0.614744067
vt 0.114168093 0.614744067
vt 0.121821806 0.619379044
vt 0.121821806 0.624470472
vt 0.114168093 0.619379044
vt 0.114168093 0.624470472
vt 0.189612702 0.605213881
vt 0.15834558 0.600359321
vt 0.189612702 0.600359321
vt 0.15834558 0.605213881
vt 0.189612702 0.610221386
vt 0.148417428 0.600359321
vt 0.15834558 0.610221386
vt 0.189612702 0.614744067
vt 0.148417428 0.605213881
vt 0.129214689 0.600359321
vt 0.15834558 0.614744067
vt 0.189612702 0.619379044
vt 0.129214689 0.605213881
vt 0.121821806 0.600359321
vt 0.148417428 0.610221386
vt 0.15834558 0.619379044
vt 0.189612702 0.624470472
vt 0.15834558 0.624470472
vt 0.121821806 0.605213881
vt 0.114168093 0.600359321
vt 0.114168093 0.605213881
vt 0.129214689 0.610221386
vt 0.148417428 0.614744067
vt 0.148417428 0.619379044
vt 0.148417428 0.624470472
vt 0.121821806 0.610221386
vt 0.114168093 0.610221386
vt 0.129214689 0.614744067
vt 0.129214689 0.619379044
vt 0.129214689 0.624470472
vt 0.121821806 0.614744067
vt 0.114168093 0.614744067
vt 0.121821806 0.619379044
vt 0.121821806 0.624470472
vt 0.114168093 0.619379044
vt 0.114168093 0.624470472
vt 0.6525442 0.607646406
vt 0.694722593 0.607646406
vt 0.694722593 0.583920658
vt 0.6525442 0.583921015
vt 0.57378459 0.550939083
vt 0.57378459 0.579278231
vt 0.630463123 0.579278231
vt 0.630463123 0.550939083
vt 0.74382627 0.499888986
vt 0.694796443 0.485915989
vt 0.701876402 0.499888986
vt 0.75104332 0.485915989
vt 0.75104332 0.432767391
vt 0.694796443 0.432767391
vt 0.993280828 0.778205156
vt 0.958617628 0.764232159
vt 0.961590588 0.778205156
vt 0.996115983 0.764232159
vt 0.996115983 0.711083353
vt 0.958617628 0.711083353
vt 0.74382627 0.499888986
vt 0.694796443 0.485915989
vt 0.701876402 0.499888986
vt 0.75104332 0.485915989
vt 0.75104332 0.432767391
vt 0.694796443 0.432767391
vt 0.961590588 0.778205156
vt 0.996115983 0.764232159
vt 0.993280828 0.778205156
vt 0.958617628 0.764232159
vt 0.958617628 0.711083353
vt 0.996115983 0.711083353
vt 0.630510867 0.591426611
vt 0.64323777 0.60546875
vt 0.64323777 0.591426611
vt 0.630510867 0.60546875
vt 0.6171875 0.591426611
vt 0.6171875 0.60546875
vt 0.64323777 0.591426611
vt 0.64323777 0.60546875
vt 0.630510867 0.60546875
vt 0.630510867 0.591426611
vt 0.6171875 0.60546875
vt 0.6171875 0.591426611
vt 0.6171875 0.591426611
vt 0.6171875 0.60546875
vt 0.630510867 0.60546875
vt 0.630510867 0.591426611
vt 0.64323777 0.60546875
vt 0.64323777 0.591426611
vt 0.64323777 0.591426611
vt 0.64323777 0.60546875
vt 0.630510867 0.60546875
vt 0.630510867 0.591426611
vt 0.6171875 0.60546875
vt 0.6171875 0.591426611
vt 0.812143326 0.576848984
vt 0.803849459 0.568555534
vt 0.792120337 0.568555534
vt 0.812143326 0.588578224
vt 0.803849459 0.596871853
vt 0.783826351 0.576848984
vt 0.792120337 0.596871853
vt 0.783826351 0.588578224
vt 0.63051039 0.60546875
vt 0.64323777 0.591426611
vt 0.64323777 0.60546875
vt 0.63051039 0.591426611
vt 0.6171875 0.60546875
vt 0.6171875 0.591426611
vt 0.64323777 0.60546875
vt 0.64323777 0.591426611
vt 0.63051039 0.591426611
vt 0.63051039 0.60546875
vt 0.6171875 0.591426611
vt 0.6171875 0.60546875
vt 0.6171875 0.60546875
vt 0.6171875 0.591426611
vt 0.63051039 0.591426611
vt 0.63051039 0.60546875
vt 0.64323777 0.591426611
vt 0.64323777 0.60546875
vt 0.64323777 0.60546875
vt 0.64323777 0.591426611
vt 0.63051039 0.591426611
vt 0.63051039 0.60546875
vt 0.6171875 0.591426611
vt 0.6171875 0.60546875
vt 0.812143326 0.588578224
vt 0.812143326 0.576848984
vt 0.803849459 0.568555534
vt 0.792120337 0.568555534
vt 0.783826351 0.576848984
vt 0.803849459 0.596871853
vt 0.783826351 0.588578224
vt 0.792120337 0.596871853
vt 0.50390625 0.541166663
vt 0.50390625 0.509383082
vt 0.30078125 0.509383082
vt 0.30078125 0.541166663
vt 0.50390625 0.58203125
vt 0.30078125 0.58203125
vt 0.50390625 0.58203125
vt 0.30078125 0.58203125
vt 0.30078125 0.541166663
vt 0.50390625 0.541166425
vt 0.50390625 0.509383082
vt 0.30078125 0.509383082
vt 0.199927315 0.615172088
vt 0.199927196 0.622670412
vt 0.295278072 0.622670412
vt 0.295278221 0.615172088
vt 0.199927315 0.599967837
vt 0.295278072 0.599967837
vt 0.199927196 0.622670412
vt 0.295278072 0.622670412
vt 0.295278221 0.615172088
vt 0.199927315 0.615172088
vt 0.199927315 0.599967837
vt 0.295278072 0.599967837
vt 0.199929178 0.622670412
vt 0.295278072 0.622670412
vt 0.295278221 0.615172088
vt 0.199929178 0.615172088
vt 0.295278072 0.599967837
vt 0.199929178 0.599967837
vt 0.199929178 0.615172088
vt 0.199929178 0.622670412
vt 0.295278072 0.622670412
vt 0.295278221 0.615172088
vt 0.295278072 0.599967837
vt 0.199929178 0.599967837
vt 0.949520707 0.76953125
vt 0.9296875 0.76953125
vt 0.929667711 0.749717832
vt 0.949500918 0.749717832
vt 0.949500918 0.749717832
vt 0.949520707 0.769530892
vt 0.9296875 0.769530892
vt 0.929667711 0.749717832
vt 0.708312154 0.527520478
vt 0.708312154 0.573834419
vt 0.731468916 0.573834419
vt 0.731468916 0.527520478
vt 0.731468916 0.527520478
vt 0.731468916 0.573834419
vt 0.754625678 0.573834419
vt 0.754625678 0.527520478
vt 0.731468916 0.52752012
vt 0.731468916 0.573834419
vt 0.754625678 0.573834419
vt 0.754625678 0.52752012
vt 0.731468916 0.527520478
vt 0.731468916 0.573834419
vt 0.754625678 0.573834419
vt 0.754625678 0.527520478
vt 0.949520707 0.769530892
vt 0.9296875 0.769530892
vt 0.929667711 0.749717832
vt 0.949500918 0.749717832
vt 0.949500918 0.749717832
vt 0.949520707 0.769530892
vt 0.9296875 0.769530892
vt 0.929667711 0.749717832
vt 0.708312154 0.527520478
vt 0.708312154 0.573834419
vt 0.731468916 0.573834419
vt 0.731468916 0.527520478
vt 0.731468916 0.527520478
vt 0.731468916 0.573834419
vt 0.754625678 0.573834419
vt 0.754625678 0.527520478
vt 0.731468916 0.52752012
vt 0.731468916 0.573834419
vt 0.754625678 0.573834419
vt 0.754625678 0.52752012
vt 0.731468916 0.527520478
vt 0.731468916 0.573834419
vt 0.754625678 0.573834419
vt 0.754625678 0.527520478
vt 0.0780690238 0.527301371
vt 0.0780690238 0.541053712
vt 0.0694596842 0.541053712
vt 0.0694596842 0.527301371
vt 0.0608534999 0.541053712
vt 0.0608534999 0.527301371
vt 0.0522495098 0.541053712
vt 0.0522495098 0.527301371
vt 0.0522495098 0.527301371
vt 0.0522495098 0.541053712
vt 0.0608534999 0.541053712
vt 0.0608534999 0.527301371
vt 0.0694596842 0.541053712
vt 0.0694596842 0.527301371
vt 0.0780690238 0.541053712
vt 0.0780690238 0.527301371
vt 0.923421144 0.862047851
vt 0.916982174 0.873201072
vt 0.923421144 0.884354472
vt 0.936299086 0.862047851
vt 0.936299086 0.884354472
vt 0.942738652 0.873201072
vt 0.0522495098 0.541053712
vt 0.0608534999 0.527300656
vt 0.0522495098 0.527300656
vt 0.0608534999 0.541053712
vt 0.0694596842 0.527300656
vt 0.0694596842 0.541053712
vt 0.0780690238 0.527300656
vt 0.0780690238 0.541053712
vt 0.0780690238 0.541053712
vt 0.0694596842 0.527300656
vt 0.0780690238 0.527300656
vt 0.0694596842 0.541053712
vt 0.0608534999 0.527300656
vt 0.0608534999 0.541053712
vt 0.0522495098 0.527300656
vt 0.0522495098 0.541053712
vt 0.923421144 0.862047851
vt 0.916982174 0.873201072
vt 0.923421144 0.884354472
vt 0.936299086 0.862047851
vt 0.936299086 0.884354472
vt 0.942738652 0.873201072
vt 0.189612702 0.605213881
vt 0.189612702 0.600359321
vt 0.15834558 0.600359321
vt 0.15834558 0.605213881
vt 0.189612702 0.610221386
vt 0.148417428 0.600359321
vt 0.15834558 0.610221386
vt 0.189612702 0.614744067
vt 0.148417428 0.605213881
vt 0.129214689 0.600359321
vt 0.15834558 0.614744067
vt 0.189612702 0.619379044
vt 0.129214689 0.605213881
vt 0.121821806 0.600359321
vt 0.148417428 0.610221386
vt 0.15834558 0.619379044
vt 0.189612702 0.624470472
vt 0.15834558 0.624470472
vt 0.121821806 0.605213881
vt 0.114168093 0.600359321
vt 0.114168093 0.605213881
vt 0.129214689 0.610221386
vt 0.148417428 0.614744067
vt 0.148417428 0.619379044
vt 0.148417428 0.624470472
vt 0.121821806 0.610221386
vt 0.114168093 0.610221386
vt 0.129214689 0.614744067
vt 0.129214689 0.619379044
vt 0.129214689 0.624470472
vt 0.121821806 0.614744067
vt 0.114168093 0.614744067
vt 0.121821806 0.619379044
vt 0.121821806 0.624470472
vt 0.114168093 0.619379044
vt 0.114168093 0.624470472
vt 0.189612702 0.605213881
vt 0.15834558 0.600359321
vt 0.189612702 0.600359321
vt 0.15834558 0.605213881
vt 0.189612702 0.610221386
vt 0.148417428 0.600359321
vt 0.15834558 0.610221386
vt 0.189612702 0.614744067
vt 0.148417428 0.605213881
vt 0.129214689 0.600359321
vt 0.15834558 0.614744067
vt 0.189612702 0.619379044
vt 0.129214689 0.605213881
vt 0.121821806 0.600359321
vt 0.148417428 0.610221386
vt 0.15834558 0.619379044
vt 0.189612702 0.624470472
vt 0.15834558 0.624470472
vt 0.121821806 0.605213881
vt 0.114168093 0.600359321
vt 0.114168093 0.605213881
vt 0.129214689 0.610221386
vt 0.148417428 0.614744067
vt 0.148417428 0.619379044
vt 0.148417428 0.624470472
vt 0.121821806 0.610221386
vt 0.114168093 0.610221386
vt 0.129214689 0.614744067
vt 0.129214689 0.619379044
vt 0.129214689 0.624470472
vt 0.121821806 0.614744067
vt 0.114168093 0.614744067
vt 0.121821806 0.619379044
vt 0.121821806 0.624470472
vt 0.114168093 0.619379044
vt 0.114168093 0.624470472
vt 0.6525442 0.607646406
vt 0.694722593 0.607646406
vt 0.694722593 0.583920658
vt 0.6525442 0.583921015
vt 0.57378459 0.550939083
vt 0.57378459 0.579278231
vt 0.630463123 0.579278231
vt 0.630463123 0.550939083
vt 0.74382627 0.499888986
vt 0.694796443 0.485915989
vt 0.701876402 0.499888986
vt 0.75104332 0.485915989
vt 0.75104332 0.432767391
vt 0.694796443 0.432767391
vt 0.993280828 0.778205156
vt 0.958617628 0.764232159
vt 0.961590588 0.778205156
vt 0.996115983 0.764232159
vt 0.996115983 0.711083353
vt 0.958617628 0.711083353
vt 0.74382627 0.499888986
vt 0.694796443 0.485915989
vt 0.701876402 0.499888986
vt 0.75104332 0.485915989
vt 0.75104332 0.432767391
vt 0.694796443 0.432767391
vt 0.961590588 0.778205156
vt 0.996115983 0.764232159
vt 0.993280828 0.778205156
vt 0.958617628 0.764232159
vt 0.958617628 0.711083353
vt 0.996115983 0.711083353
vt 0.630510867 0.591426611
vt 0.64323777 0.60546875
vt 0.64323777 0.591426611
vt 0.630510867 0.60546875
vt 0.6171875 0.591426611
vt 0.6171875 0.60546875
vt 0.64323777 0.591426611
vt 0.64323777 0.60546875
vt 0.630510867 0.60546875
vt 0.630510867 0.591426611
vt 0.6171875 0.60546875
vt 0.6171875 0.591426611
vt 0.6171875 0.591426611
vt 0.6171875 0.60546875
vt 0.630510867 0.60546875
vt 0.630510867 0.591426611
vt 0.64323777 0.60546875
vt 0.64323777 0.591426611
vt 0.64323777 0.591426611
vt 0.64323777 0.60546875
vt 0.630510867 0.60546875
vt 0.630510867 0.591426611
vt 0.6171875 0.60546875
vt 0.6171875 0.591426611
vt 0.812143326 0.576848984
vt 0.803849459 0.568555534
vt 0.792120337 0.568555534
vt 0.783826351 0.576848984
vt 0.812143326 0.588578224
vt 0.783826351 0.588578224
vt 0.803849459 0.596871853
vt 0.792120337 0.596871853
vt 0.63051039 0.60546875
vt 0.64323777 0.591426611
vt 0.64323777 0.60546875
vt 0.63051039 0.591426611
vt 0.6171875 0.60546875
vt 0.6171875 0.591426611
vt 0.64323777 0.60546875
vt 0.64323777 0.591426611
vt 0.63051039 0.591426611
vt 0.63051039 0.60546875
vt 0.6171875 0.591426611
vt 0.6171875 0.60546875
vt 0.6171875 0.60546875
vt 0.6171875 0.591426611
vt 0.63051039 0.591426611
vt 0.63051039 0.60546875
vt 0.64323777 0.591426611
vt 0.64323777 0.60546875
vt 0.64323777 0.60546875
vt 0.64323777 0.591426611
vt 0.63051039 0.591426611
vt 0.63051039 0.60546875
vt 0.6171875 0.591426611
vt 0.6171875 0.60546875
vt 0.812143326 0.576848984
vt 0.803849459 0.568555534
vt 0.792120337 0.568555534
vt 0.783826351 0.576848984
vt 0.812143326 0.588578224
vt 0.783826351 0.588578224
vt 0.803849459 0.596871853
vt 0.792120337 0.596871853
vt 0.50390625 0.541166663
vt 0.50390625 0.509383082
vt 0.30078125 0.509383082
vt 0.30078125 0.541166663
vt 0.50390625 0.58203125
vt 0.30078125 0.58203125
vt 0.50390625 0.58203125
vt 0.30078125 0.58203125
vt 0.30078125 0.541166663
vt 0.50390625 0.541166425
vt 0.50390625 0.509383082
vt 0.30078125 0.509383082
vt 0.199927315 0.615172088
vt 0.199927196 0.622670412
vt 0.295278072 0.622670412
vt 0.295278221 0.615172088
vt 0.199927315 0.599967837
vt 0.295278072 0.599967837
vt 0.199927196 0.622670412
vt 0.295278072 0.622670412
vt 0.295278221 0.615172088
vt 0.199927315 0.615172088
vt 0.199927315 0.599967837
vt 0.295278072 0.599967837
vt 0.199929178 0.622670412
vt 0.295278072 0.622670412
vt 0.295278221 0.615172088
vt 0.199929178 0.615172088
vt 0.295278072 0.599967837
vt 0.199929178 0.599967837
vt 0.199929178 0.615172088
vt 0.199929178 0.622670412
vt 0.295278072 0.622670412
vt 0.295278221 0.615172088
vt 0.295278072 0.599967837
vt 0.199929178 0.599967837
vt 0.949520707 0.76953125
vt 0.9296875 0.76953125
vt 0.929667711 0.749717832
vt 0.949500918 0.749717832
vt 0.949500918 0.749717832
vt 0.949520707 0.769530892
vt 0.9296875 0.769530892
vt 0.929667711 0.749717832
vt 0.708312154 0.527520478
vt 0.708312154 0.573834419
vt 0.731468916 0.573834419
vt 0.731468916 0.527520478
vt 0.731468916 0.527520478
vt 0.731468916 0.573834419
vt 0.754625678 0.573834419
vt 0.754625678 0.527520478
vt 0.731468916 0.52752012
vt 0.731468916 0.573834419
vt 0.754625678 0.573834419
vt 0.754625678 0.52752012
vt 0.731468916 0.527520478
vt 0.731468916 0.573834419
vt 0.754625678 0.573834419
vt 0.754625678 0.527520478
vt 0.949520707 0.769530892
vt 0.9296875 0.769530892
vt 0.929667711 0.749717832
vt 0.949500918 0.749717832
vt 0.949500918 0.749717832
vt 0.949520707 0.769530892
vt 0.9296875 0.769530892
vt 0.929667711 0.749717832
vt 0.708312154 0.527520478
vt 0.708312154 0.573834419
vt 0.731468916 0.573834419
vt 0.731468916 0.527520478
vt 0.731468916 0.527520478
vt 0.731468916 0.573834419
vt 0.754625678 0.573834419
vt 0.754625678 0.527520478
vt 0.731468916 0.52752012
vt 0.731468916 0.573834419
vt 0.754625678 0.573834419
vt 0.754625678 0.52752012
vt 0.731468916 0.527520478
vt 0.731468916 0.573834419
vt 0.754625678 0.573834419
vt 0.754625678 0.527520478
vt 0.0780690238 0.527301371
vt 0.0780690238 0.541053712
vt 0.0694596842 0.541053712
vt 0.0694596842 0.527301371
vt 0.0608534999 0.541053712
vt 0.0608534999 0.527301371
vt 0.0522495098 0.541053712
vt 0.0522495098 0.527301371
vt 0.0522495098 0.527301371
vt 0.0522495098 0.541053712
vt 0.0608534999 0.541053712
vt 0.0608534999 0.527301371
vt 0.0694596842 0.541053712
vt 0.0694596842 0.527301371
vt 0.0780690238 0.541053712
vt 0.0780690238 0.527301371
vt 0.923421144 0.862047851
vt 0.916982174 0.873201072
vt 0.923421144 0.884354472
vt 0.936299086 0.862047851
vt 0.936299086 0.884354472
vt 0.942738652 0.873201072
vt 0.0522495098 0.541053712
vt 0.0608534999 0.527300656
vt 0.0522495098 0.527300656
vt 0.0608534999 0.541053712
vt 0.0694596842 0.527300656
vt 0.0694596842 0.541053712
vt 0.0780690238 0.527300656
vt 0.0780690238 0.541053712
vt 0.0780690238 0.541053712
vt 0.0694596842 0.527300656
vt 0.0780690238 0.527300656
vt 0.0694596842 0.541053712
vt 0.0608534999 0.527300656
vt 0.0608534999 0.541053712
vt 0.0522495098 0.527300656
vt 0.0522495098 0.541053712
vt 0.923421144 0.862047851
vt 0.916982174 0.873201072
vt 0.923421144 0.884354472
vt 0.936299086 0.862047851
vt 0.936299086 0.884354472
vt 0.942738652 0.873201072
vt 0.189612702 0.605213881
vt 0.189612702 0.600359321
vt 0.15834558 0.600359321
vt 0.15834558 0.605213881
vt 0.189612702 0.610221386
vt 0.148417428 0.600359321
vt 0.15834558 0.610221386
vt 0.189612702 0.614744067
vt 0.148417428 0.605213881
vt 0.129214689 0.600359321
vt 0.15834558 0.614744067
vt 0.189612702 0.619379044
vt 0.129214689 0.605213881
vt 0.121821806 0.600359321
vt 0.148417428 0.610221386
vt 0.15834558 0.619379044
vt 0.189612702 0.624470472
vt 0.15834558 0.624470472
vt 0.121821806 0.605213881
vt 0.114168093 0.600359321
vt 0.114168093 0.605213881
vt 0.129214689 0.610221386
vt 0.148417428 0.614744067
vt 0.148417428 0.619379044
vt 0.148417428 0.624470472
vt 0.121821806 0.610221386
vt 0.114168093 0.610221386
vt 0.129214689 0.614744067
vt 0.129214689 0.619379044
vt 0.129214689 0.624470472
vt 0.121821806 0.614744067
vt 0.114168093 0.614744067
vt 0.121821806 0.619379044
vt 0.121821806 0.624470472
vt 0.114168093 0.619379044
vt 0.114168093 0.624470472
vt 0.189612702 0.605213881
vt 0.15834558 0.600359321
vt 0.189612702 0.600359321
vt 0.15834558 0.605213881
vt 0.189612702 0.610221386
vt 0.148417428 0.600359321
vt 0.15834558 0.610221386
vt 0.189612702 0.614744067
vt 0.148417428 0.605213881
vt 0.129214689 0.600359321
vt 0.15834558 0.614744067
vt 0.189612702 0.619379044
vt 0.129214689 0.605213881
vt 0.121821806 0.600359321
vt 0.148417428 0.610221386
vt 0.15834558 0.619379044
vt 0.189612702 0.624470472
vt 0.15834558 0.624470472
vt 0.121821806 0.605213881
vt 0.114168093 0.600359321
vt 0.114168093 0.605213881
vt 0.129214689 0.610221386
vt 0.148417428 0.614744067
vt 0.148417428 0.619379044
vt 0.148417428 0.624470472
vt 0.121821806 0.610221386
vt 0.114168093 0.610221386
vt 0.129214689 0.614744067
vt 0.129214689 0.619379044
vt 0.129214689 0.624470472
vt 0.121821806 0.614744067
vt 0.114168093 0.614744067
vt 0.121821806 0.619379044
vt 0.121821806 0.624470472
vt 0.114168093 0.619379044
vt 0.114168093 0.624470472
vt 0.6525442 0.607646406
vt 0.694722593 0.607646406
vt 0.694722593 0.583920658
vt 0.6525442 0.583921015
vt 0.57378459 0.550939083
vt 0.57378459 0.579278231
vt 0.630463123 0.579278231
vt 0.630463123 0.550939083
vt 0.74382627 0.499888986
vt 0.694796443 0.485915989
vt 0.701876402 0.499888986
vt 0.75104332 0.485915989
vt 0.75104332 0.432767391
vt 0.694796443 0.432767391
vt 0.993280828 0.778205156
vt 0.958617628 0.764232159
vt 0.961590588 0.778205156
vt 0.996115983 0.764232159
vt 0.996115983 0.711083353
vt 0.958617628 0.711083353
vt 0.74382627 0.499888986
vt 0.694796443 0.485915989
vt 0.701876402 0.499888986
vt 0.75104332 0.485915989
vt 0.75104332 0.432767391
vt 0.694796443 0.432767391
vt 0.961590588 0.778205156
vt 0.996115983 0.764232159
vt 0.993280828 0.778205156
vt 0.958617628 0.764232159
vt 0.958617628 0.711083353
vt 0.996115983 0.711083353
vt 0.630510867 0.591426611
vt 0.64323777 0.60546875
vt 0.64323777 0.591426611
vt 0.630510867 0.60546875
vt 0.6171875 0.591426611
vt 0.6171875 0.60546875
vt 0.64323777 0.591426611
vt 0.64323777 0.60546875
vt 0.630510867 0.60546875
vt 0.630510867 0.591426611
vt 0.6171875 0.60546875
vt 0.6171875 0.591426611
vt 0.6171875 0.591426611
vt 0.6171875 0.60546875
vt 0.630510867 0.60546875
vt 0.630510867 0.591426611
vt 0.64323777 0.60546875
vt 0.64323777 0.591426611
vt 0.64323777 0.591426611
vt 0.64323777 0.60546875
vt 0.630510867 0.60546875
vt 0.630510867 0.591426611
vt 0.6171875 0.60546875
vt 0.6171875 0.591426611
vt 0.803849459 0.568555534
vt 0.792120337 0.568555534
vt 0.783826351 0.576848984
vt 0.783826351 0.588578224
vt 0.812143326 0.576848984
vt 0.792120337 0.596871853
vt 0.812143326 0.588578224
vt 0.803849459 0.596871853
vt 0.63051039 0.60546875
vt 0.64323777 0.591426611
vt 0.64323777 0.60546875
vt 0.63051039 0.591426611
vt 0.6171875 0.60546875
vt 0.6171875 0.591426611
vt 0.64323777 0.60546875
vt 0.64323777 0.591426611
vt 0.63051039 0.591426611
vt 0.63051039 0.60546875
vt 0.6171875 0.591426611
vt 0.6171875 0.60546875
vt 0.6171875 0.60546875
vt 0.6171875 0.591426611
vt 0.63051039 0.591426611
vt 0.63051039 0.60546875
vt 0.64323777 0.591426611
vt 0.64323777 0.60546875
vt 0.64323777 0.60546875
vt 0.64323777 0.591426611
vt 0.63051039 0.591426611
vt 0.63051039 0.60546875
vt 0.6171875 0.591426611
vt 0.6171875 0.60546875
vt 0.792120337 0.568555534
vt 0.783826351 0.576848984
vt 0.783826351 0.588578224
vt 0.803849459 0.568555534
vt 0.792120337 0.596871853
vt 0.812143326 0.576848984
vt 0.812143326 0.588578224
vt 0.803849459 0.596871853
vt 0.50390625 0.541166663
vt 0.50390625 0.509383082
vt 0.30078125 0.509383082
vt 0.30078125 0.541166663
vt 0.50390625 0.58203125
vt 0.30078125 0.58203125
vt 0.50390625 0.58203125
vt 0.30078125 0.58203125
vt 0.30078125 0.541166663
vt 0.50390625 0.541166425
vt 0.50390625 0.509383082
vt 0.30078125 0.509383082
vt 0.199927315 0.615172088
vt 0.199927196 0.622670412
vt 0.295278072 0.622670412
vt 0.295278221 0.615172088
vt 0.199927315 0.599967837
vt 0.295278072 0.599967837
vt 0.199927196 0.622670412
vt 0.295278072 0.622670412
vt 0.295278221 0.615172088
vt 0.199927315 0.615172088
vt 0.199927315 0.599967837
vt 0.295278072 0.599967837
vt 0.199929178 0.622670412
vt 0.295278072 0.622670412
vt 0.295278221 0.615172088
vt 0.199929178 0.615172088
vt 0.295278072 0.599967837
vt 0.199929178 0.599967837
vt 0.199929178 0.615172088
vt 0.199929178 0.622670412
vt 0.295278072 0.622670412
vt 0.295278221 0.615172088
vt 0.295278072 0.599967837
vt 0.199929178 0.599967837
vt 0.949520707 0.76953125
vt 0.9296875 0.76953125
vt 0.929667711 0.749717832
vt 0.949500918 0.749717832
vt 0.949500918 0.749717832
vt 0.949520707 0.769530892
vt 0.9296875 0.769530892
vt 0.929667711 0.749717832
vt 0.708312154 0.527520478
vt 0.708312154 0.573834419
vt 0.731468916 0.573834419
vt 0.731468916 0.527520478
vt 0.731468916 0.527520478
vt 0.731468916 0.573834419
vt 0.754625678 0.573834419
vt 0.754625678 0.527520478
vt 0.731468916 0.52752012
vt 0.731468916 0.573834419
vt 0.754625678 0.573834419
vt 0.754625678 0.52752012
vt 0.731468916 0.527520478
vt 0.731468916 0.573834419
vt 0.754625678 0.573834419
vt 0.754625678 0.527520478
vt 0.949520707 0.769530892
vt 0.9296875 0.769530892
vt 0.929667711 0.749717832
vt 0.949500918 0.749717832
vt 0.949500918 0.749717832
vt 0.949520707 0.769530892
vt 0.9296875 0.769530892
vt 0.929667711 0.749717832
vt 0.708312154 0.527520478
vt 0.708312154 0.573834419
vt 0.731468916 0.573834419
vt 0.731468916 0.527520478
vt 0.731468916 0.527520478
vt 0.731468916 0.573834419
vt 0.754625678 0.573834419
vt 0.754625678 0.527520478
vt 0.731468916 0.52752012
vt 0.731468916 0.573834419
vt 0.754625678 0.573834419
vt 0.754625678 0.52752012
vt 0.731468916 0.527520478
vt 0.731468916 0.573834419
vt 0.754625678 0.573834419
vt 0.754625678 0.527520478
vt 0.0780690238 0.527301371
vt 0.0780690238 0.541053712
vt 0.0694596842 0.541053712
vt 0.0694596842 0.527301371
vt 0.0608534999 0.541053712
vt 0.0608534999 0.527301371
vt 0.0522495098 0.541053712
vt 0.0522495098 0.527301371
vt 0.0522495098 0.527301371
vt 0.0522495098 0.541053712
vt 0.0608534999 0.541053712
vt 0.0608534999 0.527301371
vt 0.0694596842 0.541053712
vt 0.0694596842 0.527301371
vt 0.0780690238 0.541053712
vt 0.0780690238 0.527301371
vt 0.942738652 0.873201072
vt 0.936299086 0.862047851
vt 0.923421144 0.862047851
vt 0.916982174 0.873201072
vt 0.936299086 0.884354472
vt 0.923421144 0.884354472
vt 0.0522495098 0.541053712
vt 0.0608534999 0.527300656
vt 0.0522495098 0.527300656
vt 0.0608534999 0.541053712
vt 0.0694596842 0.527300656
vt 0.0694596842 0.541053712
vt 0.0780690238 0.527300656
vt 0.0780690238 0.541053712
vt 0.0780690238 0.541053712
vt 0.0694596842 0.527300656
vt 0.0780690238 0.527300656
vt 0.0694596842 0.541053712
vt 0.0608534999 0.527300656
vt 0.0608534999 0.541053712
vt 0.0522495098 0.527300656
vt 0.0522495098 0.541053712
vt 0.942738652 0.873201072
vt 0.936299086 0.862047851
vt 0.923421144 0.862047851
vt 0.916982174 0.873201072
vt 0.936299086 0.884354472
vt 0.923421144 0.884354472
vt 0.189612702 0.605213881
vt 0.189612702 0.600359321
vt 0.15834558 0.600359321
vt 0.15834558 0.605213881
vt 0.189612702 0.610221386
vt 0.148417428 0.600359321
vt 0.15834558 0.610221386
vt 0.189612702 0.614744067
vt 0.148417428 0.605213881
vt 0.129214689 0.600359321
vt 0.15834558 0.614744067
vt 0.189612702 0.619379044
vt 0.129214689 0.605213881
vt 0.121821806 0.600359321
vt 0.148417428 0.610221386
vt 0.15834558 0.619379044
vt 0.189612702 0.624470472
vt 0.15834558 0.624470472
vt 0.121821806 0.605213881
vt 0.114168093 0.600359321
vt 0.114168093 0.605213881
vt 0.129214689 0.610221386
vt 0.148417428 0.614744067
vt 0.148417428 0.619379044
vt 0.148417428 0.624470472
vt 0.121821806 0.610221386
vt 0.114168093 0.610221386
vt 0.129214689 0.614744067
vt 0.129214689 0.619379044
vt 0.129214689 0.624470472
vt 0.121821806 0.614744067
vt 0.114168093 0.614744067
vt 0.121821806 0.619379044
vt 0.121821806 0.624470472
vt 0.114168093 0.619379044
vt 0.114168093 0.624470472
vt 0.189612702 0.605213881
vt 0.15834558 0.600359321
vt 0.189612702 0.600359321
vt 0.15834558 0.605213881
vt 0.189612702 0.610221386
vt 0.148417428 0.600359321
vt 0.15834558 0.610221386
vt 0.189612702 0.614744067
vt 0.148417428 0.605213881
vt 0.129214689 0.600359321
vt 0.15834558 0.614744067
vt 0.189612702 0.619379044
vt 0.129214689 0.605213881
vt 0.121821806 0.600359321
vt 0.148417428 0.610221386
vt 0.15834558 0.619379044
vt 0.189612702 0.624470472
vt 0.15834558 0.624470472
vt 0.121821806 0.605213881
vt 0.114168093 0.600359321
vt 0.114168093 0.605213881
vt 0.129214689 0.610221386
vt 0.148417428 0.614744067
vt 0.148417428 0.619379044
vt 0.148417428 0.624470472
vt 0.121821806 0.610221386
vt 0.114168093 0.610221386
vt 0.129214689 0.614744067
vt 0.129214689 0.619379044
vt 0.129214689 0.624470472
vt 0.121821806 0.614744067
vt 0.114168093 0.614744067
vt 0.121821806 0.619379044
vt 0.121821806 0.624470472
vt 0.114168093 0.619379044
vt 0.114168093 0.624470472
vt 0.6525442 0.607646406
vt 0.694722593 0.607646406
vt 0.694722593 0.583920658
vt 0.6525442 0.583921015
vt 0.57378459 0.550939083
vt 0.57378459 0.579278231
vt 0.630463123 0.579278231
vt 0.630463123 0.550939083
vt 0.74382627 0.499888986
vt 0.694796443 0.485915989
vt 0.701876402 0.499888986
vt 0.75104332 0.485915989
vt 0.75104332 0.432767391
vt 0.694796443 0.432767391
vt 0.993280828 0.778205156
vt 0.958617628 0.764232159
vt 0.961590588 0.778205156
vt 0.996115983 0.764232159
vt 0.996115983 0.711083353
vt 0.958617628 0.711083353
vt 0.74382627 0.499888986
vt 0.694796443 0.485915989
vt 0.701876402 0.499888986
vt 0.75104332 0.485915989
vt 0.75104332 0.432767391
vt 0.694796443 0.432767391
vt 0.961590588 0.778205156
vt 0.996115983 0.764232159
vt 0.993280828 0.778205156
vt 0.958617628 0.764232159
vt 0.958617628 0.711083353
vt 0.996115983 0.711083353
vt 0.630510867 0.591426611
vt 0.64323777 0.60546875
vt 0.64323777 0.591426611
vt 0.630510867 0.60546875
vt 0.6171875 0.591426611
vt 0.6171875 0.60546875
vt 0.64323777 0.591426611
vt 0.64323777 0.60546875
vt 0.630510867 0.60546875
vt 0.630510867 0.591426611
vt 0.6171875 0.60546875
vt 0.6171875 0.591426611
vt 0.6171875 0.591426611
vt 0.6171875 0.60546875
vt 0.630510867 0.60546875
vt 0.630510867 0.591426611
vt 0.64323777 0.60546875
vt 0.64323777 0.591426611
vt 0.64323777 0.591426611
vt 0.64323777 0.60546875
vt 0.630510867 0.60546875
vt 0.630510867 0.591426611
vt 0.6171875 0.60546875
vt 0.6171875 0.591426611
vt 0.792120337 0.568555534
vt 0.783826351 0.576848984
vt 0.783826351 0.588578224
vt 0.792120337 0.596871853
vt 0.803849459 0.568555534
vt 0.803849459 0.596871853
vt 0.812143326 0.588578224
vt 0.812143326 0.576848984
vt 0.63051039 0.60546875
vt 0.64323777 0.591426611
vt 0.64323777 0.60546875
vt 0.63051039 0.591426611
vt 0.6171875 0.60546875
vt 0.6171875 0.591426611
vt 0.64323777 0.60546875
vt 0.64323777 0.591426611
vt 0.63051039 0.591426611
vt 0.63051039 0.60546875
vt 0.6171875 0.591426611
vt 0.6171875 0.60546875
vt 0.6171875 0.60546875
vt 0.6171875 0.591426611
vt 0.63051039 0.591426611
vt 0.63051039 0.60546875
vt 0.64323777 0.591426611
vt 0.64323777 0.60546875
vt 0.64323777 0.60546875
vt 0.64323777 0.591426611
vt 0.63051039 0.591426611
vt 0.63051039 0.60546875
vt 0.6171875 0.591426611
vt 0.6171875 0.60546875
vt 0.792120337 0.568555534
vt 0.783826351 0.576848984
vt 0.783826351 0.588578224
vt 0.792120337 0.596871853
vt 0.803849459 0.596871853
vt 0.803849459 0.568555534
vt 0.812143326 0.588578224
vt 0.812143326 0.576848984
vt 0.50390625 0.541166663
vt 0.50390625 0.509383082
vt 0.30078125 0.509383082
vt 0.30078125 0.541166663
vt 0.50390625 0.58203125
vt 0.30078125 0.58203125
vt 0.50390625 0.58203125
vt 0.30078125 0.58203125
vt 0.30078125 0.541166663
vt 0.50390625 0.541166425
vt 0.50390625 0.509383082
vt 0.30078125 0.509383082
vt 0.199927315 0.615172088
vt 0.199927196 0.622670412
vt 0.295278072 0.622670412
vt 0.295278221 0.615172088
vt 0.199927315 0.599967837
vt 0.295278072 0.599967837
vt 0.199927196 0.622670412
vt 0.295278072 0.622670412
vt 0.295278221 0.615172088
vt 0.199927315 0.615172088
vt 0.199927315 0.599967837
vt 0.295278072 0.599967837
vt 0.199929178 0.622670412
vt 0.295278072 0.622670412
vt 0.295278221 0.615172088
vt 0.199929178 0.615172088
vt 0.295278072 0.599967837
vt 0.199929178 0.599967837
vt 0.199929178 0.615172088
vt 0.199929178 0.622670412
vt 0.295278072 0.622670412
vt 0.295278221 0.615172088
vt 0.295278072 0.599967837
vt 0.199929178 0.599967837
vt 0.949520707 0.76953125
vt 0.9296875 0.76953125
vt 0.929667711 0.749717832
vt 0.949500918 0.749717832
vt 0.949500918 0.749717832
vt 0.949520707 0.769530892
vt 0.9296875 0.769530892
vt 0.929667711 0.749717832
vt 0.708312154 0.527520478
vt 0.708312154 0.573834419
vt 0.731468916 0.573834419
vt 0.731468916 0.527520478
vt 0.731468916 0.527520478
vt 0.731468916 0.573834419
vt 0.754625678 0.573834419
vt 0.754625678 0.527520478
vt 0.731468916 0.52752012
vt 0.731468916 0.573834419
vt 0.754625678 0.573834419
vt 0.754625678 0.52752012
vt 0.731468916 0.527520478
vt 0.731468916 0.573834419
vt 0.754625678 0.573834419
vt 0.754625678 0.527520478
vt 0.949520707 0.769530892
vt 0.9296875 0.769530892
vt 0.929667711 0.749717832
vt 0.949500918 0.749717832
vt 0.949500918 0.749717832
vt 0.949520707 0.769530892
vt 0.9296875 0.769530892
vt 0.929667711 0.749717832
vt 0.708312154 0.527520478
vt 0.708312154 0.573834419
vt 0.731468916 0.573834419
vt 0.731468916 0.527520478
vt 0.731468916 0.527520478
vt 0.731468916 0.573834419
vt 0.754625678 0.573834419
vt 0.754625678 0.527520478
vt 0.731468916 0.52752012
vt 0.731468916 0.573834419
vt 0.754625678 0.573834419
vt 0.754625678 0.52752012
vt 0.731468916 0.527520478
vt 0.731468916 0.573834419
vt 0.754625678 0.573834419
vt 0.754625678 0.527520478
vt 0.0780690238 0.527301371
vt 0.0780690238 0.541053712
vt 0.0694596842 0.541053712
vt 0.0694596842 0.527301371
vt 0.0608534999 0.541053712
vt 0.0608534999 0.527301371
vt 0.0522495098 0.541053712
vt 0.0522495098 0.527301371
vt 0.0522495098 0.527301371
vt 0.0522495098 0.541053712
vt 0.0608534999 0.541053712
vt 0.0608534999 0.527301371
vt 0.0694596842 0.541053712
vt 0.0694596842 0.527301371
vt 0.0780690238 0.541053712
vt 0.0780690238 0.527301371
vt 0.942738652 0.873201072
vt 0.936299086 0.862047851
vt 0.923421144 0.862047851
vt 0.916982174 0.873201072
vt 0.936299086 0.884354472
vt 0.923421144 0.884354472
vt 0.0522495098 0.541053712
vt 0.0608534999 0.527300656
vt 0.0522495098 0.527300656
vt 0.0608534999 0.541053712
vt 0.0694596842 0.527300656
vt 0.0694596842 0.541053712
vt 0.0780690238 0.527300656
vt 0.0780690238 0.541053712
vt 0.0780690238 0.541053712
vt 0.0694596842 0.527300656
vt 0.0780690238 0.527300656
vt 0.0694596842 0.541053712
vt 0.0608534999 0.527300656
vt 0.0608534999 0.541053712
vt 0.0522495098 0.527300656
vt 0.0522495098 0.541053712
vt 0.942738652 0.873201072
vt 0.936299086 0.862047851
vt 0.923421144 0.862047851
vt 0.916982174 0.873201072
vt 0.936299086 0.884354472
vt 0.923421144 0.884354472
vt 0.189612702 0.605213881
vt 0.189612702 0.600359321
vt 0.15834558 0.600359321
vt 0.15834558 0.605213881
vt 0.189612702 0.610221386
vt 0.148417428 0.600359321
vt 0.15834558 0.610221386
vt 0.189612702 0.614744067
vt 0.148417428 0.605213881
vt 0.129214689 0.600359321
vt 0.15834558 0.614744067
vt 0.189612702 0.619379044
vt 0.129214689 0.605213881
vt 0.121821806 0.600359321
vt 0.148417428 0.610221386
vt 0.15834558 0.619379044
vt 0.189612702 0.624470472
vt 0.15834558 0.624470472
vt 0.121821806 0.605213881
vt 0.114168093 0.600359321
vt 0.114168093 0.605213881
vt 0.129214689 0.610221386
vt 0.148417428 0.614744067
vt 0.148417428 0.619379044
vt 0.148417428 0.624470472
vt 0.121821806 0.610221386
vt 0.114168093 0.610221386
vt 0.129214689 0.614744067
vt 0.129214689 0.619379044
vt 0.129214689 0.624470472
vt 0.121821806 0.614744067
vt 0.114168093 0.614744067
vt 0.121821806 0.619379044
vt 0.121821806 0.624470472
vt 0.114168093 0.619379044
vt 0.114168093 0.624470472
vt 0.189612702 0.605213881
vt 0.15834558 0.600359321
vt 0.189612702 0.600359321
vt 0.15834558 0.605213881
vt 0.189612702 0.610221386
vt 0.148417428 0.600359321
vt 0.15834558 0.610221386
vt 0.189612702 0.614744067
vt 0.148417428 0.605213881
vt 0.129214689 0.600359321
vt 0.15834558 0.614744067
vt 0.189612702 0.619379044
vt 0.129214689 0.605213881
vt 0.121821806 0.600359321
vt 0.148417428 0.610221386
vt 0.15834558 0.619379044
vt 0.189612702 0.624470472
vt 0.15834558 0.624470472
vt 0.121821806 0.605213881
vt 0.114168093 0.600359321
vt 0.114168093 0.605213881
vt 0.129214689 0.610221386
vt 0.148417428 0.614744067
vt 0.148417428 0.619379044
vt 0.148417428 0.624470472
vt 0.121821806 0.610221386
vt 0.114168093 0.610221386
vt 0.129214689 0.614744067
vt 0.129214689 0.619379044
vt 0.129214689 0.624470472
vt 0.121821806 0.614744067
vt 0.114168093 0.614744067
vt 0.121821806 0.619379044
vt 0.121821806 0.624470472
vt 0.114168093 0.619379044
vt 0.114168093 0.624470472
vt 0.6525442 0.607646406
vt 0.694722593 0.607646406
vt 0.694722593 0.583920658
vt 0.6525442 0.583921015
vt 0.57378459 0.550939083
vt 0.57378459 0.579278231
vt 0.630463123 0.579278231
vt 0.630463123 0.550939083
vt 0.74382627 0.499888986
vt 0.694796443 0.485915989
vt 0.701876402 0.499888986
vt 0.75104332 0.485915989
vt 0.75104332 0.432767391
vt 0.694796443 0.432767391
vt 0.993280828 0.778205156
vt 0.958617628 0.764232159
vt 0.961590588 0.778205156
vt 0.996115983 0.764232159
vt 0.996115983 0.711083353
vt 0.958617628 0.711083353
vt 0.74382627 0.499888986
vt 0.694796443 0.485915989
vt 0.701876402 0.499888986
vt 0.75104332 0.485915989
vt 0.75104332 0.432767391
vt 0.694796443 0.432767391
vt 0.961590588 0.778205156
vt 0.996115983 0.764232159
vt 0.993280828 0.778205156
vt 0.958617628 0.764232159
vt 0.958617628 0.711083353
vt 0.996115983 0.711083353
vt 0.630510867 0.591426611
vt 0.64323777 0.60546875
vt 0.64323777 0.591426611
vt 0.630510867 0.60546875
vt 0.6171875 0.591426611
vt 0.6171875 0.60546875
vt 0.64323777 0.591426611
vt 0.64323777 0.60546875
vt 0.630510867 0.60546875
vt 0.630510867 0.591426611
vt 0.6171875 0.60546875
vt 0.6171875 0.591426611
vt 0.6171875 0.591426611
vt 0.6171875 0.60546875
vt 0.630510867 0.60546875
vt 0.630510867 0.591426611
vt 0.64323777 0.60546875
vt 0.64323777 0.591426611
vt 0.64323777 0.591426611
vt 0.64323777 0.60546875
vt 0.630510867 0.60546875
vt 0.630510867 0.591426611
vt 0.6171875 0.60546875
vt 0.6171875 0.591426611
vt 0.783826351 0.576848984
vt 0.783826351 0.588578224
vt 0.792120337 0.596871853
vt 0.803849459 0.596871853
vt 0.812143326 0.588578224
vt 0.792120337 0.568555534
vt 0.812143326 0.576848984
vt 0.803849459 0.568555534
vt 0.63051039 0.60546875
vt 0.64323777 0.591426611
vt 0.64323777 0.60546875
vt 0.63051039 0.591426611
vt 0.6171875 0.60546875
vt 0.6171875 0.591426611
vt 0.64323777 0.60546875
vt 0.64323777 0.591426611
vt 0.63051039 0.591426611
vt 0.63051039 0.60546875
vt 0.6171875 0.591426611
vt 0.6171875 0.60546875
vt 0.6171875 0.60546875
vt 0.6171875 0.591426611
vt 0.63051039 0.591426611
vt 0.63051039 0.60546875
vt 0.64323777 0.591426611
vt 0.64323777 0.60546875
vt 0.64323777 0.60546875
vt 0.64323777 0.591426611
vt 0.63051039 0.591426611
vt 0.63051039 0.60546875
vt 0.6171875 0.591426611
vt 0.6171875 0.60546875
vt 0.783826351 0.588578224
vt 0.792120337 0.596871853
vt 0.803849459 0.596871853
vt 0.783826351 0.576848984
vt 0.812143326 0.588578224
vt 0.792120337 0.568555534
vt 0.812143326 0.576848984
vt 0.803849459 0.568555534
vt 0.50390625 0.541166663
vt 0.50390625 0.509383082
vt 0.30078125 0.509383082
vt 0.30078125 0.541166663
vt 0.50390625 0.58203125
vt 0.30078125 0.58203125
vt 0.50390625 0.58203125
vt 0.30078125 0.58203125
vt 0.30078125 0.541166663
vt 0.50390625 0.541166425
vt 0.50390625 0.509383082
vt 0.30078125 0.509383082
vt 0.199927315 0.615172088
vt 0.199927196 0.622670412
vt 0.295278072 0.622670412
vt 0.295278221 0.615172088
vt 0.199927315 0.599967837
vt 0.295278072 0.599967837
vt 0.199927196 0.622670412
vt 0.295278072 0.622670412
vt 0.295278221 0.615172088
vt 0.199927315 0.615172088
vt 0.199927315 0.599967837
vt 0.295278072 0.599967837
vt 0.199929178 0.622670412
vt 0.295278072 0.622670412
vt 0.295278221 0.615172088
vt 0.199929178 0.615172088
vt 0.295278072 0.599967837
vt 0.199929178 0.599967837
vt 0.199929178 0.615172088
vt 0.199929178 0.622670412
vt 0.295278072 0.622670412
vt 0.295278221 0.615172088
vt 0.295278072 0.599967837
vt 0.199929178 0.599967837
vt 0.949520707 0.76953125
vt 0.9296875 0.76953125
vt 0.929667711 0.749717832
vt 0.949500918 0.749717832
vt 0.949500918 0.749717832
vt 0.949520707 0.769530892
vt 0.9296875 0.769530892
vt 0.929667711 0.749717832
vt 0.708312154 0.527520478
vt 0.708312154 0.573834419
vt 0.731468916 0.573834419
vt 0.731468916 0.527520478
vt 0.731468916 0.527520478
vt 0.731468916 0.573834419
vt 0.754625678 0.573834419
vt 0.754625678 0.527520478
vt 0.731468916 0.52752012
vt 0.731468916 0.573834419
vt 0.754625678 0.573834419
vt 0.754625678 0.52752012
vt 0.731468916 0.527520478
vt 0.731468916 0.573834419
vt 0.754625678 0.573834419
vt 0.754625678 0.527520478
vt 0.949520707 0.769530892
vt 0.9296875 0.769530892
vt 0.929667711 0.749717832
vt 0.949500918 0.749717832
vt 0.949500918 0.749717832
vt 0.949520707 0.769530892
vt 0.9296875 0.769530892
vt 0.929667711 0.749717832
vt 0.708312154 0.527520478
vt 0.708312154 0.573834419
vt 0.731468916 0.573834419
vt 0.731468916 0.527520478
vt 0.731468916 0.527520478
vt 0.731468916 0.573834419
vt 0.754625678 0.573834419
vt 0.754625678 0.527520478
vt 0.731468916 0.52752012
vt 0.731468916 0.573834419
vt 0.754625678 0.573834419
vt 0.754625678 0.52752012
vt 0.731468916 0.527520478
vt 0.731468916 0.573834419
vt 0.754625678 0.573834419
vt 0.754625678 0.527520478
vt 0.0780690238 0.527301371
vt 0.0780690238 0.541053712
vt 0.0694596842 0.541053712
vt 0.0694596842 0.527301371
vt 0.0608534999 0.541053712
vt 0.0608534999 0.527301371
vt 0.0522495098 0.541053712
vt 0.0522495098 0.527301371
vt 0.0522495098 0.527301371
vt 0.0522495098 0.541053712
vt 0.0608534999 0.541053712
vt 0.0608534999 0.527301371
vt 0.0694596842 0.541053712
vt 0.0694596842 0.527301371
vt 0.0780690238 0.541053712
vt 0.0780690238 0.527301371
vt 0.942738652 0.873201072
vt 0.936299086 0.862047851
vt 0.923421144 0.862047851
vt 0.916982174 0.873201072
vt 0.936299086 0.884354472
vt 0.923421144 0.884354472
vt 0.0522495098 0.541053712
vt 0.0608534999 0.527300656
vt 0.0522495098 0.527300656
vt 0.0608534999 0.541053712
vt 0.0694596842 0.527300656
vt 0.0694596842 0.541053712
vt 0.0780690238 0.527300656
vt 0.0780690238 0.541053712
vt 0.0780690238 0.541053712
vt 0.0694596842 0.527300656
vt 0.0780690238 0.527300656
vt 0.0694596842 0.541053712
vt 0.0608534999 0.527300656
vt 0.0608534999 0.541053712
vt 0.0522495098 0.527300656
vt 0.0522495098 0.541053712
vt 0.942738652 0.873201072
vt 0.936299086 0.862047851
vt 0.923421144 0.862047851
vt 0.916982174 0.873201072
vt 0.936299086 0.884354472
vt 0.923421144 0.884354472
vt 0.189612702 0.605213881
vt 0.189612702 0.600359321
vt 0.15834558 0.600359321
vt 0.15834558 0.605213881
vt 0.189612702 0.610221386
vt 0.148417428 0.600359321
vt 0.15834558 0.610221386
vt 0.189612702 0.614744067
vt 0.148417428 0.605213881
vt 0.129214689 0.600359321
vt 0.15834558 0.614744067
vt 0.189612702 0.619379044
vt 0.129214689 0.605213881
vt 0.121821806 0.600359321
vt 0.148417428 0.610221386
vt 0.15834558 0.619379044
vt 0.189612702 0.624470472
vt 0.15834558 0.624470472
vt 0.121821806 0.605213881
vt 0.114168093 0.600359321
vt 0.114168093 0.605213881
vt 0.129214689 0.610221386
vt 0.148417428 0.614744067
vt 0.148417428 0.619379044
vt 0.148417428 0.624470472
vt 0.121821806 0.610221386
vt 0.114168093 0.610221386
vt 0.129214689 0.614744067
vt 0.129214689 0.619379044
vt 0.129214689 0.624470472
vt 0.121821806 0.614744067
vt 0.114168093 0.614744067
vt 0.121821806 0.619379044
vt 0.121821806 0.624470472
vt 0.114168093 0.619379044
vt 0.114168093 0.624470472
vt 0.189612702 0.605213881
vt 0.15834558 0.600359321
vt 0.189612702 0.600359321
vt 0.15834558 0.605213881
vt 0.189612702 0.610221386
vt 0.148417428 0.600359321
vt 0.15834558 0.610221386
vt 0.189612702 0.614744067
vt 0.148417428 0.605213881
vt 0.129214689 0.600359321
vt 0.15834558 0.614744067
vt 0.189612702 0.619379044
vt 0.129214689 0.605213881
vt 0.121821806 0.600359321
vt 0.148417428 0.610221386
vt 0.15834558 0.619379044
vt 0.189612702 0.624470472
vt 0.15834558 0.624470472
vt 0.121821806 0.605213881
vt 0.114168093 0.600359321
vt 0.114168093 0.605213881
vt 0.129214689 0.610221386
vt 0.148417428 0.614744067
vt 0.148417428 0.619379044
vt 0.148417428 0.624470472
vt 0.121821806 0.610221386
vt 0.114168093 0.610221386
vt 0.129214689 0.614744067
vt 0.129214689 0.619379044
vt 0.129214689 0.624470472
vt 0.121821806 0.614744067
vt 0.114168093 0.614744067
vt 0.121821806 0.619379044
vt 0.121821806 0.624470472
vt 0.114168093 0.619379044
vt 0.114168093 0.624470472
vt 0.6525442 0.607646406
vt 0.694722593 0.607646406
vt 0.694722593 0.583920658
vt 0.6525442 0.583921015
vt 0.57378459 0.550939083
vt 0.57378459 0.579278231
vt 0.630463123 0.579278231
vt 0.630463123 0.550939083
vt 0.74382627 0.499888986
vt 0.694796443 0.485915989
vt 0.701876402 0.499888986
vt 0.75104332 0.485915989
vt 0.75104332 0.432767391
vt 0.694796443 0.432767391
vt 0.993280828 0.778205156
vt 0.958617628 0.764232159
vt 0.961590588 0.778205156
vt 0.996115983 0.764232159
vt 0.996115983 0.711083353
vt 0.958617628 0.711083353
vt 0.74382627 0.499888986
vt 0.694796443 0.485915989
vt 0.701876402 0.499888986
vt 0.75104332 0.485915989
vt 0.75104332 0.432767391
vt 0.694796443 0.432767391
vt 0.961590588 0.778205156
vt 0.996115983 0.764232159
vt 0.993280828 0.778205156
vt 0.958617628 0.764232159
vt 0.958617628 0.711083353
vt 0.996115983 0.711083353
vt 0.630510867 0.591426611
vt 0.64323777 0.60546875
vt 0.64323777 0.591426611
vt 0.630510867 0.60546875
vt 0.6171875 0.591426611
vt 0.6171875 0.60546875
vt 0.64323777 0.591426611
vt 0.64323777 0.60546875
vt 0.630510867 0.60546875
vt 0.630510867 0.591426611
vt 0.6171875 0.60546875
vt 0.6171875 0.591426611
vt 0.6171875 0.591426611
vt 0.6171875 0.60546875
vt 0.630510867 0.60546875
vt 0.630510867 0.591426611
vt 0.64323777 0.60546875
vt 0.64323777 0.591426611
vt 0.64323777 0.591426611
vt 0.64323777 0.60546875
vt 0.630510867 0.60546875
vt 0.630510867 0.591426611
vt 0.6171875 0.60546875
vt 0.6171875 0.591426611
vt 0.792120337 0.596871853
vt 0.803849459 0.596871853
vt 0.812143326 0.588578224
vt 0.783826351 0.588578224
vt 0.812143326 0.576848984
vt 0.783826351 0.576848984
vt 0.803849459 0.568555534
vt 0.792120337 0.568555534
vt 0.63051039 0.60546875
vt 0.64323777 0.591426611
vt 0.64323777 0.60546875
vt 0.63051039 0.591426611
vt 0.6171875 0.60546875
vt 0.6171875 0.591426611
vt 0.64323777 0.60546875
vt 0.64323777 0.591426611
vt 0.63051039 0.591426611
vt 0.63051039 0.60546875
vt 0.6171875 0.591426611
vt 0.6171875 0.60546875
vt 0.6171875 0.60546875
vt 0.6171875 0.591426611
vt 0.63051039 0.591426611
vt 0.63051039 0.60546875
vt 0.64323777 0.591426611
vt 0.64323777 0.60546875
vt 0.64323777 0.60546875
vt 0.64323777 0.591426611
vt 0.63051039 0.591426611
vt 0.63051039 0.60546875
vt 0.6171875 0.591426611
vt 0.6171875 0.60546875
vt 0.783826351 0.588578224
vt 0.792120337 0.596871853
vt 0.803849459 0.596871853
vt 0.812143326 0.588578224
vt 0.812143326 0.576848984
vt 0.783826351 0.576848984
vt 0.803849459 0.568555534
vt 0.792120337 0.568555534
vt 0.50390625 0.541166663
vt 0.50390625 0.509383082
vt 0.30078125 0.509383082
vt 0.30078125 0.541166663
vt 0.50390625 0.58203125
vt 0.30078125 0.58203125
vt 0.50390625 0.58203125
vt 0.30078125 0.58203125
vt 0.30078125 0.541166663
vt 0.50390625 0.541166425
vt 0.50390625 0.509383082
vt 0.30078125 0.509383082
vt 0.199927315 0.615172088
vt 0.199927196 0.622670412
vt 0.295278072 0.622670412
vt 0.295278221 0.615172088
vt 0.199927315 0.599967837
vt 0.295278072 0.599967837
vt 0.199927196 0.622670412
vt 0.295278072 0.622670412
vt 0.295278221 0.615172088
vt 0.199927315 0.615172088
vt 0.199927315 0.599967837
vt 0.295278072 0.599967837
vt 0.199929178 0.622670412
vt 0.295278072 0.622670412
vt 0.295278221 0.615172088
vt 0.199929178 0.615172088
vt 0.295278072 0.599967837
vt 0.199929178 0.599967837
vt 0.199929178 0.615172088
vt 0.199929178 0.622670412
vt 0.295278072 0.622670412
vt 0.295278221 0.615172088
vt 0.295278072 0.599967837
vt 0.199929178 0.599967837
vt 0.949520707 0.76953125
vt 0.9296875 0.76953125
vt 0.929667711 0.749717832
vt 0.949500918 0.749717832
vt 0.949500918 0.749717832
vt 0.949520707 0.769530892
vt 0.9296875 0.769530892
vt 0.929667711 0.749717832
vt 0.708312154 0.527520478
vt 0.708312154 0.573834419
vt 0.731468916 0.573834419
vt 0.731468916 0.527520478
vt 0.731468916 0.527520478
vt 0.731468916 0.573834419
vt 0.754625678 0.573834419
vt 0.754625678 0.527520478
vt 0.731468916 0.52752012
vt 0.731468916 0.573834419
vt 0.754625678 0.573834419
vt 0.754625678 0.52752012
vt 0.731468916 0.527520478
vt 0.731468916 0.573834419
vt 0.754625678 0.573834419
vt 0.754625678 0.527520478
vt 0.949520707 0.769530892
vt 0.9296875 0.769530892
vt 0.929667711 0.749717832
vt 0.949500918 0.749717832
vt 0.949500918 0.749717832
vt 0.949520707 0.769530892
vt 0.9296875 0.769530892
vt 0.929667711 0.749717832
vt 0.708312154 0.527520478
vt 0.708312154 0.573834419
vt 0.731468916 0.573834419
vt 0.731468916 0.527520478
vt 0.731468916 0.527520478
vt 0.731468916 0.573834419
vt 0.754625678 0.573834419
vt 0.754625678 0.527520478
vt 0.731468916 0.52752012
vt 0.731468916 0.573834419
vt 0.754625678 0.573834419
vt 0.754625678 0.52752012
vt 0.731468916 0.527520478
vt 0.731468916 0.573834419
vt 0.754625678 0.573834419
vt 0.754625678 0.527520478
vt 0.222222999 0.591303051
vt 0.293854088 0.591303051
vt 0.293854088 0.571408331
vt 0.222222999 0.571408331
vt 0.185636058 0.571408331
vt 0.185636058 0.591303051
vt 0.148557648 0.591303051
vt 0.148557648 0.571408331
vt 0.222222999 0.536606669
vt 0.293854088 0.536606669
vt 0.293854088 0.530543685
vt 0.222222999 0.530543685
vt 0.185636058 0.530543685
vt 0.185636058 0.536606669
vt 0.148557648 0.536606669
vt 0.148557648 0.530543685
vt 0.222222999 0.562327266
vt 0.293854088 0.562327266
vt 0.293854088 0.542433619
vt 0.222222999 0.542433619
vt 0.185636058 0.542433619
vt 0.185636058 0.562327266
vt 0.148557648 0.562327266
vt 0.148557648 0.542433619
vt 0.222222999 0.536606669
vt 0.293854088 0.536606669
vt 0.293854088 0.530543685
vt 0.222222999 0.530543685
vt 0.185636058 0.530543685
vt 0.185636058 0.536606669
vt 0.148557648 0.536606669
vt 0.148557648 0.530543685
vt 0.148557648 0.591303051
vt 0.185636058 0.571408331
vt 0.148557648 0.571408331
vt 0.185636058 0.591303051
vt 0.222222999 0.591303051
vt 0.222222999 0.571408331
vt 0.293854088 0.571408331
vt 0.293854088 0.591303051
vt 0.148557648 0.536606669
vt 0.185636058 0.530543685
vt 0.148557648 0.530543685
vt 0.185636058 0.536606669
vt 0.222222999 0.536606669
vt 0.222222999 0.530543685
vt 0.293854088 0.530543685
vt 0.293854088 0.536606669
vt 0.148557648 0.562327266
vt 0.185636058 0.542433619
vt 0.148557648 0.542433619
vt 0.185636058 0.562327266
vt 0.222222999 0.562327266
vt 0.222222999 0.542433619
vt 0.293854088 0.542433619
vt 0.293854088 0.562327266
vt 0.148557648 0.536606669
vt 0.185636058 0.530543685
vt 0.148557648 0.530543685
vt 0.185636058 0.536606669
vt 0.222222999 0.536606669
vt 0.222222999 0.530543685
vt 0.293854088 0.530543685
vt 0.293854088 0.536606669
vt 0.148557648 0.591303051
vt 0.185636058 0.571408331
vt 0.148557648 0.571408331
vt 0.185636058 0.591303051
vt 0.222222999 0.591303051
vt 0.222222999 0.571408331
vt 0.293854088 0.571408331
vt 0.293854088 0.591303051
vt 0.148557648 0.536606669
vt 0.185636058 0.530543685
vt 0.148557648 0.530543685
vt 0.185636058 0.536606669
vt 0.222222999 0.536606669
vt 0.222222999 0.530543685
vt 0.293854088 0.530543685
vt 0.293854088 0.536606669
vt 0.148557648 0.562327266
vt 0.185636058 0.542433619
vt 0.148557648 0.542433619
vt 0.185636058 0.562327266
vt 0.222222999 0.562327266
vt 0.222222999 0.542433619
vt 0.293854088 0.542433619
vt 0.293854088 0.562327266
vt 0.148557648 0.536606669
vt 0.185636058 0.530543685
vt 0.148557648 0.530543685
vt 0.185636058 0.536606669
vt 0.222222999 0.536606669
vt 0.222222999 0.530543685
vt 0.293854088 0.530543685
vt 0.293854088 0.536606669
vt 0.148557648 0.591303051
vt 0.185636058 0.571408331
vt 0.148557648 0.571408331
vt 0.185636058 0.591303051
vt 0.222222999 0.591303051
vt 0.222222999 0.571408331
vt 0.293854088 0.571408331
vt 0.293854088 0.591303051
vt 0.148557648 0.536606669
vt 0.185636058 0.530543685
vt 0.148557648 0.530543685
vt 0.185636058 0.536606669
vt 0.222222999 0.536606669
vt 0.222222999 0.530543685
vt 0.293854088 0.530543685
vt 0.293854088 0.536606669
vt 0.148557648 0.562327266
vt 0.185636058 0.542433619
vt 0.148557648 0.542433619
vt 0.185636058 0.562327266
vt 0.222222999 0.562327266
vt 0.222222999 0.542433619
vt 0.293854088 0.542433619
vt 0.293854088 0.562327266
vt 0.148557648 0.536606669
vt 0.185636058 0.530543685
vt 0.148557648 0.530543685
vt 0.185636058 0.536606669
vt 0.222222999 0.536606669
vt 0.222222999 0.530543685
vt 0.293854088 0.530543685
vt 0.293854088 0.536606669
vt 0.148557648 0.591303051
vt 0.185636058 0.571408331
vt 0.148557648 0.571408331
vt 0.185636058 0.591303051
vt 0.222222999 0.591303051
vt 0.222222999 0.571408331
vt 0.293854088 0.571408331
vt 0.293854088 0.591303051
vt 0.148557648 0.536606669
vt 0.185636058 0.530543685
vt 0.148557648 0.530543685
vt 0.185636058 0.536606669
vt 0.222222999 0.536606669
vt 0.222222999 0.530543685
vt 0.293854088 0.530543685
vt 0.293854088 0.536606669
vt 0.148557648 0.562327266
vt 0.185636058 0.542433619
vt 0.148557648 0.542433619
vt 0.185636058 0.562327266
vt 0.222222999 0.562327266
vt 0.222222999 0.542433619
vt 0.293854088 0.542433619
vt 0.293854088 0.562327266
vt 0.148557648 0.536606669
vt 0.185636058 0.530543685
vt 0.148557648 0.530543685
vt 0.185636058 0.536606669
vt 0.222222999 0.536606669
vt 0.222222999 0.530543685
vt 0.293854088 0.530543685
vt 0.293854088 0.536606669
vt 0.148557648 0.591303051
vt 0.185636058 0.571408331
vt 0.148557648 0.571408331
vt 0.185636058 0.591303051
vt 0.222222999 0.591303051
vt 0.222222999 0.571408331
vt 0.293854088 0.571408331
vt 0.293854088 0.591303051
vt 0.148557648 0.536606669
vt 0.185636058 0.530543685
vt 0.148557648 0.530543685
vt 0.185636058 0.536606669
vt 0.222222999 0.536606669
vt 0.222222999 0.530543685
vt 0.293854088 0.530543685
vt 0.293854088 0.536606669
vt 0.148557648 0.562327266
vt 0.185636058 0.542433619
vt 0.148557648 0.542433619
vt 0.185636058 0.562327266
vt 0.222222999 0.562327266
vt 0.222222999 0.542433619
vt 0.293854088 0.542433619
vt 0.293854088 0.562327266
vt 0.148557648 0.536606669
vt 0.185636058 0.530543685
vt 0.148557648 0.530543685
vt 0.185636058 0.536606669
vt 0.222222999 0.536606669
vt 0.222222999 0.530543685
vt 0.293854088 0.530543685
vt 0.293854088 0.536606669
vt 0.148557648 0.591303051
vt 0.185636058 0.571408331
vt 0.148557648 0.571408331
vt 0.185636058 0.591303051
vt 0.222222999 0.591303051
vt 0.222222999 0.571408331
vt 0.293854088 0.571408331
vt 0.293854088 0.591303051
vt 0.148557648 0.536606669
vt 0.185636058 0.530543685
vt 0.148557648 0.530543685
vt 0.185636058 0.536606669
vt 0.222222999 0.536606669
vt 0.222222999 0.530543685
vt 0.293854088 0.530543685
vt 0.293854088 0.536606669
vt 0.148557648 0.562327266
vt 0.185636058 0.542433619
vt 0.148557648 0.542433619
vt 0.185636058 0.562327266
vt 0.222222999 0.562327266
vt 0.222222999 0.542433619
vt 0.293854088 0.542433619
vt 0.293854088 0.562327266
vt 0.148557648 0.536606669
vt 0.185636058 0.530543685
vt 0.148557648 0.530543685
vt 0.185636058 0.536606669
vt 0.222222999 0.536606669
vt 0.222222999 0.530543685
vt 0.293854088 0.530543685
vt 0.293854088 0.536606669
vt 0.148557648 0.591303051
vt 0.185636058 0.571408331
vt 0.148557648 0.571408331
vt 0.185636058 0.591303051
vt 0.222222999 0.591303051
vt 0.222222999 0.571408331
vt 0.293854088 0.571408331
vt 0.293854088 0.591303051
vt 0.148557648 0.536606669
vt 0.185636058 0.530543685
vt 0.148557648 0.530543685
vt 0.185636058 0.536606669
vt 0.222222999 0.536606669
vt 0.222222999 0.530543685
vt 0.293854088 0.530543685
vt 0.293854088 0.536606669
vt 0.148557648 0.562327266
vt 0.185636058 0.542433619
vt 0.148557648 0.542433619
vt 0.185636058 0.562327266
vt 0.222222999 0.562327266
vt 0.222222999 0.542433619
vt 0.293854088 0.542433619
vt 0.293854088 0.562327266
vt 0.148557648 0.536606669
vt 0.185636058 0.530543685
vt 0.148557648 0.530543685
vt 0.185636058 0.536606669
vt 0.222222999 0.536606669
vt 0.222222999 0.530543685
vt 0.293854088 0.530543685
vt 0.293854088 0.536606669
vt 0.369839966 0.00390639156
vt 0.00390625 0.00390625
vt 0.00390625 0.369840205
vt 0.341984957 0.143943071
vt 0.262660533 0.262660742
vt 0.143943042 0.341985345
vt 0.00390625 0.51953125
vt 0.00390625 0.5078125
vt 0.0761152357 0.5078125
vt 0.0761152357 0.51953125
vt 0.148321927 0.5078125
vt 0.148321927 0.51953125
vt 0.22052893 0.5078125
vt 0.22052893 0.51953125
vt 0.292736322 0.50781256
vt 0.292736322 0.519531369
vt 0.292736322 0.50781256
vt 0.292736322 0.519530535
vt 0.22052893 0.519530475
vt 0.22052893 0.5078125
vt 0.148321927 0.519530475
vt 0.148321927 0.5078125
vt 0.0761152357 0.519530475
vt 0.0761152357 0.5078125
vt 0.00390625 0.519530475
vt 0.00390625 0.5078125
vt 0.292736322 0.50781256
vt 0.292736322 0.519530535
vt 0.220528662 0.519530475
vt 0.220528662 0.5078125
vt 0.148320809 0.519530475
vt 0.148320809 0.5078125
vt 0.0761132985 0.519530475
vt 0.0761132985 0.5078125
vt 0.00390625 0.519530475
vt 0.00390625 0.5078125
vt 0.00390625 0.51953125
vt 0.00390625 0.5078125
vt 0.0761132985 0.5078125
vt 0.0761132985 0.51953125
vt 0.148320809 0.5078125
vt 0.148320809 0.51953125
vt 0.22052893 0.5078125
vt 0.22052893 0.51953125
vt 0.292736322 0.50781256
vt 0.292736322 0.519531369
vt 0.341984957 0.143943071
vt 0.369840086 0.00390625
vt 0.00390625 0.00390625
vt 0.00390625 0.369840205
vt 0.262660682 0.262660563
vt 0.143943042 0.341985047
vt 0.143943042 0.341985047
vt 0.00390625 0.369840205
vt 0.00390625 0.00390625
vt 0.262660533 0.262660563
vt 0.341984957 0.143943071
vt 0.369840086 0.00390625
vt 0.00390625 0.369840205
vt 0.00390625 0.00390625
vt 0.369839966 0.00390639156
vt 0.341984957 0.143943191
vt 0.262660533 0.262660742
vt 0.143943042 0.341985345
vt 0.00390625 0.00390625
vt 0.00390625 0.369840205
vt 0.143943042 0.341985226
vt 0.262660414 0.262660742
vt 0.341984838 0.14394334
vt 0.369839966 0.00390639156
vt 0.143942863 0.341985226
vt 0.00390625 0.369840205
vt 0.00390625 0.00390625
vt 0.262660414 0.262660742
vt 0.341984838 0.14394334
vt 0.369839966 0.00390639156
vt 0.00390625 0.00390625
vt 0.369840235 0.00390625
vt 0.341985226 0.143943071
vt 0.00390625 0.369840205
vt 0.262660682 0.262660563
vt 0.143943191 0.341985047
vt 0.00390625 0.00390625
vt 0.00390625 0.369840205
vt 0.143943191 0.341985047
vt 0.262660533 0.262660563
vt 0.341985226 0.143943071
vt 0.369840235 0.00390625
vt 0.893520474 0.496029526
vt 0.897527456 0.518655896
vt 0.975270033 0.518655896
vt 0.980264425 0.496029526
vt 0.890222788 0.47265625
vt 0.984375 0.47265625
vt 0.980264425 0.496029526
vt 0.975270033 0.518655896
vt 0.897527456 0.518655896
vt 0.893520474 0.496029526
vt 0.984375 0.47265625
vt 0.890222788 0.47265625
vt 0.893520474 0.496029526
vt 0.897527456 0.518655896
vt 0.975269914 0.518655896
vt 0.980264425 0.496029526
vt 0.890222788 0.47265625
vt 0.984375 0.47265625
vt 0.980264425 0.496029526
vt 0.975269914 0.518655896
vt 0.897527456 0.518655896
vt 0.893520474 0.496029526
vt 0.984375 0.47265625
vt 0.890222788 0.47265625
vt 0.893520474 0.496029526
vt 0.897527456 0.518655896
vt 0.975269914 0.518655896
vt 0.980264425 0.496029526
vt 0.890222788 0.47265625
vt 0.984374762 0.47265625
vt 0.980264425 0.496029526
vt 0.975269914 0.518655896
vt 0.897527456 0.518655896
vt 0.893520474 0.496029526
vt 0.984374762 0.47265625
vt 0.890222549 0.47265625
vt 0.893520474 0.496029526
vt 0.897527456 0.518655896
vt 0.975270152 0.518655896
vt 0.980264425 0.496029526
vt 0.890222549 0.47265625
vt 0.984375 0.47265625
vt 0.980264425 0.496029526
vt 0.975270152 0.518655896
vt 0.897527456 0.518655896
vt 0.893520474 0.496029526
vt 0.984375 0.47265625
vt 0.890222788 0.47265625
vt 0.893520474 0.496029526
vt 0.897527456 0.518655896
vt 0.975269914 0.518655896
vt 0.980264425 0.496029526
vt 0.890222788 0.47265625
vt 0.984374762 0.47265625
vt 0.980264425 0.496029526
vt 0.975269914 0.518655896
vt 0.897527456 0.518655896
vt 0.893520474 0.496029526
vt 0.984374762 0.47265625
vt 0.890222788 0.47265625
vt 0.893520474 0.496029526
vt 0.897527456 0.518655896
vt 0.975270033 0.518655896
vt 0.980264425 0.496029526
vt 0.890222788 0.47265625
vt 0.984375 0.47265625
vt 0.980264425 0.496029526
vt 0.975270033 0.518655896
vt 0.897527456 0.518655896
vt 0.893520474 0.496029526
vt 0.984375 0.47265625
vt 0.890222788 0.47265625
vt 0.893520474 0.496029526
vt 0.897527456 0.518655896
vt 0.975270152 0.518655896
vt 0.980264425 0.496029526
vt 0.890222788 0.47265625
vt 0.984375 0.47265625
vt 0.980264425 0.496029526
vt 0.975270152 0.518655896
vt 0.897527456 0.518655896
vt 0.893520594 0.496029526
vt 0.984375 0.47265625
vt 0.890222788 0.47265625
vt 0.893520594 0.496029526
vt 0.897527456 0.518655896
vt 0.975269914 0.518655896
vt 0.980264187 0.496029526
vt 0.890222788 0.47265625
vt 0.984374762 0.47265625
vt 0.980264187 0.496029526
vt 0.975269914 0.518655896
vt 0.897527456 0.518655896
vt 0.893520474 0.496029526
vt 0.984374762 0.47265625
vt 0.890222788 0.47265625
vt 0.671089888 0.356968284
vt 0.671089888 0.342780173
vt 0.664547682 0.344581425
vt 0.664547682 0.35516727
vt 0.647595048 0.356968284
vt 0.654301286 0.344581425
vt 0.647595048 0.342780173
vt 0.654301286 0.35516727
vt 0.647595048 0.342780173
vt 0.664547682 0.344581425
vt 0.671089888 0.342780173
vt 0.654301286 0.344581425
vt 0.647595048 0.356968284
vt 0.654301286 0.35516727
vt 0.671089888 0.356968284
vt 0.664547682 0.35516727
vt 0.671089888 0.356968284
vt 0.671089888 0.342780173
vt 0.664547682 0.344581425
vt 0.664547682 0.35516727
vt 0.647595048 0.356968284
vt 0.654301286 0.344581425
vt 0.647595048 0.342780173
vt 0.654301286 0.35516727
vt 0.647595048 0.342780173
vt 0.664547682 0.344581425
vt 0.671089888 0.342780173
vt 0.654301286 0.344581425
vt 0.647595048 0.356968284
vt 0.654301286 0.35516727
vt 0.671089888 0.356968284
vt 0.664547682 0.35516727
vt 0.671089888 0.356968284
vt 0.671089888 0.342780173
vt 0.664547682 0.344581425
vt 0.664547682 0.35516727
vt 0.647595048 0.356968284
vt 0.654301286 0.344581425
vt 0.647595048 0.342780173
vt 0.654301286 0.35516727
vt 0.647595048 0.342780173
vt 0.664547682 0.344581425
vt 0.671089888 0.342780173
vt 0.654301286 0.344581425
vt 0.647595048 0.356968284
vt 0.654301286 0.35516727
vt 0.671089888 0.356968284
vt 0.664547682 0.35516727
vt 0.671089888 0.356968284
vt 0.671089888 0.342780173
vt 0.664547682 0.344581425
vt 0.664547682 0.35516727
vt 0.647595048 0.356968284
vt 0.654301286 0.344581425
vt 0.647595048 0.342780173
vt 0.654301286 0.35516727
vt 0.647595048 0.342780173
vt 0.664547682 0.344581425
vt 0.671089888 0.342780173
vt 0.654301286 0.344581425
vt 0.647595048 0.356968284
vt 0.654301286 0.35516727
vt 0.671089888 0.356968284
vt 0.664547682 0.35516727
vt 0.671089888 0.356968284
vt 0.671089888 0.342780173
vt 0.664547682 0.344581425
vt 0.664547682 0.35516727
vt 0.647595048 0.356968284
vt 0.654301286 0.344581425
vt 0.647595048 0.342780173
vt 0.654301286 0.35516727
vt 0.647595048 0.342780173
vt 0.664547682 0.344581425
vt 0.671089888 0.342780173
vt 0.654301286 0.344581425
vt 0.647595048 0.356968284
vt 0.654301286 0.35516727
vt 0.671089888 0.356968284
vt 0.664547682 0.35516727
vt 0.671089888 0.356968284
vt 0.671089888 0.342780173
vt 0.664547682 0.344581425
vt 0.664547682 0.35516727
vt 0.647595048 0.356968284
vt 0.654301286 0.344581425
vt 0.647595048 0.342780173
vt 0.654301286 0.35516727
vt 0.647595048 0.342780173
vt 0.664547682 0.344581425
vt 0.671089888 0.342780173
vt 0.654301286 0.344581425
vt 0.647595048 0.356968284
vt 0.654301286 0.35516727
vt 0.671089888 0.356968284
vt 0.664547682 0.35516727
vt 0.671089888 0.356968284
vt 0.671089888 0.342780173
vt 0.664547682 0.344581425
vt 0.664547682 0.35516727
vt 0.647595048 0.356968284
vt 0.654301286 0.344581425
vt 0.647595048 0.342780173
vt 0.654301286 0.35516727
vt 0.647595048 0.342780173
vt 0.664547682 0.344581425
vt 0.671089888 0.342780173
vt 0.654301286 0.344581425
vt 0.647595048 0.356968284
vt 0.654301286 0.35516727
vt 0.671089888 0.356968284
vt 0.664547682 0.35516727
vt 0.671089888 0.356968284
vt 0.671089888 0.342780173
vt 0.664547682 0.344581425
vt 0.664547682 0.35516727
vt 0.647595048 0.356968284
vt 0.654301286 0.344581425
vt 0.647595048 0.342780173
vt 0.654301286 0.35516727
vt 0.647595048 0.342780173
vt 0.664547682 0.344581425
vt 0.671089888 0.342780173
vt 0.654301286 0.344581425
vt 0.647595048 0.356968284
vt 0.654301286 0.35516727
vt 0.671089888 0.356968284
vt 0.664547682 0.35516727
vn 1 0 0
vn 0.800051033 0.14846617 -0.581271112
vn 0.809017003 0 -0.587785184
vn 0.98891747 0.148466155 0
vn 0.809017181 0 0.587785006
vn 0.800051212 0.148466155 0.581270874
vn 0.771229744 0.302050024 0.560330749
vn 0.953292072 0.302049994 -1.12478858E-07
vn 0.771229446 0.302050054 -0.560330987
vn 0.309016973 0 -0.95105654
vn -0.305592299 0.148466215 -0.940516412
vn -0.309017003 0 -0.95105654
vn 0.305592269 0.14846617 -0.940516412
vn 0.809017003 0 -0.587785184
vn 0.800051033 0.14846617 -0.581271112
vn 0.771229446 0.302050054 -0.560330987
vn 0.29458341 0.302050084 -0.906634629
vn -0.29458344 0.302050084 -0.906634629
vn -0.809017062 0 -0.587785184
vn -0.98891747 0.148466155 0
vn -1 0 0
vn -0.800051093 0.148466185 -0.581271052
vn -0.309017003 0 -0.95105654
vn -0.305592299 0.148466215 -0.940516412
vn -0.29458344 0.302050084 -0.906634629
vn -0.771229446 0.302050054 -0.560330987
vn -0.953292072 0.302049994 0
vn -0.809017003 0 0.587785304
vn -0.305592269 0.14846617 0.940516412
vn -0.309017032 0 0.95105654
vn -0.800051033 0.14846617 0.581271112
vn -1 0 0
vn -0.98891747 0.148466155 0
vn -0.953292072 0.302049994 0
vn -0.771229446 0.302049994 0.560330987
vn -0.29458344 0.302050084 0.906634629
vn 0.309017122 0 0.95105648
vn 0.800051212 0.148466155 0.581270874
vn 0.809017181 0 0.587785006
vn 0.305592418 0.148466185 0.940516412
vn -0.309017032 0 0.95105654
vn -0.305592269 0.14846617 0.940516412
vn -0.29458344 0.302050084 0.906634629
vn 0.294583559 0.302050114 0.906634569
vn 0.771229744 0.302050024 0.560330749
vn -0 -1 0
vn -0 -1 0
vn -0 -1 0
vn -0 -1 0
vn -0 -1 0
vn 1 0 1.3749424E-07
vn 1 0 1.3749424E-07
vn 0.866025448 0 -0.49999997
vn 0.866025448 0 -0.49999997
vn 0.5 0 -0.866025448
vn 0.5 0 -0.866025448
vn -0 0 -1
vn -0 0 -1
vn -0 0 -1
vn -0 0 -1
vn -0.49999997 0 -0.866025448
vn -0.49999997 0 -0.866025448
vn -0.866025448 0 -0.5
vn -0.866025448 0 -0.5
vn -1 0 -1.27673204E-07
vn -1 0 -1.27673204E-07
vn -1 0 -1.27673204E-07
vn -1 0 -1.27673204E-07
vn -0.866025507 0 0.499999791
vn -0.866025507 0 0.499999791
vn -0.500000298 0 0.866025269
vn -0.500000298 0 0.866025269
vn -5.00871806E-07 0 1
vn -5.00871806E-07 0 1
vn -5.00871806E-07 0 1
vn -5.00871806E-07 0 1
vn 0.499999493 0 0.866025686
vn 0.499999493 0 0.866025686
vn 0.86602515 0 0.500000417
vn 0.86602515 0 0.500000417
vn 1 0 1.3749424E-07
vn 1 0 1.3749424E-07
vn -0 1 0
vn -0 1 0
vn -0 1 0
vn -0 1 0
vn -0 1 0
vn -0 1 0
vn -0 1 0
vn -0 1 0
vn -0 1 0
vn -0 1 0
vn -0 1 0
vn -0 1 0
vn -0 1 0
vn -0 1 0
vn -0 1 0
vn -0 1 0
vn -0 1 0
vn -0 1 0
vn -0 1 0
vn -0 1 0
vn -0 1 0
vn -0 1 0
vn -0 1 0
vn -0 1 0
vn -0 1 0
vn -0 1 0
vn -0 1 0
vn -0 1 0
vn -0 1 0
vn -0 1 0
vn -0 1 0
vn -0 1 0
vn -1 0 -1.66957292E-07
vn -1 0 -1.66957292E-07
vn -0.866025329 0 0.50000006
vn -0.866025329 0 0.50000006
vn -0.499999911 0 0.866025448
vn -0.499999911 0 0.866025448
vn -0 0 1
vn -0 0 1
vn -0 0 1
vn -0 0 1
vn 0.50000006 0 0.866025329
vn 0.50000006 0 0.866025329
vn 0.866025448 0 0.499999911
vn 0.866025448 0 0.499999911
vn 1 0 0
vn 1 0 0
vn 1 0 0
vn 1 0 0
vn 0.866025627 0 -0.499999762
vn 0.866025627 0 -0.499999762
vn 0.500000358 0 -0.866025269
vn 0.500000358 0 -0.866025269
vn 4.22303714E-07 0 -1
vn 4.22303714E-07 0 -1
vn 4.22303714E-07 0 -1
vn 4.22303714E-07 0 -1
vn -0.499999493 0 -0.866025686
vn -0.499999493 0 -0.866025686
vn -0.86602515 0 -0.500000477
vn -0.86602515 0 -0.500000477
vn -1 0 -1.66957292E-07
vn -1 0 -1.66957292E-07
vn -0 1 0
vn -0 1 0
vn -0 1 0
vn -0 1 0
vn -0 1 0
vn -0 1 0
vn -0 1 0
vn -0 1 0
vn -0 1 0
vn -0 1 0
vn -0 1 0
vn -0 1 0
vn -0 1 0
vn -0 1 0
vn -0 1 0
vn -0 1 0
vn -0 1 0
vn -0 1 0
vn -0 1 0
vn -0 1 0
vn -0 -1 0
vn -0 -1 0
vn -0 -1 0
vn -0 -1 0
vn -0 -1 0
vn -0 -1 0
vn -0 -1 0
vn -0 -1 0
vn -0 -1 0
vn -0 -1 0
vn -0 -1 0
vn -0 -1 0
vn -0 -1 0
vn -0 -1 0
vn -0 -1 0
vn -0.70710659 0 0.707106948
vn -0.70710659 0 0.707106948
vn -0.70710659 0 0.707106948
vn -0.70710659 0 0.707106948
vn -0 -1 0
vn -0 -1 0
vn -0 -1 0
vn -0 -1 0
vn -0 1 0
vn -0 1 0
vn -0 1 0
vn -0 1 0
vn 0.70710659 0 -0.707106948
vn 0.70710659 0 -0.707106948
vn 0.70710659 0 -0.707106948
vn 0.70710659 0 -0.707106948
vn -0 -1 0
vn -0 -1 0
vn -0 -1 0
vn -0 -1 0
vn -0 -1 0
vn -0 -1 0
vn -0.574477851 0 -0.818520188
vn -0.301230788 0 -0.953551292
vn -0.574477851 0 -0.818520188
vn -0.301230788 0 -0.953551292
vn 0.301229835 0 -0.95355159
vn 0.301229835 0 -0.95355159
vn 0.57447654 0 -0.818521142
vn 0.57447654 0 -0.818521142
vn -0 1 0
vn -0 1 0
vn -0 1 0
vn -0 1 0
vn -0 1 0
vn -0 1 0
vn -1 0 5.8637022E-07
vn -1 0 5.8637022E-07
vn -1 0 5.8637022E-07
vn -1 0 5.8637022E-07
vn -0 1 0
vn -0 1 0
vn -0 1 0
vn -0 1 0
vn -0 1 0
vn -0 1 0
vn -0 -1 0
vn -0 -1 0
vn -0 -1 0
vn -0 -1 0
vn -0 -1 0
vn -0 -1 0
vn 0.818521142 0 0.57447654
vn 0.95355159 0 0.301229745
vn 0.818521142 0 0.57447654
vn 0.95355159 0 0.301229745
vn 0.953551292 0 -0.301230878
vn 0.953551292 0 -0.301230878
vn 0.818520188 0 -0.574477911
vn 0.818520188 0 -0.574477911
vn 0.707106948 0 0.70710659
vn 0.707106948 0 0.70710659
vn 0.707106948 0 0.70710659
vn 0.707106948 0 0.70710659
vn -0 -1 0
vn -0 -1 0
vn -0 -1 0
vn -0 -1 0
vn -0 1 0
vn -0 1 0
vn -0 1 0
vn -0 1 0
vn -0.707106948 0 -0.70710659
vn -0.707106948 0 -0.70710659
vn -0.707106948 0 -0.70710659
vn -0.707106948 0 -0.70710659
vn 1 0 -4.69095909E-07
vn 1 0 -4.69095909E-07
vn 1 0 -4.69095909E-07
vn 1 0 -4.69095909E-07
vn -0 1 0
vn -0 1 0
vn -0 1 0
vn -0 1 0
vn -0 1 0
vn -0 1 0
vn -0.818520188 0 0.574477851
vn -0.953551292 0 0.301230818
vn -0.818520188 0 0.574477851
vn -0.953551292 0 0.301230818
vn -0.95355171 0 -0.301229566
vn -0.95355171 0 -0.301229566
vn -0.81852138 0 -0.574476063
vn -0.81852138 0 -0.574476063
vn -0 -1 0
vn -0 -1 0
vn -0 -1 0
vn -0 -1 0
vn -0 -1 0
vn -0 -1 0
vn 3.5182191E-07 0 1
vn 3.5182191E-07 0 1
vn 3.5182191E-07 0 1
vn 3.5182191E-07 0 1
vn 0.707106471 0 -0.707107008
vn 0.707106471 0 -0.707107008
vn 0.707106471 0 -0.707107008
vn 0.707106471 0 -0.707107008
vn -0 -1 0
vn -0 -1 0
vn -0 -1 0
vn -0 -1 0
vn -0 1 0
vn -0 1 0
vn -0 1 0
vn -0 1 0
vn -0.70710659 0 0.707106948
vn -0.70710659 0 0.707106948
vn -0.70710659 0 0.707106948
vn -0.70710659 0 0.707106948
vn -7.03643821E-07 0 -1
vn -7.03643821E-07 0 -1
vn -7.03643821E-07 0 -1
vn -7.03643821E-07 0 -1
vn -0 1 0
vn -0 1 0
vn -0 1 0
vn -0 1 0
vn -0 1 0
vn -0 1 0
vn 0.574478209 0 0.81851995
vn 0.301231116 0 0.953551173
vn 0.574478209 0 0.81851995
vn 0.301231116 0 0.953551173
vn -0.301229656 0 0.95355159
vn -0.301229656 0 0.95355159
vn -0.57447654 0 0.818521142
vn -0.57447654 0 0.818521142
vn -0 -1 0
vn -0 -1 0
vn -0 -1 0
vn -0 -1 0
vn -0 -1 0
vn -0 -1 0
vn -0.707107067 0 -0.707106471
vn -0.707107067 0 -0.707106471
vn -0.707107067 0 -0.707106471
vn -0.707107067 0 -0.707106471
vn -0 -1 0
vn -0 -1 0
vn -0 -1 0
vn -0 -1 0
vn -0 1 0
vn -0 1 0
vn -0 1 0
vn -0 1 0
vn 0.707107186 0 0.707106352
vn 0.707107186 0 0.707106352
vn 0.707107186 0 0.707106352
vn 0.707107186 0 0.707106352
vn 0.951984525 0 -0.306145996
vn 0.951984525 0 -0.306145996
vn 0.951984525 0 -0.306145996
vn 0.951984525 0 -0.306145966
vn 1 0 -4.20451397E-06
vn 1 0 -4.20451397E-06
vn 1 0 -4.20451397E-06
vn 1 0 -4.20451397E-06
vn 0.202575892 0 -0.979266584
vn 0.202575892 0 -0.979266584
vn 0.202575892 0 -0.979266584
vn 0.202575892 0 -0.979266584
vn -1 0 1.45048898E-06
vn -1 0 1.45048898E-06
vn -1 0 1.45048898E-06
vn -1 0 1.45048898E-06
vn 0.202577889 0 0.979266107
vn 0.202577889 0 0.979266107
vn 0.202577889 0 0.979266107
vn 0.202577889 0 0.979266107
vn 1 1.00166665E-06 -1.21148514E-06
vn 1 1.00166665E-06 -1.21148514E-06
vn 1 1.00166665E-06 -1.21148514E-06
vn 1 1.00166665E-06 -1.21148514E-06
vn 0.294952333 0.955511987 -3.48924033E-07
vn 0.294952333 0.955511987 -3.48924004E-07
vn 0.294952333 0.955511987 -3.48924004E-07
vn 0.294952333 0.955511987 -3.48924033E-07
vn -1 0 1.15118416E-06
vn -1 0 1.15118416E-06
vn -1 0 1.15118416E-06
vn -1 0 1.15118416E-06
vn 1 1.00166665E-06 -1.21148514E-06
vn 1 1.00166665E-06 -1.21148514E-06
vn 1 1.00166665E-06 -1.21148514E-06
vn 1 1.00166665E-06 -1.21148514E-06
vn 0.299516797 0.954091072 -3.53796366E-07
vn 0.299516797 0.954091072 -3.53796338E-07
vn 0.299516797 0.954091072 -3.53796366E-07
vn 0.299516797 0.954091072 -3.53796366E-07
vn -1 0 1.15118428E-06
vn -1 0 1.15118428E-06
vn -1 0 1.15118428E-06
vn -1 0 1.15118428E-06
vn 1 1.00166665E-06 -1.21148514E-06
vn 1 1.00166665E-06 -1.21148514E-06
vn 1 1.00166665E-06 -1.21148514E-06
vn 1 1.00166665E-06 -1.21148514E-06
vn 0.297290146 0.954787135 -3.51019708E-07
vn 0.297290176 0.954787135 -3.51019679E-07
vn 0.297290176 0.954787135 -3.51019679E-07
vn 0.297290146 0.954787135 -3.51019651E-07
vn -1 0 1.15118439E-06
vn -1 0 1.15118439E-06
vn -1 0 1.15118439E-06
vn -1 0 1.15118439E-06
vn 1 1.00166665E-06 -1.21148514E-06
vn 1 1.00166665E-06 -1.21148514E-06
vn 1 1.00166665E-06 -1.21148514E-06
vn 1 1.00166665E-06 -1.21148514E-06
vn 0.299767047 0.954012394 -3.54104117E-07
vn 0.299767047 0.954012394 -3.54104117E-07
vn 0.299767077 0.954012394 -3.54104117E-07
vn 0.299767077 0.954012394 -3.54104117E-07
vn -1 0 1.15118428E-06
vn -1 0 1.15118428E-06
vn -1 0 1.15118428E-06
vn -1 0 1.15118428E-06
vn 1 1.00167472E-06 -1.21148514E-06
vn 1 1.00167472E-06 -1.21148514E-06
vn 1 1.00167472E-06 -1.21148514E-06
vn 1 1.00167472E-06 -1.21148514E-06
vn 0.300094306 0.953909516 -3.54739626E-07
vn 0.300094366 0.953909516 -3.54739683E-07
vn 0.300094336 0.953909516 -3.54739655E-07
vn 0.300094306 0.953909516 -3.54739655E-07
vn -1 0 1.15118428E-06
vn -1 0 1.15118428E-06
vn -1 0 1.15118428E-06
vn -1 0 1.15118428E-06
vn -0 -1 0
vn -0 -1 0
vn -0 -1 0
vn -0 -1 0
vn -0 1 0
vn -0 1 0
vn -0 1 0
vn -0 1 0
vn 0.923878074 -1.77438309E-07 -0.382686794
vn 0.923878074 -1.77438309E-07 -0.382686794
vn 0.923878074 -1.77438309E-07 -0.382686794
vn 0.923878074 -1.77438309E-07 -0.382686794
vn -0.382683784 0 -0.923879445
vn -0.382683784 0 -0.923879445
vn -0.382683784 0 -0.923879445
vn -0.382683784 0 -0.923879445
vn -0.923877895 0 0.38268739
vn -0.923877895 0 0.38268739
vn -0.923877895 0 0.38268739
vn -0.923877895 0 0.38268739
vn 0.38268432 0 0.923879087
vn 0.38268432 0 0.923879087
vn 0.38268432 0 0.923879087
vn 0.38268432 0 0.923879087
vn 0.294942349 -0.955515027 -3.48924715E-07
vn 0.294942319 -0.955515027 -3.48924686E-07
vn 0.294942319 -0.955515027 -3.48924686E-07
vn 0.294942319 -0.955515027 -3.48924686E-07
vn 0.299506813 -0.954094112 -3.5379702E-07
vn 0.299506813 -0.954094172 -3.5379702E-07
vn 0.299506783 -0.954094172 -3.5379702E-07
vn 0.299506813 -0.954094172 -3.5379702E-07
vn 0.297289789 -0.954787254 -3.51019281E-07
vn 0.297289789 -0.954787254 -3.51019281E-07
vn 0.297289819 -0.954787254 -3.5101931E-07
vn 0.297289848 -0.954787254 -3.51019338E-07
vn 0.299757093 -0.954015553 -3.5444171E-07
vn 0.299757153 -0.954015553 -3.54441738E-07
vn 0.299757153 -0.954015553 -3.54441738E-07
vn 0.299757123 -0.954015553 -3.54441738E-07
vn 0.300093979 -0.953909636 -3.54402346E-07
vn 0.300093979 -0.953909636 -3.54402374E-07
vn 0.300093979 -0.953909636 -3.54402374E-07
vn 0.300093979 -0.953909636 -3.54402374E-07
vn 0.951985657 0 0.306142718
vn 0.951985657 0 0.306142747
vn 0.951985657 0 0.306142747
vn 0.951985657 0 0.306142747
vn 1 0 -8.40901157E-06
vn 1 0 -8.40901157E-06
vn 1 0 -8.40901157E-06
vn 1 0 -8.40901157E-06
vn 0.204890564 0 0.978784859
vn 0.204890564 0 0.978784859
vn 0.204890564 0 0.978784859
vn 0.204890564 0 0.978784859
vn -1 0 5.7727384E-06
vn -1 0 5.7727384E-06
vn -1 0 5.7727384E-06
vn -1 0 5.7727384E-06
vn 0.204885319 0 -0.978785992
vn 0.204885334 0 -0.978785992
vn 0.204885319 0 -0.978785992
vn 0.204885334 0 -0.978785992
vn -0 -1 0
vn -0 -1 0
vn -0 -1 0
vn -0 -1 0
vn -0 1 0
vn -0 1 0
vn -0 1 0
vn -0 1 0
vn 0.923881352 0 0.382679045
vn 0.923881352 0 0.382679045
vn 0.923881352 0 0.382679045
vn 0.923881352 0 0.382679045
vn -0.382680774 0 0.923880637
vn -0.382680774 0 0.923880637
vn -0.382680774 0 0.923880637
vn -0.382680774 0 0.923880637
vn -0.923881173 1.77438508E-07 -0.382679582
vn -0.923881173 1.77438537E-07 -0.382679611
vn -0.923881173 1.77438537E-07 -0.382679611
vn -0.923881173 1.77438508E-07 -0.382679582
vn 0.382681787 0 -0.9238801
vn 0.382681787 0 -0.9238801
vn 0.382681787 0 -0.9238801
vn 0.382681847 0 -0.9238801
vn 0.214415237 -0.952917695 -0.214415506
vn 0.214415237 -0.952917695 -0.214415506
vn 0.214415208 -0.952917695 -0.214415461
vn 0.214415222 -0.952917695 -0.214415461
vn 0.707106769 0 -0.707106829
vn 0.707106769 0 -0.707106829
vn 0.707106769 0 -0.707106829
vn 0.707106769 0 -0.707106829
vn 0.698998451 0 0.715123177
vn 0.698998451 0 0.715123177
vn 0.69899857 0 0.715123117
vn 0.698998451 0 0.715123117
vn -0.715112686 0 -0.69900912
vn -0.715112746 0 -0.699009061
vn -0.715112686 0 -0.69900912
vn -0.715112686 0 -0.69900912
vn -0.707105875 -1.23553505E-07 0.707107663
vn -0.707105875 -1.23553505E-07 0.707107663
vn -0.707105875 -1.23553505E-07 0.707107663
vn -0.707105875 -1.23553505E-07 0.707107663
vn 1 1.00166665E-06 -1.21148526E-06
vn 1 1.00166665E-06 -1.21148526E-06
vn 1 1.00166665E-06 -1.21148526E-06
vn 1 1.00166665E-06 -1.21148526E-06
vn 0.294662207 0.955601454 -3.48281816E-07
vn 0.294662207 0.955601454 -3.48281816E-07
vn 0.294662207 0.955601454 -3.48281816E-07
vn 0.294662178 0.955601454 -3.48281787E-07
vn -1 0 1.15118428E-06
vn -1 0 1.15118428E-06
vn -1 0 1.15118428E-06
vn -1 0 1.15118428E-06
vn 0.294652134 -0.955604613 -3.47607454E-07
vn 0.294652134 -0.955604613 -3.47607454E-07
vn 0.294652104 -0.955604613 -3.47607454E-07
vn 0.294652134 -0.955604613 -3.47607511E-07
vn 1 1.00166665E-06 -1.21148526E-06
vn 1 1.00166665E-06 -1.21148526E-06
vn 1 1.00166665E-06 -1.21148526E-06
vn 1 1.00166665E-06 -1.21148526E-06
vn 0.297251582 0.954799175 -3.51361308E-07
vn 0.297251552 0.954799175 -3.51361308E-07
vn 0.297251523 0.954799175 -3.51361308E-07
vn 0.297251582 0.954799175 -3.51361336E-07
vn -1 0 1.15118416E-06
vn -1 0 1.15118416E-06
vn -1 0 1.15118416E-06
vn -1 0 1.15118416E-06
vn 0.297241628 -0.954802334 -3.51699242E-07
vn 0.297241628 -0.954802334 -3.51699242E-07
vn 0.297241628 -0.954802334 -3.51699242E-07
vn 0.297241628 -0.954802334 -3.51699242E-07
vn -0.306145996 0 -0.951984525
vn -0.306145996 0 -0.951984525
vn -0.306145996 0 -0.951984525
vn -0.306145966 0 -0.951984525
vn -4.20451261E-06 0 -1
vn -4.20451261E-06 0 -1
vn -4.20451261E-06 0 -1
vn -4.20451261E-06 0 -1
vn -0.979266584 0 -0.202575654
vn -0.979266584 0 -0.202575654
vn -0.979266584 0 -0.202575654
vn -0.979266584 0 -0.202575654
vn 1.45048875E-06 0 1
vn 1.45048875E-06 0 1
vn 1.45048875E-06 0 1
vn 1.45048875E-06 0 1
vn 0.979266107 0 -0.202578008
vn 0.979266107 0 -0.202578008
vn 0.979266107 0 -0.202578008
vn 0.979266107 0 -0.202578008
vn -1.45378192E-06 1.00166676E-06 -1
vn -1.45378192E-06 1.00166676E-06 -1
vn -1.45378192E-06 1.00166676E-06 -1
vn -1.45378192E-06 1.00166676E-06 -1
vn -4.21813354E-07 0.955511987 -0.294952333
vn -4.21813354E-07 0.955511987 -0.294952303
vn -4.21813297E-07 0.955511987 -0.294952333
vn -4.21813354E-07 0.955511987 -0.294952333
vn 1.40700297E-06 0 1
vn 1.40700297E-06 0 1
vn 1.40700297E-06 0 1
vn 1.40700297E-06 0 1
vn -1.45378192E-06 1.00166676E-06 -1
vn -1.45378192E-06 1.00166676E-06 -1
vn -1.45378192E-06 1.00166676E-06 -1
vn -1.45378192E-06 1.00166676E-06 -1
vn -4.28262013E-07 0.954091072 -0.299516827
vn -4.28261956E-07 0.954091072 -0.299516797
vn -4.28262013E-07 0.954091072 -0.299516797
vn -4.28262013E-07 0.954091072 -0.299516827
vn 1.40700297E-06 0 1
vn 1.40700297E-06 0 1
vn 1.40700297E-06 0 1
vn 1.40700297E-06 0 1
vn -1.45378192E-06 1.00166676E-06 -1
vn -1.45378192E-06 1.00166676E-06 -1
vn -1.45378192E-06 1.00166676E-06 -1
vn -1.45378192E-06 1.00166676E-06 -1
vn -4.25202472E-07 0.954787135 -0.297290176
vn -4.25202529E-07 0.954787135 -0.297290206
vn -4.25202472E-07 0.954787135 -0.297290206
vn -4.25202472E-07 0.954787135 -0.297290176
vn 1.40700274E-06 0 1
vn 1.40700274E-06 0 1
vn 1.40700274E-06 0 1
vn 1.40700274E-06 0 1
vn -1.45378192E-06 1.00166676E-06 -1
vn -1.45378192E-06 1.00166676E-06 -1
vn -1.45378192E-06 1.00166676E-06 -1
vn -1.45378192E-06 1.00166676E-06 -1
vn -4.28563624E-07 0.954012394 -0.299767047
vn -4.28563624E-07 0.954012394 -0.299767077
vn -4.28563624E-07 0.954012394 -0.299767107
vn -4.28563652E-07 0.954012394 -0.299767137
vn 1.40700274E-06 0 1
vn 1.40700274E-06 0 1
vn 1.40700274E-06 0 1
vn 1.40700274E-06 0 1
vn -1.45378192E-06 1.00167472E-06 -1
vn -1.45378192E-06 1.00167472E-06 -1
vn -1.45378192E-06 1.00167472E-06 -1
vn -1.45378192E-06 1.00167472E-06 -1
vn -4.29191147E-07 0.953909516 -0.300094277
vn -4.29191203E-07 0.953909516 -0.300094306
vn -4.29191175E-07 0.953909516 -0.300094306
vn -4.29191147E-07 0.953909516 -0.300094277
vn 1.40700274E-06 0 1
vn 1.40700274E-06 0 1
vn 1.40700274E-06 0 1
vn 1.40700274E-06 0 1
vn -0 -1 0
vn -0 -1 0
vn -0 -1 0
vn -0 -1 0
vn -0 1 0
vn -0 1 0
vn -0 1 0
vn -0 1 0
vn -0.382686794 -1.80168129E-07 -0.923878074
vn -0.382686794 -1.80168129E-07 -0.923878074
vn -0.382686794 -1.80168129E-07 -0.923878074
vn -0.382686794 -1.80168129E-07 -0.923878074
vn -0.923879445 0 0.382683784
vn -0.923879445 0 0.382683784
vn -0.923879445 0 0.382683814
vn -0.923879445 0 0.382683814
vn 0.38268739 0 0.923877895
vn 0.38268739 0 0.923877895
vn 0.38268739 0 0.923877895
vn 0.38268739 0 0.923877895
vn 0.923879087 0 -0.38268432
vn 0.923879087 0 -0.38268432
vn 0.923879087 0 -0.38268432
vn 0.923879087 0 -0.38268432
vn -4.22151601E-07 -0.955515027 -0.294942319
vn -4.22151544E-07 -0.955515027 -0.29494229
vn -4.22151629E-07 -0.955515027 -0.294942319
vn -4.22151601E-07 -0.955515027 -0.294942319
vn -4.27925897E-07 -0.954094172 -0.299506813
vn -4.27925869E-07 -0.954094172 -0.299506813
vn -4.27925869E-07 -0.954094172 -0.299506813
vn -4.27925897E-07 -0.954094172 -0.299506813
vn -4.25201961E-07 -0.954787254 -0.297289789
vn -4.25201989E-07 -0.954787254 -0.297289848
vn -4.25201961E-07 -0.954787254 -0.297289848
vn -4.25201989E-07 -0.954787254 -0.297289848
vn -4.28901416E-07 -0.954015553 -0.299757093
vn -4.28901416E-07 -0.954015553 -0.299757093
vn -4.28901416E-07 -0.954015553 -0.299757093
vn -4.28901359E-07 -0.954015553 -0.299757093
vn -4.29527489E-07 -0.953909636 -0.300093979
vn -4.29527518E-07 -0.953909636 -0.300093979
vn -4.29527489E-07 -0.953909636 -0.300093979
vn -4.29527518E-07 -0.953909636 -0.300093979
vn 0.306142837 0 -0.951985538
vn 0.306142896 0 -0.951985538
vn 0.306142867 0 -0.951985538
vn 0.306142867 0 -0.951985538
vn -8.40901157E-06 0 -1
vn -8.40901157E-06 0 -1
vn -8.40901157E-06 0 -1
vn -8.40901157E-06 0 -1
vn 0.978784859 0 -0.204890564
vn 0.978784859 0 -0.204890564
vn 0.978784859 0 -0.204890564
vn 0.978784859 0 -0.204890564
vn 5.77274068E-06 0 1
vn 5.77274068E-06 0 1
vn 5.77274068E-06 0 1
vn 5.77274068E-06 0 1
vn -0.978785992 0 -0.204885066
vn -0.978785992 0 -0.204885066
vn -0.978785992 0 -0.204885066
vn -0.978785992 0 -0.204885066
vn -0 -1 0
vn -0 -1 0
vn -0 -1 0
vn -0 -1 0
vn -0 1 0
vn -0 1 0
vn -0 1 0
vn -0 1 0
vn 0.382679045 0 -0.923881352
vn 0.382679045 0 -0.923881352
vn 0.382679045 0 -0.923881352
vn 0.382679045 0 -0.923881352
vn 0.923880637 0 0.382680774
vn 0.923880637 0 0.382680774
vn 0.923880637 0 0.382680774
vn 0.923880637 0 0.382680774
vn -0.382679582 1.80168357E-07 0.923881173
vn -0.382679611 1.80168357E-07 0.923881173
vn -0.382679611 1.80168385E-07 0.923881173
vn -0.382679582 1.80168357E-07 0.923881173
vn -0.9238801 0 -0.382681787
vn -0.9238801 0 -0.382681787
vn -0.9238801 0 -0.382681787
vn -0.9238801 0 -0.382681847
vn -0.214415506 -0.952917695 -0.214415163
vn -0.214415506 -0.952917695 -0.214415163
vn -0.214415506 -0.952917695 -0.214415148
vn -0.214415506 -0.952917695 -0.214415163
vn -0.707106888 0 -0.70710665
vn -0.707106948 0 -0.70710659
vn -0.707106948 0 -0.70710659
vn -0.707106888 0 -0.70710665
vn 0.715122879 0 -0.698998749
vn 0.715122879 0 -0.698998809
vn 0.715122879 0 -0.698998809
vn 0.715122879 0 -0.698998809
vn -0.699009001 0 0.715112865
vn -0.699009001 0 0.715112865
vn -0.699009001 0 0.715112865
vn -0.699009001 0 0.715112865
vn 0.707107723 -1.2432568E-07 0.707105815
vn 0.707107723 -1.2432568E-07 0.707105815
vn 0.707107723 -1.2432568E-07 0.707105815
vn 0.707107723 -1.2432568E-07 0.707105815
vn -1.45378215E-06 1.00166676E-06 -1
vn -1.45378215E-06 1.00166676E-06 -1
vn -1.45378215E-06 1.00166676E-06 -1
vn -1.45378215E-06 1.00166676E-06 -1
vn -4.21515409E-07 0.955601454 -0.294662178
vn -4.21515409E-07 0.955601454 -0.294662207
vn -4.21515409E-07 0.955601454 -0.294662148
vn -4.21515409E-07 0.955601454 -0.294662148
vn 1.40700274E-06 0 1
vn 1.40700274E-06 0 1
vn 1.40700274E-06 0 1
vn 1.40700274E-06 0 1
vn -4.21178669E-07 -0.955604613 -0.294652104
vn -4.21178669E-07 -0.955604613 -0.294652104
vn -4.21178697E-07 -0.955604613 -0.294652104
vn -4.21178697E-07 -0.955604613 -0.294652134
vn -1.45378215E-06 1.00166676E-06 -1
vn -1.45378215E-06 1.00166676E-06 -1
vn -1.45378215E-06 1.00166676E-06 -1
vn -1.45378215E-06 1.00166676E-06 -1
vn -4.25207872E-07 0.954799175 -0.297251582
vn -4.25207901E-07 0.954799175 -0.297251642
vn -4.25207929E-07 0.954799175 -0.297251612
vn -4.25207929E-07 0.954799175 -0.297251612
vn 1.40700297E-06 0 1
vn 1.40700297E-06 0 1
vn 1.40700297E-06 0 1
vn 1.40700297E-06 0 1
vn -4.25883059E-07 -0.954802334 -0.297241598
vn -4.25883059E-07 -0.954802334 -0.297241539
vn -4.25883087E-07 -0.954802334 -0.297241569
vn -4.25883087E-07 -0.954802334 -0.297241539
vn -0.951984465 0 0.306146532
vn -0.951984465 0 0.306146532
vn -0.951984465 0 0.306146532
vn -0.951984465 0 0.306146532
vn -1 0 5.88631792E-06
vn -1 0 5.88631792E-06
vn -1 0 5.88631792E-06
vn -1 0 5.88631792E-06
vn -0.202575222 0 0.979266703
vn -0.202575222 0 0.979266703
vn -0.202575222 0 0.979266703
vn -0.202575222 0 0.979266703
vn 1 0 -2.41748148E-06
vn 1 0 -2.41748148E-06
vn 1 0 -2.41748148E-06
vn 1 0 -2.41748148E-06
vn -0.202578336 0 -0.979265988
vn -0.202578336 0 -0.979265988
vn -0.202578336 0 -0.979265988
vn -0.202578336 0 -0.979265988
vn -1 1.00166676E-06 1.45378192E-06
vn -1 1.00166676E-06 1.45378192E-06
vn -1 1.00166676E-06 1.45378192E-06
vn -1 1.00166676E-06 1.45378192E-06
vn -0.294952393 0.955511868 4.21813354E-07
vn -0.294952393 0.955511868 4.21813354E-07
vn -0.294952333 0.955511987 4.21813382E-07
vn -0.294952393 0.955511987 4.21813354E-07
vn 1 0 -1.40700297E-06
vn 1 0 -1.40700297E-06
vn 1 0 -1.40700297E-06
vn 1 0 -1.40700297E-06
vn -1 1.00166676E-06 1.45378192E-06
vn -1 1.00166676E-06 1.45378192E-06
vn -1 1.00166676E-06 1.45378192E-06
vn -1 1.00166676E-06 1.45378192E-06
vn -0.299516857 0.954091072 4.28262041E-07
vn -0.299516857 0.954091072 4.28262069E-07
vn -0.299516857 0.954091072 4.28262041E-07
vn -0.299516797 0.954091072 4.28262013E-07
vn 1 0 -1.40700297E-06
vn 1 0 -1.40700297E-06
vn 1 0 -1.40700297E-06
vn 1 0 -1.40700297E-06
vn -1 1.00166676E-06 1.45378192E-06
vn -1 1.00166676E-06 1.45378192E-06
vn -1 1.00166676E-06 1.45378192E-06
vn -1 1.00166676E-06 1.45378192E-06
vn -0.297290206 0.954787135 4.25202529E-07
vn -0.297290236 0.954787135 4.25202558E-07
vn -0.297290206 0.954787135 4.25202529E-07
vn -0.297290176 0.954787135 4.25202472E-07
vn 1 0 -1.40700274E-06
vn 1 0 -1.40700274E-06
vn 1 0 -1.40700274E-06
vn 1 0 -1.40700274E-06
vn -1 1.00166676E-06 1.45378192E-06
vn -1 1.00166676E-06 1.45378192E-06
vn -1 1.00166676E-06 1.45378192E-06
vn -1 1.00166676E-06 1.45378192E-06
vn -0.299767137 0.954012394 4.28563652E-07
vn -0.299767107 0.954012394 4.28563652E-07
vn -0.299767137 0.954012394 4.28563652E-07
vn -0.299767137 0.954012394 4.28563652E-07
vn 1 0 -1.40700274E-06
vn 1 0 -1.40700274E-06
vn 1 0 -1.40700274E-06
vn 1 0 -1.40700274E-06
vn -1 1.00167472E-06 1.45378192E-06
vn -1 1.00167472E-06 1.45378192E-06
vn -1 1.00167472E-06 1.45378192E-06
vn -1 1.00167472E-06 1.45378192E-06
vn -0.300094336 0.953909516 4.29191203E-07
vn -0.300094336 0.953909516 4.29191175E-07
vn -0.300094336 0.953909516 4.29191203E-07
vn -0.300094336 0.953909516 4.29191203E-07
vn 1 0 -1.40700274E-06
vn 1 0 -1.40700274E-06
vn 1 0 -1.40700274E-06
vn 1 0 -1.40700274E-06
vn -0 -1 0
vn -0 -1 0
vn -0 -1 0
vn -0 -1 0
vn -0 1 0
vn -0 1 0
vn -0 1 0
vn -0 1 0
vn -0.923878014 -1.80168101E-07 0.382687241
vn -0.923878014 -1.80168101E-07 0.382687241
vn -0.923878014 -1.80168101E-07 0.382687241
vn -0.923878014 -1.80168115E-07 0.382687211
vn 0.382684737 0 0.923879027
vn 0.382684737 0 0.923879027
vn 0.382684767 0 0.923879027
vn 0.382684767 0 0.923879027
vn 0.923877716 0 -0.382687926
vn 0.923877716 0 -0.382687926
vn 0.923877716 0 -0.382687926
vn 0.923877716 0 -0.382687926
vn -0.382684618 0 -0.923879027
vn -0.382684618 0 -0.923879027
vn -0.382684618 0 -0.923879027
vn -0.382684618 0 -0.923879027
vn -0.294942319 -0.955515027 4.22151544E-07
vn -0.294942319 -0.955515027 4.22151629E-07
vn -0.29494229 -0.955515027 4.22151516E-07
vn -0.294942319 -0.955515027 4.22151601E-07
vn -0.299506813 -0.954094172 4.27925869E-07
vn -0.299506813 -0.954094172 4.27925869E-07
vn -0.299506813 -0.954094172 4.27925869E-07
vn -0.299506813 -0.954094112 4.27925869E-07
vn -0.297289789 -0.954787254 4.25201989E-07
vn -0.297289848 -0.954787254 4.25201961E-07
vn -0.297289848 -0.954787254 4.25201989E-07
vn -0.297289848 -0.954787254 4.25202046E-07
vn -0.299757093 -0.954015553 4.28901416E-07
vn -0.299757093 -0.954015553 4.28901416E-07
vn -0.299757034 -0.954015553 4.28901416E-07
vn -0.299757093 -0.954015553 4.28901416E-07
vn -0.300093979 -0.953909636 4.29527546E-07
vn -0.300093979 -0.953909636 4.29527518E-07
vn -0.300093979 -0.953909636 4.29527546E-07
vn -0.300093979 -0.953909636 4.29527546E-07
vn -0.951985717 0 -0.30614233
vn -0.951985717 0 -0.30614233
vn -0.951985717 0 -0.30614233
vn -0.951985717 0 -0.30614233
vn -1 0 1.00908173E-05
vn -1 0 1.00908173E-05
vn -1 0 1.00908173E-05
vn -1 0 1.00908173E-05
vn -0.204891071 0 -0.978784859
vn -0.204891026 0 -0.978784859
vn -0.204891071 0 -0.978784859
vn -0.204891026 0 -0.978784859
vn 1 0 -6.73486193E-06
vn 1 0 -6.73486193E-06
vn 1 0 -6.73486193E-06
vn 1 0 -6.73486193E-06
vn -0.204884976 0 0.978786111
vn -0.204884991 0 0.978786111
vn -0.204884976 0 0.978786111
vn -0.204884991 0 0.978786111
vn -0 -1 0
vn -0 -1 0
vn -0 -1 0
vn -0 -1 0
vn -0 1 0
vn -0 1 0
vn -0 1 0
vn -0 1 0
vn -0.923881471 0 -0.382678747
vn -0.923881471 0 -0.382678747
vn -0.923881471 0 -0.382678747
vn -0.923881471 0 -0.382678747
vn 0.382680297 0 -0.923880816
vn 0.382680297 0 -0.923880816
vn 0.382680297 0 -0.923880816
vn 0.382680297 0 -0.923880816
vn 0.923881233 1.80168357E-07 0.382679135
vn 0.923881233 1.80168357E-07 0.382679164
vn 0.923881233 1.80168371E-07 0.382679105
vn 0.923881233 1.80168357E-07 0.382679135
vn -0.382681787 0 0.9238801
vn -0.382681787 0 0.9238801
vn -0.382681787 0 0.9238801
vn -0.382681847 0 0.9238801
vn -0.214415163 -0.952917695 0.214415491
vn -0.214415163 -0.952917695 0.214415506
vn -0.214415148 -0.952917695 0.214415476
vn -0.214415148 -0.952917695 0.214415491
vn -0.70710659 0 0.707106948
vn -0.70710659 0 0.707106948
vn -0.70710659 0 0.707106948
vn -0.70710659 0 0.707106948
vn -0.69899869 0 -0.715122879
vn -0.698998809 0 -0.715122879
vn -0.69899869 0 -0.715122879
vn -0.69899869 0 -0.715122879
vn 0.715112627 0 0.69900924
vn 0.715112627 0 0.69900924
vn 0.715112567 0 0.699009299
vn 0.715112627 0 0.69900924
vn 0.707105696 -1.41314288E-07 -0.707107782
vn 0.707105696 -1.41314288E-07 -0.707107782
vn 0.707105815 -1.41314288E-07 -0.707107723
vn 0.707105696 -1.41314288E-07 -0.707107782
vn -1 1.00166676E-06 1.45378215E-06
vn -1 1.00166676E-06 1.45378215E-06
vn -1 1.00166676E-06 1.45378215E-06
vn -1 1.00166676E-06 1.45378215E-06
vn -0.294662178 0.955601454 4.21515409E-07
vn -0.294662178 0.955601454 4.21515409E-07
vn -0.294662178 0.955601454 4.21515409E-07
vn -0.294662178 0.955601454 4.21515409E-07
vn 1 0 -1.40700274E-06
vn 1 0 -1.40700274E-06
vn 1 0 -1.40700274E-06
vn 1 0 -1.40700274E-06
vn -0.294652134 -0.955604613 4.21178754E-07
vn -0.294652104 -0.955604613 4.21178669E-07
vn -0.294652104 -0.955604613 4.21178697E-07
vn -0.294652104 -0.955604613 4.21178697E-07
vn -1 1.00166676E-06 1.45378215E-06
vn -1 1.00166676E-06 1.45378215E-06
vn -1 1.00166676E-06 1.45378215E-06
vn -1 1.00166676E-06 1.45378215E-06
vn -0.297251612 0.954799175 4.25207929E-07
vn -0.297251612 0.954799175 4.25207929E-07
vn -0.297251612 0.954799175 4.25207901E-07
vn -0.297251612 0.954799175 4.25207901E-07
vn 1 0 -1.40700297E-06
vn 1 0 -1.40700297E-06
vn 1 0 -1.40700297E-06
vn 1 0 -1.40700297E-06
vn -0.297241569 -0.954802334 4.25883087E-07
vn -0.297241539 -0.954802334 4.25883087E-07
vn -0.297241569 -0.954802334 4.25883087E-07
vn -0.297241539 -0.954802334 4.25883059E-07
vn 0.306145966 0 0.951984525
vn 0.306145996 0 0.951984525
vn 0.306145996 0 0.951984525
vn 0.306145966 0 0.951984525
vn 4.20451534E-06 0 1
vn 4.20451534E-06 0 1
vn 4.20451534E-06 0 1
vn 4.20451534E-06 0 1
vn 0.979266584 0 0.202575698
vn 0.979266584 0 0.202575698
vn 0.979266584 0 0.202575698
vn 0.979266584 0 0.202575698
vn -1.45048955E-06 0 -1
vn -1.45048955E-06 0 -1
vn -1.45048955E-06 0 -1
vn -1.45048955E-06 0 -1
vn -0.979266107 0 0.2025778
vn -0.979266107 0 0.2025778
vn -0.979266107 0 0.2025778
vn -0.979266107 0 0.2025778
vn 1.21148503E-06 1.00166687E-06 1
vn 1.21148503E-06 1.00166687E-06 1
vn 1.21148503E-06 1.00166687E-06 1
vn 1.21148503E-06 1.00166687E-06 1
vn 3.48924004E-07 0.955511987 0.294952393
vn 3.48924033E-07 0.955511987 0.294952393
vn 3.48924061E-07 0.955511987 0.294952363
vn 3.48924033E-07 0.955511987 0.294952393
vn -1.15118416E-06 0 -1
vn -1.15118416E-06 0 -1
vn -1.15118416E-06 0 -1
vn -1.15118416E-06 0 -1
vn 1.21148503E-06 1.00166687E-06 1
vn 1.21148503E-06 1.00166687E-06 1
vn 1.21148503E-06 1.00166687E-06 1
vn 1.21148503E-06 1.00166687E-06 1
vn 3.53796338E-07 0.954091072 0.299516797
vn 3.53796366E-07 0.954091072 0.299516827
vn 3.53796366E-07 0.954091072 0.299516857
vn 3.53796338E-07 0.954091072 0.299516857
vn -1.15118428E-06 0 -1
vn -1.15118428E-06 0 -1
vn -1.15118428E-06 0 -1
vn -1.15118428E-06 0 -1
vn 1.21148503E-06 1.00166687E-06 1
vn 1.21148503E-06 1.00166687E-06 1
vn 1.21148503E-06 1.00166687E-06 1
vn 1.21148503E-06 1.00166687E-06 1
vn 3.51019679E-07 0.954787135 0.297290206
vn 3.51019651E-07 0.954787135 0.297290176
vn 3.51019708E-07 0.954787135 0.297290206
vn 3.51019679E-07 0.954787135 0.297290206
vn -1.15118405E-06 0 -1
vn -1.15118405E-06 0 -1
vn -1.15118405E-06 0 -1
vn -1.15118405E-06 0 -1
vn 1.21148503E-06 1.00166687E-06 1
vn 1.21148503E-06 1.00166687E-06 1
vn 1.21148503E-06 1.00166687E-06 1
vn 1.21148503E-06 1.00166687E-06 1
vn 3.54104117E-07 0.954012394 0.299767107
vn 3.5410406E-07 0.954012394 0.299767107
vn 3.54104117E-07 0.954012394 0.299767107
vn 3.54104117E-07 0.954012394 0.299767137
vn -1.15118416E-06 0 -1
vn -1.15118416E-06 0 -1
vn -1.15118416E-06 0 -1
vn -1.15118416E-06 0 -1
vn 1.21148503E-06 1.00167483E-06 1
vn 1.21148503E-06 1.00167483E-06 1
vn 1.21148503E-06 1.00167483E-06 1
vn 1.21148503E-06 1.00167483E-06 1
vn 3.54402744E-07 0.953909516 0.300094336
vn 3.54402715E-07 0.953909516 0.300094306
vn 3.54402744E-07 0.953909516 0.300094336
vn 3.54402715E-07 0.953909516 0.300094336
vn -1.15118416E-06 0 -1
vn -1.15118416E-06 0 -1
vn -1.15118416E-06 0 -1
vn -1.15118416E-06 0 -1
vn -0 -1 0
vn -0 -1 0
vn -0 -1 0
vn -0 -1 0
vn -0 1 0
vn -0 1 0
vn -0 1 0
vn -0 1 0
vn 0.382686794 -1.80168144E-07 0.923878074
vn 0.382686794 -1.80168144E-07 0.923878074
vn 0.382686883 -1.80168144E-07 0.923878074
vn 0.382686913 -1.80168172E-07 0.923878074
vn 0.923879445 0 -0.382683784
vn 0.923879445 0 -0.382683784
vn 0.923879445 0 -0.382683784
vn 0.923879445 0 -0.382683784
vn -0.38268739 0 -0.923877895
vn -0.38268739 0 -0.923877895
vn -0.38268739 0 -0.923877895
vn -0.38268739 0 -0.923877895
vn -0.923879087 0 0.38268432
vn -0.923879087 0 0.38268432
vn -0.923879087 0 0.38268432
vn -0.923879087 0 0.38268432
vn 3.48587207E-07 -0.955515027 0.294942319
vn 3.4858715E-07 -0.955515027 0.29494229
vn 3.48587207E-07 -0.955515027 0.29494229
vn 3.4858715E-07 -0.955515027 0.294942319
vn 3.53796963E-07 -0.954094172 0.299506813
vn 3.53796935E-07 -0.954094172 0.299506783
vn 3.53796935E-07 -0.954094112 0.299506813
vn 3.53796963E-07 -0.954094172 0.299506813
vn 3.5135642E-07 -0.954787254 0.297289789
vn 3.5135642E-07 -0.954787254 0.297289789
vn 3.5135642E-07 -0.954787254 0.297289789
vn 3.5135642E-07 -0.954787254 0.297289848
vn 3.54104742E-07 -0.954015553 0.299757093
vn 3.5410477E-07 -0.954015553 0.299757093
vn 3.54104742E-07 -0.954015553 0.299757093
vn 3.54104742E-07 -0.954015553 0.299757093
vn 3.54402317E-07 -0.953909636 0.300093979
vn 3.54402346E-07 -0.953909636 0.300093979
vn 3.54402346E-07 -0.953909636 0.300093979
vn 3.54402346E-07 -0.953909636 0.300093979
vn -0.306142837 0 0.951985538
vn -0.306142896 0 0.951985538
vn -0.306142867 0 0.951985538
vn -0.306142867 0 0.951985538
vn 8.40900793E-06 0 1
vn 8.40900793E-06 0 1
vn 8.40900793E-06 0 1
vn 8.40900793E-06 0 1
vn -0.978784859 0 0.204890564
vn -0.978784859 0 0.204890564
vn -0.978784859 0 0.204890564
vn -0.978784859 0 0.204890564
vn -5.77273795E-06 0 -1
vn -5.77273795E-06 0 -1
vn -5.77273795E-06 0 -1
vn -5.77273795E-06 0 -1
vn 0.978785992 0 0.204885319
vn 0.978785992 0 0.204885334
vn 0.978785992 0 0.204885319
vn 0.978785992 0 0.204885334
vn -0 -1 0
vn -0 -1 0
vn -0 -1 0
vn -0 -1 0
vn -0 1 0
vn -0 1 0
vn -0 1 0
vn -0 1 0
vn -0.382679045 0 0.923881352
vn -0.382679045 0 0.923881352
vn -0.382679045 0 0.923881352
vn -0.382679045 0 0.923881352
vn -0.923880637 0 -0.382680774
vn -0.923880637 0 -0.382680774
vn -0.923880637 0 -0.382680774
vn -0.923880637 0 -0.382680774
vn 0.382679462 1.801683E-07 -0.923881173
vn 0.382679462 1.801683E-07 -0.923881173
vn 0.382679492 1.80168342E-07 -0.923881173
vn 0.382679462 1.801683E-07 -0.923881173
vn 0.923880041 0 0.382682085
vn 0.923880041 0 0.382682115
vn 0.923880041 0 0.382682115
vn 0.923880041 0 0.382682055
vn 0.214415476 -0.952917695 0.214415222
vn 0.214415446 -0.952917695 0.214415222
vn 0.214415446 -0.952917695 0.214415208
vn 0.214415446 -0.952917695 0.214415237
vn 0.707106888 0 0.70710665
vn 0.707106888 0 0.70710665
vn 0.707106888 0 0.70710665
vn 0.707106888 0 0.70710665
vn -0.715123117 0 0.698998451
vn -0.715123177 0 0.698998451
vn -0.715123177 0 0.698998451
vn -0.715123177 0 0.698998451
vn 0.69900912 0 -0.715112686
vn 0.699009061 0 -0.715112746
vn 0.69900912 0 -0.715112686
vn 0.69900912 0 -0.715112686
vn -0.707107544 -1.12742548E-07 -0.707105935
vn -0.707107544 -1.12742548E-07 -0.707105935
vn -0.707107544 -1.12742548E-07 -0.707105935
vn -0.707107544 -1.12742548E-07 -0.707105935
vn 1.21148514E-06 1.00166676E-06 1
vn 1.21148514E-06 1.00166676E-06 1
vn 1.21148514E-06 1.00166676E-06 1
vn 1.21148514E-06 1.00166676E-06 1
vn 3.48281787E-07 0.955601454 0.294662178
vn 3.48281759E-07 0.955601454 0.294662178
vn 3.48281787E-07 0.955601454 0.294662178
vn 3.48281816E-07 0.955601454 0.294662207
vn -1.15118416E-06 0 -1
vn -1.15118416E-06 0 -1
vn -1.15118416E-06 0 -1
vn -1.15118416E-06 0 -1
vn 3.48282356E-07 -0.955604613 0.294652104
vn 3.48282356E-07 -0.955604613 0.294652134
vn 3.48282356E-07 -0.955604613 0.294652104
vn 3.48282327E-07 -0.955604613 0.294652104
vn 1.21148514E-06 1.00166676E-06 1
vn 1.21148514E-06 1.00166676E-06 1
vn 1.21148514E-06 1.00166676E-06 1
vn 1.21148514E-06 1.00166676E-06 1
vn 3.51361308E-07 0.954799175 0.297251612
vn 3.5136128E-07 0.954799175 0.297251582
vn 3.51361308E-07 0.954799175 0.297251612
vn 3.51361308E-07 0.954799175 0.297251612
vn -1.15118416E-06 0 -1
vn -1.15118416E-06 0 -1
vn -1.15118416E-06 0 -1
vn -1.15118416E-06 0 -1
vn 3.5136199E-07 -0.954802334 0.297241598
vn 3.51361962E-07 -0.954802334 0.297241539
vn 3.5136199E-07 -0.954802334 0.297241569
vn 3.5136199E-07 -0.954802334 0.297241598
vn 1 0 1.08031188E-07
vn 1 0 1.08031188E-07
vn 0.866025448 0 -0.5
vn 0.866025448 0 -0.5
vn 0.5 0 -0.866025448
vn 0.5 0 -0.866025448
vn -0 0 -1
vn -0 0 -1
vn -0 0 -1
vn -0 0 -1
vn -0.5 0 -0.866025448
vn -0.5 0 -0.866025448
vn -0.866025329 0 -0.50000006
vn -0.866025329 0 -0.50000006
vn -1 0 -1.27673218E-07
vn -1 0 -1.27673218E-07
vn -1 0 -1.27673218E-07
vn -1 0 -1.27673218E-07
vn -0.866025507 0 0.499999851
vn -0.866025507 0 0.499999851
vn -0.500000358 0 0.866025269
vn -0.500000358 0 0.866025269
vn -5.00871863E-07 0 1
vn -5.00871863E-07 0 1
vn -5.00871863E-07 0 1
vn -5.00871863E-07 0 1
vn 0.499999493 0 0.866025686
vn 0.499999493 0 0.866025686
vn 0.86602515 0 0.500000417
vn 0.86602515 0 0.500000417
vn 1 0 1.08031188E-07
vn 1 0 1.08031188E-07
vn -0 -1 0
vn -0 -1 0
vn -0 -1 0
vn -0 -1 0
vn -0 -1 0
vn -0 -1 0
vn -0 -1 0
vn -0 -1 0
vn -0 -1 0
vn -0 -1 0
vn -0 -1 0
vn -0 -1 0
vn -0 -1 0
vn -0 -1 0
vn -0 -1 0
vn -0 -1 0
vn -0 -1 0
vn -0 -1 0
vn -0 -1 0
vn -0 -1 0
vn -0 -1 0
vn -0 -1 0
vn -0 -1 0
vn -0 -1 0
vn -0 -1 0
vn -0 -1 0
vn -0 -1 0
vn -0 -1 0
vn -0 -1 0
vn -0 -1 0
vn -0 -1 0
vn -0 -1 0
vn -1 0 0
vn -1 0 0
vn -0.866025448 0 -0.5
vn -0.866025329 0 -0.50000006
vn -0.499999911 1.43835209E-07 -0.866025507
vn -0.499999911 1.43835209E-07 -0.866025448
vn 1.5713627E-07 1.53686941E-07 -1
vn 1.5713627E-07 1.53686941E-07 -1
vn 1.5713627E-07 1.53686941E-07 -1
vn 1.5713627E-07 1.53686941E-07 -1
vn 0.50000006 1.20191061E-07 -0.866025329
vn 0.500000119 1.20191061E-07 -0.866025329
vn 0.866025507 1.26102094E-07 -0.499999851
vn 0.866025507 1.26102094E-07 -0.499999911
vn 1 1.22161367E-07 0
vn 1 1.22161353E-07 0
vn 1 1.22161353E-07 0
vn 1 1.22161367E-07 0
vn 0.866025507 0 0.499999791
vn 0.866025507 0 0.499999851
vn 0.500000238 0 0.866025269
vn 0.500000238 0 0.866025269
vn 2.84809488E-07 0 1
vn 2.84809488E-07 0 1
vn 2.84809488E-07 0 1
vn 2.84809488E-07 0 1
vn -0.499999523 0 0.866025686
vn -0.499999523 0 0.866025686
vn -0.866025269 0 0.500000417
vn -0.866025269 0 0.500000417
vn -1 0 0
vn -1 0 0
vn 1.34902493E-07 -1 -5.03463184E-07
vn 1.34902507E-07 -1 -5.03463241E-07
vn 1.34902507E-07 -1 -5.03463241E-07
vn 1.34902521E-07 -1 -5.03463355E-07
vn -0 -1 0
vn -0 -1 0
vn -0 -1 0
vn -0 -1 0
vn -0 -1 0
vn -0 -1 0
vn -0 -1 0
vn -0 -1 0
vn -1.34902805E-07 -1 -5.03463582E-07
vn -1.34902635E-07 -1 -5.034629E-07
vn -1.34902734E-07 -1 -5.03463298E-07
vn -1.3490272E-07 -1 -5.03463241E-07
vn -1.3490272E-07 -1 -5.03463241E-07
vn -1.34902734E-07 -1 -5.03463298E-07
vn -0 -1 0
vn -0 -1 0
vn -0 -1 0
vn -0 -1 0
vn -0 -1 0
vn -0 -1 0
vn -0 -1 0
vn -0 -1 0
vn -0 -1 0
vn -0 -1 0
vn -0 -1 0
vn -0 -1 0
vn 1.34902507E-07 -1 -5.03463241E-07
vn 1.34902493E-07 -1 -5.03463184E-07
vn -0 1 0
vn -0 1 0
vn -0 1 0
vn -0 1 0
vn -0 1 0
vn -0 1 0
vn -0 1 0
vn -0 1 0
vn -0 1 0
vn -0 1 0
vn -0 1 0
vn -0 1 0
vn -0 1 0
vn -0 1 0
vn -0 1 0
vn -0 1 0
vn -0 1 0
vn -0 1 0
vn -0 1 0
vn -0 1 0
vn -0 1 0
vn -0 1 0
vn -0 1 0
vn -0 1 0
vn -0 1 0
vn -0 1 0
vn -0 1 0
vn -0 1 0
vn -0 1 0
vn -0 1 0
vn -0 1 0
vn -0 1 0
vn 0.720518291 0.693436027 -1.28496083E-07
vn 0.720518351 0.693435907 -2.16120682E-07
vn 0.665672004 0.693435967 -0.275730401
vn 0.665672064 0.693436086 -0.275730342
vn 0.665672064 0.693436086 -0.275730342
vn 0.665672004 0.693435967 -0.275730401
vn 0.509483278 0.693435967 -0.509483278
vn 0.509483278 0.693435967 -0.509483278
vn 0.509483278 0.693435967 -0.509483278
vn 0.509483278 0.693435967 -0.509483278
vn 0.275730371 0.693435967 -0.665672004
vn 0.275730342 0.693436086 -0.665671945
vn 0.275730342 0.693436086 -0.665671945
vn 0.275730371 0.693435967 -0.665672004
vn -0 0.693436027 -0.720518291
vn -0 0.693435907 -0.720518351
vn -0 0.693436027 -0.720518291
vn -0 0.693435907 -0.720518351
vn -0.275730461 0.693436027 -0.665672004
vn -0.275730431 0.693436086 -0.665671945
vn -0.275730431 0.693436086 -0.665671945
vn -0.275730461 0.693436027 -0.665672004
vn -0.509483278 0.693436027 -0.509483337
vn -0.509483278 0.693435967 -0.509483278
vn -0.509483278 0.693436027 -0.509483337
vn -0.509483278 0.693435967 -0.509483278
vn -0.665672004 0.693435967 -0.275730461
vn -0.665671945 0.693436086 -0.275730342
vn -0.665671945 0.693436086 -0.275730342
vn -0.665672004 0.693435967 -0.275730461
vn -0.720518231 0.693436027 0
vn -0.720518351 0.693435967 -1.14676276E-07
vn -0.720518231 0.693436027 0
vn -0.720518351 0.693435967 -1.14676276E-07
vn -0.665672064 0.693435967 0.275730252
vn -0.665672064 0.693436086 0.275730222
vn -0.665672064 0.693436086 0.275730222
vn -0.665672064 0.693435967 0.275730252
vn -0.509483457 0.693436086 0.509483159
vn -0.509483457 0.693435967 0.509483159
vn -0.509483457 0.693436086 0.509483159
vn -0.509483457 0.693435967 0.509483159
vn -0.275730491 0.693436086 0.665671945
vn -0.275730431 0.693436086 0.665671945
vn -0.275730431 0.693436086 0.665671945
vn -0.275730491 0.693436086 0.665671945
vn 1.07517174E-07 0.693436027 0.720518291
vn -0 0.693435907 0.720518351
vn 1.07517174E-07 0.693436027 0.720518291
vn -0 0.693435907 0.720518351
vn 0.27573061 0.693435907 0.665672064
vn 0.27573061 0.693435907 0.665672064
vn 0.27573061 0.693435907 0.665672064
vn 0.27573061 0.693435907 0.665672064
vn 0.509483457 0.693435967 0.509483218
vn 0.509483516 0.693435967 0.509483218
vn 0.509483457 0.693435967 0.509483218
vn 0.509483516 0.693435967 0.509483218
vn 0.665672123 0.693435967 0.275730222
vn 0.665672123 0.693435967 0.275730193
vn 0.665672123 0.693435967 0.275730193
vn 0.665672123 0.693435967 0.275730222
vn 0.720518291 0.693436027 -1.28496083E-07
vn 0.720518351 0.693435907 -2.16120682E-07
vn -0 1 0
vn -0 1 0
vn -0 1 0
vn -0 1 0
vn -0 1 0
vn -0 1 0
vn -0 1 0
vn -0 1 0
vn -0 1 0
vn -0 1 0
vn -0 1 0
vn -0 1 0
vn -0 1 0
vn -0 1 0
vn -0 1 0
vn -0 1 0
vn -0 1 0
vn -0 1 0
vn -0 1 0
vn -0 1 0
vn -0 1 0
vn -0 1 0
vn -0 1 0
vn -0 1 0
vn -0 1 0
vn -0 1 0
vn -0 1 0
vn -0 1 0
vn -0 1 0
vn -0 1 0
vn -0 1 0
vn -0 1 0
vn -0 1 0
vn -0 1 0
vn -0 1 0
vn -0 1 0
vn -0 1 0
vn -0 1 0
vn -0 1 0
vn -0 1 0
vn -0 1 0
vn -0 1 0
vn -0 1 0
vn -0 1 0
vn -0 1 0
vn -0 1 0
vn -0 1 0
vn -0 1 0
vn -0 1 0
vn -0 1 0
vn -0 1 0
vn -0 1 0
vn -0 1 0
vn -0 1 0
vn -0 1 0
vn -0 1 0
vn -0 1 0
vn -0 1 0
vn -0 1 0
vn -0 1 0
vn -0 1 0
vn -0 1 0
vn -0 1 0
vn -0 1 0
vn -0.923879445 0 0.382683665
vn -0.632045925 -0.448370099 0.632045925
vn -0.707106829 0 0.707106769
vn -0.82580775 -0.448370278 0.342060894
vn -1 0 1.83772244E-07
vn -0.650124729 -0.393288553 0.65012455
vn -0.893847823 -0.448370516 2.17983285E-07
vn -0.849428654 -0.393288583 0.351845235
vn -0.706772804 0.0307292957 0.706772804
vn -0.919414997 -0.393288761 2.76249494E-07
vn -0.923443139 0.0307292975 0.382502913
vn -0.999527693 0.0307293013 3.08328794E-07
vn -0.382683635 0 0.923879445
vn -0 -0.448370218 0.893848002
vn -0 0 1
vn -0.342061013 -0.448370129 0.82580775
vn -0.707106829 0 0.707106769
vn -0 -0.393288463 0.919415057
vn -0.632045925 -0.448370099 0.632045925
vn -0.351845205 -0.393288463 0.849428713
vn -0 0.0307293013 0.999527693
vn -0.650124729 -0.393288553 0.65012455
vn -0.382502973 0.0307293013 0.923443139
vn -0.706772804 0.0307292957 0.706772804
vn 0.382683724 0 0.923879445
vn 0.632045686 -0.448370427 0.632045925
vn 0.707106769 0 0.707106769
vn 0.342061102 -0.448370188 0.825807691
vn -0 0 1
vn 0.650124609 -0.393288732 0.65012455
vn -0 -0.448370218 0.893848002
vn 0.351845145 -0.393288523 0.849428713
vn 0.706772804 0.0307292957 0.706772804
vn -0 -0.393288463 0.919415057
vn 0.382502973 0.0307292975 0.923443139
vn -0 0.0307293013 0.999527693
vn 0.923879445 0 0.382683724
vn 0.893847525 -0.448371112 2.20518018E-07
vn 1 0 2.12788905E-07
vn 0.825807452 -0.448370844 0.342060983
vn 0.707106769 0 0.707106769
vn 0.919414878 -0.393289208 2.5369863E-07
vn 0.632045686 -0.448370427 0.632045925
vn 0.849428475 -0.393289119 0.351845145
vn 0.999527693 0.0307292994 2.79422977E-07
vn 0.650124609 -0.393288732 0.65012455
vn 0.923443139 0.030729305 0.382503122
vn 0.706772804 0.0307292957 0.706772804
vn 0.923879504 0 -0.382683277
vn 0.632045865 -0.448370934 -0.632045507
vn 0.707106829 0 -0.707106769
vn 0.825807452 -0.448371053 -0.342060626
vn 1 0 2.12788905E-07
vn 0.65012449 -0.393289149 -0.65012449
vn 0.893847525 -0.448371112 2.20518018E-07
vn 0.849428654 -0.393289238 -0.351844639
vn 0.706772983 0.0307292994 -0.706772745
vn 0.919414878 -0.393289208 2.5369863E-07
vn 0.923443198 0.0307292938 -0.382502586
vn 0.999527693 0.0307292994 2.79422977E-07
vn 0.382683456 0 -0.923879504
vn -1.16595743E-07 -0.448371649 -0.893847227
vn -2.41805566E-07 0 -1
vn 0.342060626 -0.448371112 -0.825807452
vn 0.707106829 0 -0.707106769
vn -0 -0.393289685 -0.919414699
vn 0.632045865 -0.448370934 -0.632045507
vn 0.351844996 -0.393289357 -0.849428475
vn -0 0.0307293031 -0.999527693
vn 0.65012449 -0.393289149 -0.65012449
vn 0.382502824 0.0307293031 -0.923443198
vn 0.706772983 0.0307292994 -0.706772745
vn -0.382683665 0 -0.923879445
vn -0.632045925 -0.448370844 -0.632045388
vn -0.707106888 0 -0.70710659
vn -0.342060953 -0.44837153 -0.825807035
vn -2.41805566E-07 0 -1
vn -0.650124669 -0.393289089 -0.650124371
vn -1.16595743E-07 -0.448371649 -0.893847227
vn -0.351845026 -0.393289626 -0.849428296
vn -0.706773043 0.0307292975 -0.706772685
vn -0 -0.393289685 -0.919414699
vn -0.382503152 0.030729305 -0.923443139
vn -0 0.0307293031 -0.999527693
vn -0.923879623 0 -0.382683158
vn -0.893847823 -0.448370516 2.17983285E-07
vn -1 0 1.83772244E-07
vn -0.82580775 -0.448370636 -0.342060596
vn -0.707106888 0 -0.70710659
vn -0.919414997 -0.393288761 2.76249494E-07
vn -0.632045925 -0.448370844 -0.632045388
vn -0.849428773 -0.393288761 -0.351844579
vn -0.999527693 0.0307293013 3.08328794E-07
vn -0.650124669 -0.393289089 -0.650124371
vn -0.923443317 0.0307293013 -0.382502526
vn -0.706773043 0.0307292975 -0.706772685
vn -0 1 0
vn -0 1 0
vn -0 1 0
vn -0 1 0
vn -0.719972789 0.694002271 4.65647702E-07
vn -0.719972789 0.69400233 4.65647787E-07
vn -0.719972789 0.694002271 4.65647673E-07
vn -0.719972789 0.694002271 4.65647702E-07
vn 6.25349514E-07 0 1
vn 7.11462178E-07 -1.357689E-07 1
vn 6.81170206E-07 -1.17075182E-07 1
vn 6.25349514E-07 0 1
vn -1.45120941E-06 1.21540461E-06 -1
vn -1.24026144E-06 8.34040463E-07 -1
vn -1.12578743E-06 6.27087559E-07 -1
vn -1.4512093E-06 1.21540461E-06 -1
vn 1 -2.63980525E-07 -7.59314503E-07
vn 1 -2.63980553E-07 -7.59314503E-07
vn 1 -2.63980525E-07 -7.59314503E-07
vn 1 -2.63980525E-07 -7.59314503E-07
vn -0 -1 0
vn -0 -1 0
vn -0 -1 0
vn -0 -1 0
vn 6.81170206E-07 -1.17075182E-07 1
vn 7.11462178E-07 -1.357689E-07 1
vn 7.60705689E-07 -1.66157903E-07 1
vn 7.60705689E-07 -1.66157903E-07 1
vn -1.12578743E-06 6.27087559E-07 -1
vn -1.24026144E-06 8.34040463E-07 -1
vn -9.39695042E-07 2.90659045E-07 -1
vn -9.39695042E-07 2.90659045E-07 -1
vn -0 1 0
vn -0 1 0
vn -0 1 0
vn -0 1 0
vn -0.509098113 0.694002211 -0.509097219
vn -0.509098172 0.694002211 -0.509097278
vn -0.509098172 0.694002211 -0.509097278
vn -0.509098053 0.694002211 -0.509097219
vn -0.707105696 -1.30714866E-07 0.707107842
vn -0.707105637 -3.54876136E-07 0.707107902
vn -0.707105637 -2.7602286E-07 0.707107842
vn -0.707105696 -1.30714852E-07 0.707107842
vn 0.707105339 1.12344196E-06 -0.70710814
vn 0.707105398 9.35971343E-07 -0.70710808
vn 0.707105398 8.34237653E-07 -0.70710808
vn 0.707105398 1.12344208E-06 -0.70710814
vn 0.707107842 -1.95167985E-07 0.707105696
vn 0.707107782 -1.95167999E-07 0.707105696
vn 0.707107842 -1.95167985E-07 0.707105637
vn 0.707107842 -1.95167985E-07 0.707105696
vn -0 -1 0
vn -0 -1 0
vn -0 -1 0
vn -0 -1 0
vn -0.707105637 -2.7602286E-07 0.707107842
vn -0.707105637 -3.54876136E-07 0.707107902
vn -0.707105637 -4.83062763E-07 0.707107902
vn -0.707105577 -4.8306282E-07 0.707107961
vn 0.707105398 8.34237653E-07 -0.70710808
vn 0.707105398 9.35971343E-07 -0.70710808
vn 0.707105398 6.68856501E-07 -0.70710808
vn 0.707105398 6.68856501E-07 -0.70710808
vn -0 1 0
vn -0 1 0
vn -0 1 0
vn -0 1 0
vn -5.43255567E-07 0.694002211 -0.719972849
vn -5.43255624E-07 0.694002211 -0.719972849
vn -5.43255624E-07 0.694002211 -0.719972849
vn -5.43255624E-07 0.694002211 -0.719972908
vn -1 -4.86275837E-07 1.60073807E-06
vn -1 -3.57061396E-07 1.29405851E-06
vn -1 -4.02515298E-07 1.40193947E-06
vn -1 -4.86275837E-07 1.60073807E-06
vn 1 1.04369974E-06 -1.57883949E-06
vn 1 7.75225658E-07 -1.61051719E-06
vn 1 6.295341E-07 -1.62770755E-06
vn 1 1.04369963E-06 -1.5788396E-06
vn 1.08473478E-06 0 1
vn 1.08473478E-06 0 1
vn 1.08473478E-06 0 1
vn 1.08473478E-06 0 1
vn -0 -1 0
vn -0 -1 0
vn -0 -1 0
vn -0 -1 0
vn -1 -4.02515298E-07 1.40193947E-06
vn -1 -3.57061396E-07 1.29405851E-06
vn -1 -2.83170237E-07 1.11868417E-06
vn -1 -2.83170237E-07 1.11868417E-06
vn 1 6.295341E-07 -1.62770755E-06
vn 1 7.75225658E-07 -1.61051719E-06
vn 1 3.92693948E-07 -1.65565257E-06
vn 1 3.92693948E-07 -1.65565257E-06
vn -0 1 0
vn -0 1 0
vn -0 1 0
vn -0 1 0
vn 0.509097397 0.694002211 -0.509097993
vn 0.509097397 0.694002211 -0.509098053
vn 0.509097397 0.694002211 -0.509097934
vn 0.509097338 0.694002211 -0.509097993
vn -0.707107544 -3.25020835E-07 -0.707106054
vn -0.707107306 -3.97986071E-07 -0.707106173
vn -0.707107425 -3.72319079E-07 -0.707106113
vn -0.707107484 -3.25020807E-07 -0.707106054
vn 0.707107306 5.01662953E-07 0.707106233
vn 0.707107425 3.48412442E-07 0.707106054
vn 0.707107544 2.65248673E-07 0.707106054
vn 0.707107306 5.01662953E-07 0.707106233
vn -0.707106173 -1.05090464E-07 0.707107306
vn -0.707106173 -1.05090464E-07 0.707107306
vn -0.707106173 -1.05090464E-07 0.707107306
vn -0.707106173 -1.05090464E-07 0.707107306
vn -0 -1 0
vn -0 -1 0
vn -0 -1 0
vn -0 -1 0
vn -0.707107425 -3.72319079E-07 -0.707106113
vn -0.707107306 -3.97986071E-07 -0.707106173
vn -0.707107246 -4.39711215E-07 -0.707106233
vn -0.707107246 -4.39711272E-07 -0.707106292
vn 0.707107544 2.65248673E-07 0.707106054
vn 0.707107425 3.48412442E-07 0.707106054
vn 0.707107663 1.3005544E-07 0.707105875
vn 0.707107663 1.3005544E-07 0.707105875
vn -0 1 0
vn -0 1 0
vn -0 1 0
vn -0 1 0
vn 0.71997273 0.69400233 -3.10431659E-07
vn 0.71997273 0.69400233 -3.10431659E-07
vn 0.719972789 0.69400233 -3.10431659E-07
vn 0.719972789 0.69400233 -3.10431659E-07
vn -1.24337453E-06 -9.67049004E-07 -1
vn -9.36303991E-07 -6.25469966E-07 -1
vn -1.04432252E-06 -7.4562746E-07 -1
vn -1.24337453E-06 -9.67049004E-07 -1
vn 6.74552894E-07 6.76384161E-07 1
vn 7.83897292E-07 5.71744181E-07 1
vn 8.43234602E-07 5.14959709E-07 1
vn 6.74552894E-07 6.76384161E-07 1
vn -1 0 6.50840889E-07
vn -1 0 6.50840889E-07
vn -1 0 6.50840946E-07
vn -1 0 6.50840889E-07
vn -0 -1 0
vn -0 -1 0
vn -0 -1 0
vn -0 -1 0
vn -1.04432252E-06 -7.4562746E-07 -1
vn -9.36303991E-07 -6.25469966E-07 -1
vn -7.60705802E-07 -4.3013813E-07 -1
vn -7.60705802E-07 -4.3013813E-07 -1
vn 8.43234602E-07 5.14959709E-07 1
vn 7.83897292E-07 5.71744181E-07 1
vn 9.39695042E-07 4.22649293E-07 1
vn 9.39695042E-07 4.22649293E-07 1
vn -0 1 0
vn -0 1 0
vn -0 1 0
vn -0 1 0
vn 0.509097636 0.694002211 0.509097636
vn 0.509097695 0.694002211 0.509097636
vn 0.509097636 0.694002211 0.509097636
vn 0.509097695 0.694002211 0.509097636
vn 0.70710665 -1.05985038E-07 -0.707106888
vn 0.70710659 -2.67079116E-07 -0.707106948
vn 0.70710659 -2.10410946E-07 -0.707106888
vn 0.70710659 -1.05985023E-07 -0.707106888
vn -0.707106411 8.79676179E-07 0.707107067
vn -0.707106411 8.15720568E-07 0.707107067
vn -0.707106411 7.81014194E-07 0.707107067
vn -0.707106471 8.79676236E-07 0.707107067
vn -0.707106888 -2.10180943E-07 -0.70710665
vn -0.707106888 -2.10180943E-07 -0.70710665
vn -0.707106888 -2.10180943E-07 -0.70710665
vn -0.707106888 -2.10180943E-07 -0.70710665
vn -0 -1 0
vn -0 -1 0
vn -0 -1 0
vn -0 -1 0
vn 0.70710659 -2.10410946E-07 -0.707106888
vn 0.70710659 -2.67079116E-07 -0.707106948
vn 0.707106471 -3.59200698E-07 -0.707107008
vn 0.707106471 -3.59200698E-07 -0.707107008
vn -0.707106411 7.81014194E-07 0.707107067
vn -0.707106411 8.15720568E-07 0.707107067
vn -0.707106352 7.24594258E-07 0.707107127
vn -0.707106352 7.24594258E-07 0.707107127
vn -0 1 0
vn -0 1 0
vn -0 1 0
vn -0 1 0
vn 1.55215901E-07 0.694002211 0.719972908
vn 1.55215901E-07 0.694002151 0.719972908
vn 1.55215915E-07 0.694002151 0.719972908
vn 1.55215901E-07 0.694002211 0.719972908
vn 1 -3.63331594E-07 -7.11028861E-07
vn 1 -3.36155296E-07 -4.01016848E-07
vn 1 -3.45715137E-07 -5.10070208E-07
vn 1 -3.63331566E-07 -7.11028861E-07
vn -1 1.16911031E-06 8.96962547E-07
vn -1 8.92347373E-07 8.22316451E-07
vn -1 7.42157795E-07 7.81808581E-07
vn -1 1.16911031E-06 8.96962604E-07
vn -2.16946958E-07 -5.27960822E-07 -1
vn -2.16946958E-07 -5.27960822E-07 -1
vn -2.16946958E-07 -5.27960822E-07 -1
vn -2.16946958E-07 -5.27960822E-07 -1
vn -0 -1 0
vn -0 -1 0
vn -0 -1 0
vn -0 -1 0
vn 1 -3.45715137E-07 -5.10070208E-07
vn 1 -3.36155296E-07 -4.01016848E-07
vn 1 -3.20614674E-07 -2.23736862E-07
vn 1 -3.20614646E-07 -2.23736876E-07
vn -1 7.42157795E-07 7.81808581E-07
vn -1 8.92347373E-07 8.22316451E-07
vn -1 4.9800542E-07 7.15957867E-07
vn -1 4.9800542E-07 7.15957867E-07
vn -0 1 0
vn -0 1 0
vn -0 1 0
vn -0 1 0
vn -0.509097517 0.694002211 0.509097755
vn -0.509097576 0.694002211 0.509097755
vn -0.509097576 0.694002211 0.509097755
vn -0.509097576 0.694002211 0.509097755
vn 0.707107484 -2.08437328E-07 0.707106054
vn 0.707107186 -3.04351971E-07 0.707106352
vn 0.707107306 -2.70611991E-07 0.707106233
vn 0.707107425 -2.08437328E-07 0.707106113
vn -0.707107425 1.01745707E-06 -0.707106113
vn -0.707107484 9.60531793E-07 -0.707106054
vn -0.707107544 9.29640578E-07 -0.707106054
vn -0.707107425 1.01745707E-06 -0.707106113
vn 0.707106352 0 -0.707107186
vn 0.707106352 0 -0.707107186
vn 0.707106352 0 -0.707107186
vn 0.707106352 0 -0.707107186
vn -0 -1 0
vn -0 -1 0
vn -0 -1 0
vn -0 -1 0
vn 0.707107306 -2.70611991E-07 0.707106233
vn 0.707107186 -3.04351971E-07 0.707106352
vn 0.707107067 -3.59200669E-07 0.707106471
vn 0.707107067 -3.59200669E-07 0.707106471
vn -0.707107544 9.29640578E-07 -0.707106054
vn -0.707107484 9.60531793E-07 -0.707106054
vn -0.707107544 8.79422771E-07 -0.707105935
vn -0.707107544 8.79422771E-07 -0.707105935
vn 1 0 0
vn 1 0 0
vn 0.866025329 0 -0.50000006
vn 0.866025329 0 -0.50000006
vn 0.49999997 0 -0.866025448
vn 0.49999997 0 -0.866025448
vn -0 0 -1
vn -0 0 -1
vn -0 0 -1
vn -0 0 -1
vn -0.500000179 0 -0.866025329
vn -0.500000179 0 -0.866025329
vn -0.866025448 0 -0.499999911
vn -0.866025448 0 -0.499999911
vn -1 0 -1.17852203E-07
vn -1 0 -1.17852203E-07
vn -1 0 -1.17852203E-07
vn -1 0 -1.17852203E-07
vn -0.866025627 0 0.499999762
vn -0.866025627 0 0.499999762
vn -0.500000238 0 0.866025269
vn -0.500000238 0 0.866025269
vn -3.53556601E-07 0 1
vn -3.53556601E-07 0 1
vn -3.53556601E-07 0 1
vn -3.53556601E-07 0 1
vn 0.499999344 0 0.866025805
vn 0.499999344 0 0.866025805
vn 0.86602509 0 0.500000596
vn 0.86602515 0 0.500000536
vn 1 0 0
vn 1 0 0
vn 0.639585435 -0.76872009 1.2164088E-07
vn 0.639585435 -0.76872009 1.04797358E-07
vn 0.553897142 -0.76872009 -0.319792658
vn 0.553897083 -0.76872015 -0.319792658
vn 0.319792628 -0.76872015 -0.553897142
vn 0.319792509 -0.76872021 -0.553897083
vn -0 -0.768720031 -0.639585495
vn -0 -0.768719971 -0.639585495
vn -0 -0.768719971 -0.639585495
vn -0 -0.768720031 -0.639585495
vn -0.319792628 -0.76872009 -0.553897142
vn -0.319792598 -0.76872015 -0.553897202
vn -0.553897023 -0.76872021 -0.319792598
vn -0.553897023 -0.76872021 -0.319792479
vn -0.639585137 -0.76872015 0
vn -0.639585137 -0.76872021 0
vn -0.639585137 -0.76872015 0
vn -0.639585137 -0.76872021 0
vn -0.553897142 -0.76872015 0.319792509
vn -0.553897142 -0.76872015 0.319792509
vn -0.319792897 -0.76872015 0.553896964
vn -0.319792986 -0.76872015 0.553896964
vn -2.92329503E-07 -0.768720329 0.639585137
vn -2.21941221E-07 -0.768720388 0.639585018
vn -2.21941221E-07 -0.768720388 0.639585018
vn -2.92329503E-07 -0.768720329 0.639585137
vn 0.31979236 -0.76872021 0.553897202
vn 0.31979233 -0.768720329 0.553897202
vn 0.553897023 -0.76872009 0.319793016
vn 0.553897083 -0.768719971 0.319793105
vn 0.639585435 -0.76872009 1.2164088E-07
vn 0.639585435 -0.76872009 1.04797358E-07
vn 1 0 2.06241353E-07
vn 1 0 2.25883383E-07
vn 0.866025448 0 -0.49999997
vn 0.866025448 0 -0.49999997
vn 0.499999911 0 -0.866025507
vn 0.499999911 0 -0.866025507
vn -0 0 -1
vn -0 0 -1
vn -0 0 -1
vn -0 0 -1
vn -0.499999851 0 -0.866025507
vn -0.499999851 0 -0.866025507
vn -0.866025329 0 -0.50000006
vn -0.866025329 0 -0.50000006
vn -1 0 0
vn -1 0 0
vn -1 0 0
vn -1 0 0
vn -0.866025507 0 0.499999851
vn -0.866025507 0 0.499999851
vn -0.500000417 0 0.86602515
vn -0.500000417 0 0.86602515
vn -5.6961909E-07 0 1
vn -5.6961909E-07 0 1
vn -5.6961909E-07 0 1
vn -5.6961909E-07 0 1
vn 0.499999613 0 0.866025627
vn 0.499999613 0 0.866025627
vn 0.86602515 0 0.500000417
vn 0.86602515 0 0.500000417
vn 1 0 2.25883383E-07
vn 1 0 2.06241353E-07
vn 1 0 1.38755593E-06
vn 1 0 1.38755593E-06
vn 0.499997228 0.866027057 6.93774155E-07
vn 0.499998599 0.866026223 6.9377603E-07
vn -0.499998778 0.866026163 0
vn -0.499999434 0.866025805 0
vn -1 0 0
vn -1 0 0
vn -1 0 0
vn -1 0 0
vn -0.499998778 -0.866026163 0
vn -0.499999434 -0.866025805 0
vn 0.499997228 -0.866027057 6.93774155E-07
vn 0.499998599 -0.866026223 6.9377603E-07
vn 1 0 1.38755593E-06
vn 1 0 1.38755593E-06
vn 1.48055608E-06 0 1
vn 1.48055597E-06 0 1
vn 1.48055608E-06 0 1
vn 1.48055608E-06 0 1
vn 1.48055608E-06 0 1
vn 1.48055597E-06 0 1
vn -1 0 -6.89380329E-07
vn -0.499998868 0.866026044 -3.44689425E-07
vn -1 0 -6.89380329E-07
vn -0.499998361 0.866026402 -3.44688999E-07
vn 0.499999493 0.866025686 1.03406796E-06
vn 0.500000119 0.866025329 1.03406944E-06
vn 1 0 2.0681382E-06
vn 1 0 2.0681382E-06
vn 1 0 2.0681382E-06
vn 0.499999493 -0.866025686 1.03406796E-06
vn 1 0 2.0681382E-06
vn 0.500000119 -0.866025329 1.03406944E-06
vn -0.499998868 -0.866026044 -3.44689425E-07
vn -0.499998361 -0.866026402 -3.44688999E-07
vn -1 0 -6.89380329E-07
vn -1 0 -6.89380329E-07
vn -1.46815296E-06 0 1
vn -1.46815296E-06 0 1
vn -1.46815296E-06 0 1
vn -1.46815296E-06 0 1
vn -1.46815296E-06 0 1
vn -1.46815296E-06 0 1
vn 0.587781489 0.809019804 2.0285338E-06
vn 0.951055586 -0.309019864 6.55923998E-07
vn 0.915791392 -0.388121158 0.103382759
vn 0.693249881 0.675357521 -0.251588732
vn -0.58778733 0.809015512 1.95563439E-06
vn 0.916652441 -0.102747828 0.38625282
vn -0.693416119 0.67525661 -0.251401156
vn -0.951057553 -0.309013933 0
vn 0.69133389 0.251687795 -0.677281916
vn 0.883355975 -0.288452536 0.369428426
vn -0.915807903 -0.388121694 0.103234857
vn 1.52434859E-06 -1 0
vn 0.390999258 -0.180510283 -0.902516246
vn 0.29137519 -0.886619091 0.359175593
vn -0.695234001 0.251186818 -0.673464775
vn 0.000242093782 -0.901682973 0.432397842
vn 0.951055586 -0.309019864 6.55923998E-07
vn 0.915791392 -0.388121158 0.103382759
vn 0.177057147 -0.38626501 -0.905234873
vn -6.04758952E-07 -0.95672828 0.290982693
vn 8.3453142E-06 -0.572383523 -0.819986045
vn -0.60275805 0.22287415 -0.766165614
vn -0.915015638 -0.103786871 0.389839381
vn 0.0027225255 -0.432323068 0.901714623
vn 0.916652441 -0.102747828 0.38625282
vn -0.22021763 0.609444261 -0.761631191
vn 6.26455494E-06 0.602981567 -0.797755122
vn -0.867140532 0.402292728 0.293646008
vn -0.140669823 -0.00480618374 0.990044892
vn 0.883355975 -0.288452536 0.369428426
vn -0.40424031 0.864456654 0.298838347
vn -7.78095284E-07 0.945042491 0.32694748
vn 0.00470299739 0.134244323 0.990937173
vn 0.29137519 -0.886619091 0.359175593
vn -4.89692547E-06 -0.0189088657 0.999821246
vn -6.04758952E-07 -0.95672828 0.290982693
vn -0.587781489 0.809019804 2.02853266E-06
vn -0.915791869 -0.388120294 0.103381574
vn -0.951055825 -0.309018999 4.59840891E-07
vn -0.693249881 0.675356984 -0.251590222
vn 0.587790608 0.809013069 1.77473828E-06
vn -0.916653693 -0.102747574 0.386249691
vn 0.693419993 0.675252795 -0.251400828
vn 0.951056242 -0.309017897 0
vn -0.691327989 0.251689047 -0.677287281
vn -0.883357108 -0.288453817 0.369424611
vn 0.915807903 -0.388121456 0.103235565
vn 9.14612542E-07 -1 0
vn -0.390994251 -0.180511266 -0.902518332
vn -0.291372597 -0.886620164 0.359175026
vn 0.695237935 0.251184911 -0.673461556
vn -0.000242526061 -0.901684225 0.43239522
vn -0.951055825 -0.309018999 4.59840891E-07
vn -0.915791869 -0.388120294 0.103381574
vn -0.177055582 -0.386266589 -0.905234516
vn 1.75698472E-06 -0.956729472 0.290978819
vn -7.38126482E-06 -0.572382748 -0.819986522
vn 0.602761745 0.222873569 -0.766162992
vn 0.915015101 -0.103787355 0.389840275
vn -0.00272324239 -0.432323456 0.901714563
vn -0.916653693 -0.102747574 0.386249691
vn 0.220219404 0.609442174 -0.761632264
vn -6.37985295E-06 0.602982163 -0.797754705
vn 0.867139995 0.402291358 0.293649256
vn 0.140668929 -0.00480765291 0.990045011
vn -0.883357108 -0.288453817 0.369424611
vn 0.404239982 0.864456832 0.298838496
vn 7.91299158E-07 0.945043445 0.326944828
vn -0.00470274594 0.134243742 0.990937173
vn -0.291372597 -0.886620164 0.359175026
vn 5.00307533E-06 -0.0189088434 0.999821246
vn 1.75698472E-06 -0.956729472 0.290978819
vn -0 -1 0
vn -0 -1 0
vn -0 -1 0
vn -0 -1 0
vn -0 1 0
vn -0 1 0
vn -0 1 0
vn -0 1 0
vn -3.32107362E-07 -0.206429124 0.978461504
vn -1.35878565E-07 -0.0844585076 0.996427
vn -3.32107248E-07 -0.206429094 0.978461504
vn -1.3587848E-07 -0.0844584629 0.996427
vn -0 0 1
vn -0 0 1
vn 0.876724303 -0.480993271 2.88190677E-07
vn 0.972502351 -0.23289299 4.74011927E-07
vn 0.876724303 -0.480993271 2.88190677E-07
vn 0.972502232 -0.232893258 4.74011756E-07
vn 1 0 6.10351549E-07
vn 1 0 6.10351549E-07
vn 3.32107362E-07 -0.206429124 -0.978461504
vn 1.35878395E-07 -0.0844584033 -0.996427
vn 3.32107334E-07 -0.206429109 -0.978461504
vn 1.3587848E-07 -0.0844584629 -0.996427
vn -0 0 -1
vn -0 0 -1
vn -0.876723707 -0.480994403 -2.88190506E-07
vn -0.972502232 -0.232893512 -3.06775775E-07
vn -0.876723707 -0.480994403 -2.88190421E-07
vn -0.972502112 -0.232893765 -3.06775718E-07
vn -1 2.10897127E-07 -3.05175774E-07
vn -1 2.10897127E-07 -3.05175774E-07
vn 0.808948934 0.483037114 -0.335077077
vn 0.335077763 0.483039528 -0.808947325
vn 0.33507663 0.483039469 -0.808947802
vn 0.808948576 0.483037144 -0.33507812
vn 0.808948815 0.483036697 0.335078359
vn 0.808948874 0.483036697 0.335078031
vn 0.33507663 0.483039469 -0.808947802
vn 0.335077763 0.483039528 -0.808947325
vn -0.3350766 0.483040482 -0.808947146
vn -0.335076243 0.483040541 -0.808947325
vn -0.808947623 0.483039141 -0.335077643
vn -0.808947623 0.483039171 -0.335077673
vn -0.808947623 0.483039171 -0.335077673
vn -0.808947623 0.483039141 -0.335077643
vn -0.808948398 0.483037323 0.335078269
vn -0.808948874 0.483037382 0.335076958
vn -0.335077465 0.483035892 0.808949649
vn -0.33507815 0.483035833 0.808949351
vn -0.33507815 0.483035833 0.808949351
vn -0.335077465 0.483035892 0.808949649
vn 0.335077256 0.483035773 0.808949828
vn 0.335077345 0.483035713 0.808949709
vn 0.808948874 0.483036697 0.335078031
vn 0.808948815 0.483036697 0.335078359
vn -0 1 0
vn -0 1 0
vn -0 1 0
vn -0 1 0
vn -0 1 0
vn -0 1 0
vn -0 1 0
vn -0 1 0
vn 0.808948338 0.483038306 -0.335077196
vn 0.335077167 0.483035773 -0.808949828
vn 0.335077345 0.483035803 -0.808949709
vn 0.808947563 0.483038336 -0.335078925
vn 0.808947802 0.483039349 0.335076869
vn 0.808946967 0.483039379 0.335078567
vn 0.335077345 0.483035803 -0.808949709
vn 0.335077167 0.483035773 -0.808949828
vn -0.335077256 0.483035713 -0.808949828
vn -0.335077345 0.483035713 -0.808949709
vn -0.808948815 0.483037144 -0.335077465
vn -0.808948636 0.483037174 -0.335077882
vn -0.808948636 0.483037174 -0.335077882
vn -0.808948815 0.483037144 -0.335077465
vn -0.808948457 0.48303771 0.335077465
vn -0.808948457 0.48303771 0.335077584
vn -0.335077941 0.483038247 0.808947921
vn -0.335077286 0.483038276 0.808948219
vn -0.335077286 0.483038276 0.808948219
vn -0.335077941 0.483038247 0.808947921
vn 0.335076213 0.483038455 0.808948576
vn 0.335077196 0.483038425 0.808948219
vn 0.808946967 0.483039379 0.335078567
vn 0.808947802 0.483039349 0.335076869
vn -0 1 0
vn -0 1 0
vn -0 1 0
vn -0 1 0
vn -0 1 0
vn -0 1 0
vn -0 1 0
vn -0 1 0
vn -0.707106888 -0.70710665 -2.72720882E-07
vn 0.707106769 -0.707106829 1.1961437E-07
vn 0.707106829 -0.70710665 1.19614398E-07
vn -0.70710665 -0.707106888 -2.72720797E-07
vn -0.707106888 0.70710665 -2.72720882E-07
vn -0.70710665 0.707106888 -2.72720797E-07
vn -0.707106888 0.70710665 -2.72720882E-07
vn -0.70710665 0.707106888 -2.72720797E-07
vn 0.707106829 0.70710665 1.19614398E-07
vn 0.707106769 0.707106829 1.1961437E-07
vn 0.707106769 -0.707106829 1.1961437E-07
vn 0.707106829 -0.70710665 1.19614398E-07
vn -0.695823491 -0.717464864 0.0327707343
vn 0.719159544 -0.693567753 -0.0421102941
vn 0.692881048 -0.719909549 -0.0405715629
vn -0.716981888 -0.696273446 0.0337672196
vn -0.695823491 0.717464864 0.0327707343
vn -0.716981888 0.696273446 0.0337672196
vn -0.695823491 0.717464864 0.0327707343
vn -0.716981888 0.696273446 0.0337672196
vn 0.692881048 0.719909549 -0.0405715629
vn 0.719159544 0.693567753 -0.0421102941
vn 0.719159544 -0.693567753 -0.0421102941
vn 0.692881048 -0.719909549 -0.0405715629
vn 0.695824444 -0.717463911 0.0327713974
vn 0.716983259 -0.696272016 0.03376792
vn -0.692879677 -0.71991086 -0.040571969
vn -0.719158351 -0.693569005 -0.0421107337
vn -0.692879677 0.71991086 -0.040571969
vn -0.719158351 0.693569005 -0.0421107337
vn 0.695824444 0.717463911 0.0327713974
vn -0.719158351 0.693569005 -0.0421107337
vn -0.692879677 0.71991086 -0.040571969
vn 0.716983259 0.696272016 0.03376792
vn 0.716983259 -0.696272016 0.03376792
vn 0.695824444 -0.717463911 0.0327713974
vn -0 -1 0
vn -0 -1 0
vn -0 -1 0
vn -0 -1 0
vn -0 1 0
vn -0 1 0
vn -0 1 0
vn -0 1 0
vn -1.59948308E-06 0 1
vn -1.59948308E-06 0 1
vn -1.59948308E-06 0 1
vn -1.59948308E-06 0 1
vn 1 0 -1.05994893E-07
vn 1 0 -1.05994893E-07
vn 1 0 -1.05994893E-07
vn 1 0 -1.05994893E-07
vn 1.59948365E-06 0 -1
vn 1.59948365E-06 0 -1
vn 1.59948365E-06 0 -1
vn 1.59948365E-06 0 -1
vn -1 0 -4.23979571E-07
vn -1 0 -4.23979571E-07
vn -1 0 -4.23979571E-07
vn -1 0 -4.23979571E-07
vn -0 -1 0
vn -0 -1 0
vn -0 -1 0
vn -0 -1 0
vn -0 1 0
vn -0 1 0
vn -0 1 0
vn -0 1 0
vn -0 0 1
vn -0 0 1
vn -0 0 1
vn -0 0 1
vn 1 0 8.47962156E-07
vn 1 0 8.47962156E-07
vn 1 0 8.47962156E-07
vn 1 0 8.47962156E-07
vn 1.59644424E-06 0 -1
vn 1.59644424E-06 0 -1
vn 1.59644424E-06 0 -1
vn 1.59644424E-06 0 -1
vn -1 0 -7.41965607E-07
vn -1 0 -7.41965607E-07
vn -1 0 -7.41965607E-07
vn -1 0 -7.41965607E-07
vn 0.707107067 0 -0.707106411
vn 0.707107067 0 -0.707106411
vn 0.353551596 0.866026938 -0.353551269
vn 0.353551775 0.866026938 -0.353551447
vn -0.353553087 0.866025865 0.353552371
vn -0.353553176 0.866025865 0.353552461
vn -0.707107484 0 0.707106054
vn -0.707107484 0 0.707106054
vn -0.707107484 0 0.707106054
vn -0.707107484 0 0.707106054
vn -0.353553087 -0.866025865 0.353552371
vn -0.353553176 -0.866025865 0.353552461
vn 0.353551567 -0.866026938 -0.353551269
vn 0.353551775 -0.866026938 -0.353551447
vn 0.707107067 0 -0.707106411
vn 0.707107067 0 -0.707106411
vn 0.707107544 0 0.707106054
vn 0.707107544 0 0.707106054
vn 0.707107544 0 0.707106054
vn 0.707107544 0 0.707106054
vn 0.707107544 0 0.707106054
vn 0.707107544 0 0.707106054
vn -0.707107127 0 0.707106352
vn -0.353552967 0.866025865 0.353552639
vn -0.707107127 0 0.707106352
vn -0.353552639 0.866026163 0.353552282
vn 0.353552312 0.866026759 -0.353551269
vn 0.353553295 0.866025865 -0.353552252
vn 0.707107842 0 -0.707105696
vn 0.707107723 0 -0.707105756
vn 0.707107723 0 -0.707105756
vn 0.353552312 -0.866026759 -0.353551269
vn 0.707107842 0 -0.707105696
vn 0.353553295 -0.866025865 -0.353552252
vn -0.353552967 -0.866025865 0.353552639
vn -0.353552639 -0.866026163 0.353552282
vn -0.707107127 0 0.707106352
vn -0.707107127 0 0.707106352
vn 0.707107842 0 0.707105637
vn 0.707107842 0 0.707105637
vn 0.707107842 0 0.707105637
vn 0.707107842 0 0.707105637
vn 0.707107842 0 0.707105637
vn 0.707107842 0 0.707105637
vn 0.415626436 0.809019446 -0.415622622
vn 0.672498882 -0.30902034 -0.672496498
vn 0.720663786 -0.388122529 -0.574460268
vn 0.312300652 0.675358117 -0.66810149
vn -0.415627599 0.809015334 0.415629566
vn 0.921292305 -0.102748483 -0.375050992
vn -0.668085873 0.675257146 0.312552541
vn -0.672499537 -0.309015751 0.672497988
vn 0.00993259344 0.251688987 -0.967757165
vn 0.885850549 -0.288453847 -0.363405108
vn -0.574574769 -0.388120204 0.720573783
vn 1.4539952E-06 -1 -1.47744674E-06
vn -0.36170119 -0.18050918 -0.914652288
vn 0.460004151 -0.886621594 0.0479408726
vn -0.967815876 0.251187891 0.0153936381
vn 0.30592221 -0.901682436 0.305582017
vn 0.672498882 -0.30902034 -0.672496498
vn 0.720663786 -0.388122529 -0.574460268
vn -0.514899731 -0.386265218 -0.765295684
vn 0.205751315 -0.956729949 0.205752775
vn -0.57981199 -0.572382331 -0.579824507
vn -0.967975438 0.222873509 -0.115546055
vn -0.371353686 -0.103784777 0.922672808
vn 0.639536083 -0.432321548 0.635682046
vn 0.921292305 -0.102748483 -0.375050992
vn -0.694272339 0.609442115 -0.382839769
vn -0.5640921 0.602982938 -0.56410259
vn -0.405522346 0.402290583 0.820800781
vn 0.600599647 -0.00480942894 0.799535394
vn 0.885850549 -0.288453847 -0.363405108
vn -0.0745303556 0.86445576 0.497153342
vn 0.231184125 0.945043862 0.231184199
vn 0.704023898 0.134242252 0.697373271
vn 0.460004151 -0.886621594 0.0479408726
vn 0.706977487 -0.0189106166 0.706983209
vn 0.205751315 -0.956729949 0.205752775
vn -0.415623099 0.809019446 0.415626049
vn -0.574460566 -0.388120025 0.720664918
vn -0.672498167 -0.309017569 0.672498584
vn -0.668103456 0.675356328 0.312300324
vn 0.415632576 0.809012473 -0.415630221
vn -0.375056177 -0.102746844 0.921290398
vn 0.31255585 0.675253093 -0.668088377
vn 0.672498167 -0.309018821 -0.672497988
vn -0.96775794 0.251686603 0.00993010867
vn -0.363406539 -0.288454592 0.885849714
vn 0.720574558 -0.388121545 -0.574572861
vn 1.31328761E-06 -1 -1.40709381E-06
vn -0.914652884 -0.180510372 -0.361699045
vn 0.0479409322 -0.886621416 0.460004508
vn 0.0153934285 0.251188636 -0.967815757
vn 0.305576444 -0.901684225 0.305922747
vn -0.672498167 -0.309017569 0.672498584
vn -0.574460566 -0.388120025 0.720664918
vn -0.765293658 -0.386267483 -0.514900982
vn 0.205756277 -0.956728637 0.205753982
vn -0.579822183 -0.572381377 -0.579815328
vn -0.115545452 0.222872794 -0.967975676
vn 0.922672272 -0.103787102 -0.371354461
vn 0.635682642 -0.432322711 0.639534831
vn -0.375056177 -0.102746844 0.921290398
vn -0.382835537 0.609442353 -0.694274426
vn -0.5641011 0.602981091 -0.564095497
vn 0.820802152 0.402291447 -0.405518562
vn 0.799535513 -0.00480645243 0.600599587
vn -0.363406539 -0.288454592 0.885849714
vn 0.497148782 0.864458203 -0.074533172
vn 0.231185809 0.945043325 0.231184199
vn 0.697372198 0.134246513 0.704024076
vn 0.0479409322 -0.886621416 0.460004508
vn 0.706983984 -0.0189065002 0.706976712
vn 0.205756277 -0.956728637 0.205753982
vn -0 -1 0
vn -0 -1 0
vn -0 -1 0
vn -0 -1 0
vn -0 1 0
vn -0 1 0
vn -0 1 0
vn -0 1 0
vn 0.691876411 -0.206429377 0.691877186
vn 0.704580009 -0.0844586268 0.704580486
vn 0.691876411 -0.206429377 0.691877186
vn 0.704580009 -0.0844585672 0.704580486
vn 0.70710659 0 0.707106948
vn 0.70710659 0 0.707106948
vn 0.61993736 -0.480993152 -0.619938076
vn 0.68766284 -0.23289302 -0.687663138
vn 0.61993736 -0.480993152 -0.619938076
vn 0.68766284 -0.232893154 -0.687663138
vn 0.707106769 0 -0.707106769
vn 0.707106769 0 -0.707106769
vn -0.691876769 -0.206427708 -0.691877306
vn -0.704580188 -0.084457919 -0.704580426
vn -0.691876769 -0.206427708 -0.691877246
vn -0.704580188 -0.0844580382 -0.704580426
vn -0.707106769 -2.95256029E-07 -0.707106769
vn -0.707106769 -2.95256086E-07 -0.707106769
vn -0.619936705 -0.480995178 0.619937122
vn -0.687662542 -0.232893959 0.687663138
vn -0.619936764 -0.480995178 0.619937122
vn -0.687662542 -0.232894331 0.687663138
vn -0.707106471 2.95256029E-07 0.707107067
vn -0.707106411 2.95256001E-07 0.707107067
vn 0.33507809 0.483037859 -0.8089481
vn -0.335075557 0.483038872 -0.808948636
vn -0.335076183 0.483038843 -0.808948338
vn 0.335078955 0.483037919 -0.808947682
vn 0.808948636 0.483038157 -0.33507669
vn 0.808948696 0.483038127 -0.335076392
vn -0.335076183 0.483038843 -0.808948338
vn -0.335075557 0.483038872 -0.808948636
vn -0.808946967 0.483039647 -0.33507812
vn -0.808946431 0.483039677 -0.33507967
vn -0.808948636 0.483038962 0.33507517
vn -0.808948398 0.483039021 0.335075766
vn -0.808948398 0.483039021 0.335075766
vn -0.808948636 0.483038962 0.33507517
vn -0.335077792 0.483038604 0.808947861
vn -0.335077792 0.483038604 0.808947802
vn 0.335077643 0.483037531 0.808948576
vn 0.335075825 0.483037442 0.808949232
vn 0.335075825 0.483037442 0.808949232
vn 0.335077643 0.483037531 0.808948576
vn 0.8089481 0.483037859 0.335078329
vn 0.8089481 0.483037859 0.335078269
vn 0.808948696 0.483038127 -0.335076392
vn 0.808948636 0.483038157 -0.33507669
vn -0 1 0
vn -0 1 0
vn -0 1 0
vn -0 1 0
vn -0 1 0
vn -0 1 0
vn -0 1 0
vn -0 1 0
vn 0.335078657 0.483037353 -0.808948219
vn -0.335078686 0.483036846 -0.808948576
vn -0.335078835 0.483036846 -0.808948398
vn 0.335078478 0.483037382 -0.808948338
vn 0.808948815 0.483038694 -0.335075468
vn 0.808948696 0.483038664 -0.335075498
vn -0.335078835 0.483036846 -0.808948398
vn -0.335078686 0.483036846 -0.808948576
vn -0.808949172 0.48303625 -0.335077912
vn -0.80894959 0.483036309 -0.335077018
vn -0.808948815 0.483037084 0.335077554
vn -0.808949172 0.483037055 0.33507666
vn -0.808949172 0.483037055 0.33507666
vn -0.808948815 0.483037084 0.335077554
vn -0.335077614 0.483037233 0.808948815
vn -0.335077733 0.483037204 0.808948696
vn 0.335077912 0.483038843 0.808947623
vn 0.335079342 0.483038783 0.808946967
vn 0.335079342 0.483038783 0.808946967
vn 0.335077912 0.483038843 0.808947623
vn 0.808947921 0.483038962 0.335076869
vn 0.808948636 0.483039021 0.335075319
vn 0.808948696 0.483038664 -0.335075498
vn 0.808948815 0.483038694 -0.335075468
vn -0 1 0
vn -0 1 0
vn -0 1 0
vn -0 1 0
vn -0 1 0
vn -0 1 0
vn -0 1 0
vn -0 1 0
vn -0.500000358 -0.70710665 0.499999821
vn 0.500000179 -0.707106888 -0.499999702
vn 0.500000119 -0.707106829 -0.499999732
vn -0.500000298 -0.707106709 0.499999762
vn -0.500000358 0.70710665 0.499999821
vn -0.500000298 0.707106709 0.499999762
vn -0.500000358 0.70710665 0.499999821
vn -0.500000298 0.707106709 0.499999762
vn 0.500000119 0.707106829 -0.499999732
vn 0.500000179 0.707106888 -0.499999702
vn 0.500000179 -0.707106888 -0.499999702
vn 0.500000119 -0.707106829 -0.499999732
vn -0.468849123 -0.717464805 0.51519388
vn 0.478746086 -0.693567812 -0.538299024
vn 0.461252898 -0.719908953 -0.518629789
vn -0.483105302 -0.696274221 0.530859232
vn -0.468849123 0.717464805 0.51519388
vn -0.483105302 0.696274221 0.530859232
vn -0.468849123 0.717464805 0.51519388
vn -0.483105302 0.696274221 0.530859232
vn 0.461252898 0.719908953 -0.518629789
vn 0.478746086 0.693567812 -0.538299024
vn 0.478746086 -0.693567812 -0.538299024
vn 0.461252898 -0.719908953 -0.518629789
vn 0.515194654 -0.717464447 -0.468848735
vn 0.530861318 -0.696272075 -0.483106077
vn -0.518628716 -0.719910741 0.461251229
vn -0.538299024 -0.693568349 0.478745341
vn -0.518628716 0.719910741 0.461251229
vn -0.538299024 0.693568349 0.478745341
vn 0.515194654 0.717464447 -0.468848735
vn -0.538299024 0.693568349 0.478745341
vn -0.518628716 0.719910741 0.461251229
vn 0.530861318 0.696272075 -0.483106077
vn 0.530861318 -0.696272075 -0.483106077
vn 0.515194654 -0.717464447 -0.468848735
vn -0 -1 0
vn -0 -1 0
vn -0 -1 0
vn -0 -1 0
vn -0 1 0
vn -0 1 0
vn -0 1 0
vn -0 1 0
vn 0.707106352 0 0.707107127
vn 0.707106352 0 0.707107127
vn 0.707106352 0 0.707107127
vn 0.707106352 0 0.707107127
vn 0.707107186 0 -0.707106352
vn 0.707107186 0 -0.707106352
vn 0.707107186 0 -0.707106352
vn 0.707107186 0 -0.707106352
vn -0.707106769 0 -0.707106769
vn -0.707106769 0 -0.707106769
vn -0.707106769 0 -0.707106769
vn -0.707106769 0 -0.707106769
vn -0.707106769 0 0.707106769
vn -0.707106769 0 0.707106769
vn -0.707106769 0 0.707106769
vn -0.707106769 0 0.707106769
vn -0 -1 0
vn -0 -1 0
vn -0 -1 0
vn -0 -1 0
vn -0 1 0
vn -0 1 0
vn -0 1 0
vn -0 1 0
vn 0.70710516 0 0.707108378
vn 0.70710516 0 0.707108378
vn 0.70710516 0 0.707108378
vn 0.70710516 0 0.707108378
vn 0.707107663 0 -0.707105875
vn 0.707107663 0 -0.707105875
vn 0.707107663 0 -0.707105875
vn 0.707107663 0 -0.707105875
vn -0.707106352 0 -0.707107186
vn -0.707106352 0 -0.707107186
vn -0.707106352 0 -0.707107186
vn -0.707106352 0 -0.707107186
vn -0.707107186 0 0.707106352
vn -0.707107186 0 0.707106352
vn -0.707107186 0 0.707106352
vn -0.707107186 0 0.707106352
vn 6.9377694E-07 0 -1
vn 6.9377694E-07 0 -1
vn 3.46887532E-07 0.866026163 -0.499998689
vn 3.46887049E-07 0.86602658 -0.499997973
vn 3.4688685E-07 0.866026759 0.499997616
vn 3.46887788E-07 0.866025984 0.499998987
vn 6.9377694E-07 0 1
vn 6.9377694E-07 0 1
vn 6.9377694E-07 0 1
vn 6.9377694E-07 0 1
vn 3.4688685E-07 -0.866026759 0.499997616
vn 3.46887788E-07 -0.866025984 0.499998987
vn 3.46887589E-07 -0.866026163 -0.499998689
vn 3.46887049E-07 -0.86602658 -0.499997973
vn 6.9377694E-07 0 -1
vn 6.9377694E-07 0 -1
vn 1 0 1.4805571E-06
vn 1 0 1.48055699E-06
vn 1 0 1.48055699E-06
vn 1 0 1.48055699E-06
vn 1 0 1.48055699E-06
vn 1 0 1.48055699E-06
vn -6.89381352E-07 0 1
vn -3.4468971E-07 0.866026223 0.499998599
vn -6.89381295E-07 0 1
vn -3.44689681E-07 0.866026223 0.49999854
vn 1.03406865E-06 0.866026402 -0.499998301
vn 1.03406978E-06 0.866026044 -0.499998868
vn 2.06814411E-06 0 -1
vn 2.06814411E-06 0 -1
vn 2.06814411E-06 0 -1
vn 1.03406865E-06 -0.866026402 -0.499998301
vn 2.06814411E-06 0 -1
vn 1.03406978E-06 -0.866026044 -0.499998868
vn -3.44689767E-07 -0.866026223 0.499998659
vn -3.44689738E-07 -0.866026223 0.499998659
vn -6.89381295E-07 0 1
vn -6.89381352E-07 0 1
vn 1 0 0
vn 1 0 0
vn 1 0 0
vn 1 0 0
vn 1 0 0
vn 1 0 0
vn 1.84763383E-06 0.809020162 -0.587780833
vn 4.75024706E-07 -0.309019268 -0.951055825
vn 0.103383452 -0.388121217 -0.915791273
vn -0.251589179 0.675358057 -0.693249106
vn 1.77473714E-06 0.809014916 0.587788045
vn 0.386252046 -0.10274747 -0.916652799
vn -0.251399904 0.675256371 0.693416893
vn -2.83005932E-07 -0.309014767 0.951057196
vn -0.677283227 0.25168851 -0.691332281
vn 0.369425923 -0.288453668 -0.88335669
vn 0.103237234 -0.388120979 0.915808022
vn -0 -1 -1.78231494E-06
vn -0.902516961 -0.180509716 -0.390997946
vn 0.359171867 -0.886621058 -0.291373998
vn -0.673464477 0.251187921 0.695233881
vn 0.43239823 -0.901682734 -0.000240729554
vn 4.75024706E-07 -0.309019268 -0.951055825
vn 0.103383452 -0.388121217 -0.915791273
vn -0.905234218 -0.386267453 -0.177055374
vn 0.290979624 -0.956729293 1.16421677E-06
vn -0.819986701 -0.572382629 -6.67625818E-06
vn -0.766165257 0.222873628 0.602758646
vn 0.389840931 -0.103785604 0.915015101
vn 0.901715219 -0.432321876 -0.00272275554
vn 0.386252046 -0.10274747 -0.916652799
vn -0.761632204 0.609443069 0.220217034
vn -0.79775542 0.60298121 -5.15498323E-06
vn 0.293644547 0.402291387 0.867141604
vn 0.990044773 -0.00480828341 0.140670568
vn 0.369425923 -0.288453668 -0.88335669
vn 0.298839957 0.864455581 0.404241502
vn 0.326946974 0.94504267 7.78094602E-07
vn 0.990937412 0.134242058 -0.00470184162
vn 0.359171867 -0.886621058 -0.291373998
vn 0.999821246 -0.0189108308 4.89692184E-06
vn 0.290979624 -0.956729293 1.16421677E-06
vn 2.02853857E-06 0.809019864 0.58778125
vn 0.103381157 -0.388121128 0.91579169
vn 4.59840948E-07 -0.309019476 0.951055706
vn -0.251589805 0.67535609 0.693250895
vn 1.41293094E-06 0.809013128 -0.587790489
vn 0.386246949 -0.10274788 0.916654825
vn -0.251401335 0.675253093 -0.693419516
vn -3.51825747E-07 -0.309015989 -0.951056778
vn -0.677286565 0.251687378 0.69132942
vn 0.369423062 -0.288454235 0.883357763
vn 0.103236616 -0.388121158 -0.915807903
vn -0 -1 -7.50449829E-07
vn -0.902517498 -0.180510327 0.390996486
vn 0.359177321 -0.886618793 0.291373879
vn -0.673463464 0.251186699 -0.695235312
vn 0.432395667 -0.901683927 0.000244289462
vn 4.59840948E-07 -0.309019476 0.951055706
vn 0.103381157 -0.388121128 0.91579169
vn -0.905233979 -0.386268109 0.177054495
vn 0.290982008 -0.956728518 0
vn -0.819986284 -0.572383165 4.54397377E-06
vn -0.766164362 0.22287406 -0.602759659
vn 0.389839828 -0.103786588 -0.915015459
vn 0.90171504 -0.432322294 0.00272497581
vn 0.386246949 -0.10274788 0.916654825
vn -0.761631906 0.60944283 -0.220218554
vn -0.797755182 0.602981389 4.11860174E-06
vn 0.293649524 0.402292341 -0.867139459
vn 0.990045011 -0.00480693765 -0.140668809
vn 0.369423062 -0.288454235 0.883357763
vn 0.298837245 0.864457726 -0.404238939
vn 0.32694605 0.945042968 0
vn 0.990937054 0.134244636 0.00470409635
vn 0.359177321 -0.886618793 0.291373879
vn 0.999821365 -0.0189058073 -1.92077096E-06
vn 0.290982008 -0.956728518 0
vn -0 -1 0
vn -0 -1 0
vn -0 -1 0
vn -0 -1 0
vn -0 1 0
vn -0 1 0
vn -0 1 0
vn -0 1 0
vn 0.978461206 -0.206430674 0
vn 0.99642688 -0.0844591632 0
vn 0.978461206 -0.206430689 0
vn 0.99642688 -0.0844591185 0
vn 1 0 0
vn 1 0 0
vn -2.88190876E-07 -0.480993271 -0.876724303
vn -1.39539679E-07 -0.232893035 -0.972502351
vn -2.88190876E-07 -0.480993271 -0.876724303
vn -1.39539665E-07 -0.23289302 -0.972502351
vn -0 0 -1
vn -0 0 -1
vn -0.978461504 -0.206429094 -3.32107447E-07
vn -0.996427 -0.0844583958 -1.35878423E-07
vn -0.978461504 -0.206429094 -3.32107419E-07
vn -0.996427 -0.0844584554 -1.35878523E-07
vn -1 0 0
vn -1 0 0
vn -2.88190506E-07 -0.480994403 0.876723707
vn -1.39539509E-07 -0.232893616 0.972502232
vn -2.88190421E-07 -0.480994403 0.876723707
vn -1.39539651E-07 -0.232893884 0.972502112
vn -0 0 1
vn -0 0 1
vn -0.335076332 0.483038276 -0.808948636
vn -0.808946431 0.483040482 -0.335078478
vn -0.808946967 0.483040482 -0.335077077
vn -0.335075915 0.483038306 -0.808948815
vn 0.335078031 0.483037472 -0.808948398
vn 0.335077733 0.483037472 -0.808948576
vn -0.808946967 0.483040482 -0.335077077
vn -0.808946431 0.483040482 -0.335078478
vn -0.808946609 0.483041137 0.335076988
vn -0.808946848 0.483041227 0.335076571
vn -0.335076511 0.483039945 0.808947623
vn -0.335077971 0.483039886 0.808946967
vn -0.335077971 0.483039886 0.808946967
vn -0.335076511 0.483039945 0.808947623
vn 0.335077584 0.483038098 0.808948219
vn 0.335076123 0.483038098 0.808948874
vn 0.808948636 0.483036786 0.335078418
vn 0.808948457 0.483036846 0.335078835
vn 0.808948457 0.483036846 0.335078835
vn 0.808948636 0.483036786 0.335078418
vn 0.808948934 0.483037323 -0.335076928
vn 0.808949113 0.483037323 -0.335076571
vn 0.335077733 0.483037472 -0.808948576
vn 0.335078031 0.483037472 -0.808948398
vn -0 1 0
vn -0 1 0
vn -0 1 0
vn -0 1 0
vn -0 1 0
vn -0 1 0
vn -0 1 0
vn -0 1 0
vn -0.335077494 0.483038545 -0.808947921
vn -0.808949649 0.48303628 -0.33507663
vn -0.808949232 0.48303628 -0.335077494
vn -0.335077435 0.483038545 -0.808947921
vn 0.335077494 0.483039677 -0.808947325
vn 0.335077822 0.483039767 -0.808947146
vn -0.808949232 0.48303628 -0.335077494
vn -0.808949649 0.48303628 -0.33507663
vn -0.808949828 0.483035773 0.335077256
vn -0.808949709 0.483035713 0.335077345
vn -0.335077465 0.483037144 0.808948815
vn -0.335077882 0.483037174 0.808948636
vn -0.335077882 0.483037174 0.808948636
vn -0.335077465 0.483037144 0.808948815
vn 0.335078329 0.483038157 0.808947861
vn 0.33507812 0.483038157 0.808947921
vn 0.808947682 0.483039081 0.335077375
vn 0.808947682 0.483039081 0.335077465
vn 0.808947682 0.483039081 0.335077465
vn 0.808947682 0.483039081 0.335077375
vn 0.808947623 0.483040243 -0.335075974
vn 0.808947682 0.483040184 -0.335075736
vn 0.335077822 0.483039767 -0.808947146
vn 0.335077494 0.483039677 -0.808947325
vn -0 1 0
vn -0 1 0
vn -0 1 0
vn -0 1 0
vn -0 1 0
vn -0 1 0
vn -0 1 0
vn -0 1 0
vn -1.57890995E-07 -0.70710665 0.707106829
vn -0 -0.707106829 -0.707106769
vn -0 -0.707106769 -0.707106829
vn -1.57890966E-07 -0.707106829 0.70710665
vn -1.57890995E-07 0.70710665 0.707106829
vn -1.57890966E-07 0.707106829 0.70710665
vn -1.57890995E-07 0.70710665 0.707106829
vn -1.57890966E-07 0.707106829 0.70710665
vn -0 0.707106769 -0.707106829
vn -0 0.707106829 -0.707106769
vn -0 -0.707106829 -0.707106769
vn -0 -0.707106769 -0.707106829
vn 0.0327708758 -0.717465639 0.695822656
vn -0.0421104096 -0.693567038 -0.719160318
vn -0.0405716337 -0.719909549 -0.692881048
vn 0.0337674059 -0.696273446 0.716981888
vn 0.0327708758 0.717465639 0.695822656
vn 0.0337674059 0.696273446 0.716981888
vn 0.0327708758 0.717465639 0.695822656
vn 0.0337674059 0.696273446 0.716981888
vn -0.0405716337 0.719909549 -0.692881048
vn -0.0421104096 0.693567038 -0.719160318
vn -0.0421104096 -0.693567038 -0.719160318
vn -0.0405716337 -0.719909549 -0.692881048
vn 0.0327712856 -0.717464447 -0.695823848
vn 0.0337678157 -0.696272373 -0.716982901
vn -0.0405717939 -0.719910443 0.692880094
vn -0.0421105623 -0.693568349 0.719158947
vn -0.0405717939 0.719910443 0.692880094
vn -0.0421105623 0.693568349 0.719158947
vn 0.0327712856 0.717464447 -0.695823848
vn -0.0421105623 0.693568349 0.719158947
vn -0.0405717939 0.719910443 0.692880094
vn 0.0337678157 0.696272373 -0.716982901
vn 0.0337678157 -0.696272373 -0.716982901
vn 0.0327712856 -0.717464447 -0.695823848
vn -0 -1 0
vn -0 -1 0
vn -0 -1 0
vn -0 -1 0
vn -0 1 0
vn -0 1 0
vn -0 1 0
vn -0 1 0
vn 1 0 0
vn 1 0 0
vn 1 0 0
vn 1 0 0
vn -1.05994893E-07 0 -1
vn -1.05994893E-07 0 -1
vn -1.05994893E-07 0 -1
vn -1.05994893E-07 0 -1
vn -1 0 0
vn -1 0 0
vn -1 0 0
vn -1 0 0
vn -1.2719388E-06 0 1
vn -1.2719388E-06 0 1
vn -1.2719388E-06 0 1
vn -1.2719388E-06 0 1
vn -0 -1 0
vn -0 -1 0
vn -0 -1 0
vn -0 -1 0
vn -0 1 0
vn -0 1 0
vn -0 1 0
vn -0 1 0
vn 1 0 0
vn 1 0 0
vn 1 0 0
vn 1 0 0
vn 8.47960621E-07 0 -1
vn 8.47960621E-07 0 -1
vn 8.47960621E-07 0 -1
vn 8.47960621E-07 0 -1
vn -1 0 0
vn -1 0 0
vn -1 0 0
vn -1 0 0
vn -7.41965607E-07 0 1
vn -7.41965607E-07 0 1
vn -7.41965607E-07 0 1
vn -7.41965607E-07 0 1
vn -0.707107425 0 -0.707106113
vn -0.707107425 0 -0.707106054
vn -0.353552878 0.866026163 -0.353552222
vn -0.35355252 0.866026402 -0.353551894
vn 0.353552192 0.866025984 0.353553265
vn 0.353552014 0.866026044 0.353553057
vn 0.707105696 0 0.707107782
vn 0.707105696 0 0.707107782
vn 0.707105696 0 0.707107782
vn 0.707105696 0 0.707107782
vn 0.353552192 -0.866025984 0.353553236
vn 0.353552073 -0.866026163 0.353553057
vn -0.353552878 -0.866026163 -0.353552222
vn -0.35355255 -0.866026402 -0.353551865
vn -0.707107425 0 -0.707106054
vn -0.707107425 0 -0.707106113
vn 0.707106769 0 -0.707106769
vn 0.707106769 0 -0.707106769
vn 0.707106769 0 -0.707106769
vn 0.707106769 0 -0.707106769
vn 0.707106769 0 -0.707106769
vn 0.707106769 0 -0.707106769
vn 0.707107067 0 0.707106411
vn 0.353553414 0.866025507 0.353553057
vn 0.707107067 0 0.707106411
vn 0.353553593 0.866025448 0.353553265
vn -0.353551835 0.866026163 -0.353553206
vn -0.353553146 0.866024971 -0.353554577
vn -0.707105339 0 -0.70710814
vn -0.707105339 0 -0.70710814
vn -0.707105339 0 -0.70710814
vn -0.353551835 -0.866026163 -0.353553206
vn -0.707105339 0 -0.70710814
vn -0.353553146 -0.866024971 -0.353554577
vn 0.353553414 -0.866025507 0.353553057
vn 0.353553563 -0.866025448 0.353553176
vn 0.707107067 0 0.707106411
vn 0.707107067 0 0.707106411
vn 0.707106352 0 -0.707107127
vn 0.707106352 0 -0.707107127
vn 0.707106352 0 -0.707107127
vn 0.707106352 0 -0.707107127
vn 0.707106352 0 -0.707107127
vn 0.707106352 0 -0.707107127
vn -0.415623456 0.809019089 -0.415626347
vn -0.672497511 -0.309019446 -0.672498405
vn -0.574459851 -0.388121277 -0.720664859
vn -0.66810149 0.675358236 -0.312300652
vn 0.41562894 0.809016526 0.415625781
vn -0.375050098 -0.102747619 -0.921292841
vn 0.312550932 0.675257206 0.668086529
vn 0.672498882 -0.30901587 0.672498584
vn -0.967757165 0.251689017 -0.00993227027
vn -0.363404006 -0.288454026 -0.885850847
vn 0.720572233 -0.388121456 0.574575722
vn -2.11064389E-06 -1 -2.15754721E-06
vn -0.914651573 -0.180509657 0.36170271
vn 0.047945831 -0.886619627 -0.460007519
vn 0.0153979212 0.251185238 0.967816532
vn 0.30558002 -0.901682675 -0.30592376
vn -0.672497511 -0.309019446 -0.672498405
vn -0.574459851 -0.388121277 -0.720664859
vn -0.765295267 -0.38626492 0.514900565
vn 0.20575504 -0.956729054 -0.205753013
vn -0.579822958 -0.572382092 0.579813838
vn -0.115544617 0.222873718 0.967975557
vn 0.922672212 -0.10378629 0.371354878
vn 0.635683537 -0.432322592 -0.639533937
vn -0.375050098 -0.102747619 -0.921292841
vn -0.382835209 0.609444559 0.694272637
vn -0.564101338 0.602982879 0.564093351
vn 0.820801497 0.402291119 0.405520171
vn 0.799535573 -0.00480816374 -0.600599587
vn -0.363404006 -0.288454026 -0.885850847
vn 0.497152954 0.864456058 0.0745304599
vn 0.231191173 0.94504106 -0.231188044
vn 0.697374165 0.134241566 -0.704023063
vn 0.047945831 -0.886619627 -0.460007519
vn 0.706984878 -0.018911479 -0.706975877
vn 0.20575504 -0.956729054 -0.205753013
vn 0.415625691 0.809020162 0.415622115
vn 0.720665097 -0.388119191 0.574460864
vn 0.672499299 -0.309016854 0.672497869
vn 0.312300503 0.675357699 0.668101966
vn -0.415628612 0.809014022 -0.415631205
vn 0.921290517 -0.102747187 0.37505576
vn -0.668086827 0.675255716 -0.312553465
vn -0.672498107 -0.309017986 -0.672498405
vn 0.00993224978 0.251686722 0.967757821
vn 0.885849237 -0.288454831 0.363407314
vn -0.57457459 -0.388122708 -0.720572531
vn 1.40709574E-06 -1 1.21948301E-06
vn -0.361698836 -0.180509746 0.914652944
vn 0.460009605 -0.886618495 -0.0479447693
vn -0.967816234 0.251186579 -0.0153968111
vn 0.305923223 -0.901684761 -0.305574208
vn 0.672499299 -0.309016854 0.672497869
vn 0.720665097 -0.388119191 0.574460864
vn -0.514899909 -0.386265665 0.765295327
vn 0.20575434 -0.956728756 -0.205755204
vn -0.579816878 -0.572380245 0.579821706
vn -0.967975259 0.222874448 0.11554604
vn -0.371357232 -0.103788108 -0.92267096
vn 0.639533401 -0.43232432 -0.635682821
vn 0.921290517 -0.102747187 0.37505576
vn -0.694271326 0.609445155 0.382836938
vn -0.564094901 0.602982342 0.564100325
vn -0.405522138 0.402292997 -0.820799649
vn 0.600596905 -0.00480639515 -0.799537539
vn 0.885849237 -0.288454831 0.363407314
vn -0.0745335147 0.86445719 -0.497150272
vn 0.231186941 0.945042133 -0.231188089
vn 0.704023719 0.134244621 -0.697372973
vn 0.460009605 -0.886618495 -0.0479447693
vn 0.706978202 -0.0189068969 -0.706982553
vn 0.20575434 -0.956728756 -0.205755204
vn -0 -1 0
vn -0 -1 0
vn -0 -1 0
vn -0 -1 0
vn -0 1 0
vn -0 1 0
vn -0 1 0
vn -0 1 0
vn 0.691876173 -0.206429929 -0.691877246
vn 0.704579651 -0.0844589174 -0.704580843
vn 0.691876173 -0.206429943 -0.691877306
vn 0.704579651 -0.0844587833 -0.704580843
vn 0.707106173 0 -0.707107306
vn 0.707106173 0 -0.707107306
vn -0.619938612 -0.480992824 -0.619937122
vn -0.687663615 -0.232892811 -0.687662482
vn -0.619938612 -0.480992794 -0.619937122
vn -0.687663615 -0.232892826 -0.687662482
vn -0.707107067 0 -0.707106411
vn -0.707107067 0 -0.707106411
vn -0.691876411 -0.206431016 0.69187659
vn -0.704580128 -0.084459126 0.704580367
vn -0.691876531 -0.206431031 0.69187659
vn -0.704580128 -0.0844591558 0.704580307
vn -0.70710659 1.34974158E-07 0.707106948
vn -0.70710659 1.34974158E-07 0.707106888
vn 0.619936764 -0.480994403 0.619937658
vn 0.687662482 -0.232893527 0.687663376
vn 0.619936824 -0.480994433 0.619937599
vn 0.687662542 -0.232893512 0.687663376
vn 0.707106352 1.47627787E-07 0.707107186
vn 0.707106352 1.47627802E-07 0.707107186
vn -0.808947861 0.483038902 -0.335077375
vn -0.808948636 0.483038396 0.335076064
vn -0.8089481 0.483038396 0.335077345
vn -0.808947802 0.483038902 -0.335077643
vn -0.335076988 0.483038753 -0.8089481
vn -0.335076809 0.483038753 -0.8089481
vn -0.8089481 0.483038396 0.335077345
vn -0.808948636 0.483038396 0.335076064
vn -0.335076928 0.483038783 0.8089481
vn -0.335077047 0.483038753 0.80894798
vn 0.335077494 0.483038306 0.808948159
vn 0.335077554 0.483038247 0.8089481
vn 0.335077554 0.483038247 0.8089481
vn 0.335077494 0.483038306 0.808948159
vn 0.808947802 0.483038664 0.335077763
vn 0.808947802 0.483038694 0.335077763
vn 0.808948636 0.48303777 -0.335076898
vn 0.808949113 0.4830378 -0.335075885
vn 0.808949113 0.4830378 -0.335075885
vn 0.808948636 0.48303777 -0.335076898
vn 0.335078537 0.483038187 -0.808947802
vn 0.335078418 0.483038217 -0.808947861
vn -0.335076809 0.483038753 -0.8089481
vn -0.335076988 0.483038753 -0.8089481
vn -0 1 0
vn -0 1 0
vn -0 1 0
vn -0 1 0
vn -0 1 0
vn -0 1 0
vn -0 1 0
vn -0 1 0
vn -0.808948338 0.483038843 -0.335076123
vn -0.808948338 0.483038008 0.335077345
vn -0.808947921 0.483038008 0.335078299
vn -0.808948398 0.483038872 -0.335076123
vn -0.335077494 0.483038843 -0.808947802
vn -0.335077435 0.483038843 -0.808947861
vn -0.808947921 0.483038008 0.335078299
vn -0.808948338 0.483038008 0.335077345
vn -0.335077137 0.483037174 0.808948934
vn -0.335077614 0.483037233 0.808948815
vn 0.33507964 0.483035743 0.808948815
vn 0.335078031 0.483035654 0.808949411
vn 0.335078031 0.483035654 0.808949411
vn 0.33507964 0.483035743 0.808948815
vn 0.808948994 0.483036757 0.335077465
vn 0.808949232 0.483036757 0.335077018
vn 0.808948457 0.483038753 -0.335076094
vn 0.808947802 0.483038813 -0.335077733
vn 0.808947802 0.483038813 -0.335077733
vn 0.808948457 0.483038753 -0.335076094
vn 0.335077822 0.483038843 -0.808947682
vn 0.335077137 0.483038813 -0.808947921
vn -0.335077435 0.483038843 -0.808947861
vn -0.335077494 0.483038843 -0.808947802
vn -0 1 0
vn -0 1 0
vn -0 1 0
vn -0 1 0
vn -0 1 0
vn -0 1 0
vn -0 1 0
vn -0 1 0
vn 0.499999851 -0.707107008 0.499999762
vn -0.500000298 -0.707106531 -0.5
vn -0.5 -0.707106948 -0.499999732
vn 0.500000179 -0.70710659 0.50000006
vn 0.499999851 0.707107008 0.499999762
vn 0.500000179 0.70710659 0.50000006
vn 0.499999851 0.707107008 0.499999762
vn 0.500000179 0.70710659 0.50000006
vn -0.5 0.707106948 -0.499999732
vn -0.500000298 0.707106531 -0.5
vn -0.500000298 -0.707106531 -0.5
vn -0.5 -0.707106948 -0.499999732
vn 0.515194058 -0.717464983 0.468848705
vn -0.538299382 -0.693567753 -0.478745967
vn -0.518629789 -0.719909191 -0.461252511
vn 0.530859768 -0.696273863 0.483105212
vn 0.515194058 0.717464983 0.468848705
vn 0.530859768 0.696273863 0.483105212
vn 0.515194058 0.717464983 0.468848705
vn 0.530859768 0.696273863 0.483105212
vn -0.518629789 0.719909191 -0.461252511
vn -0.538299382 0.693567753 -0.478745967
vn -0.538299382 -0.693567753 -0.478745967
vn -0.518629789 -0.719909191 -0.461252511
vn -0.468849093 -0.717464566 -0.515194297
vn -0.483106375 -0.696272254 -0.530860901
vn 0.461251646 -0.719910681 0.518628478
vn 0.478745759 -0.69356823 0.538298726
vn 0.461251646 0.719910681 0.518628478
vn 0.478745759 0.69356823 0.538298726
vn -0.468849093 0.717464566 -0.515194297
vn 0.478745759 0.69356823 0.538298726
vn 0.461251646 0.719910681 0.518628478
vn -0.483106375 0.696272254 -0.530860901
vn -0.483106375 -0.696272254 -0.530860901
vn -0.468849093 -0.717464566 -0.515194297
vn -0 -1 0
vn -0 -1 0
vn -0 -1 0
vn -0 -1 0
vn -0 1 0
vn -0 1 0
vn -0 1 0
vn -0 1 0
vn 0.707108378 0 -0.70710516
vn 0.707108378 0 -0.70710516
vn 0.707108378 0 -0.70710516
vn 0.707108378 0 -0.70710516
vn -0.707107604 0 -0.707105935
vn -0.707107604 0 -0.707105935
vn -0.707107604 0 -0.707105935
vn -0.707107604 0 -0.707105935
vn -0.707106769 0 0.707106769
vn -0.707106769 0 0.707106769
vn -0.707106769 0 0.707106769
vn -0.707106769 0 0.707106769
vn 0.707106769 0 0.707106829
vn 0.707106769 0 0.707106829
vn 0.707106769 0 0.707106829
vn 0.707106769 0 0.707106829
vn -0 -1 0
vn -0 -1 0
vn -0 -1 0
vn -0 -1 0
vn -0 1 0
vn -0 1 0
vn -0 1 0
vn -0 1 0
vn 0.707107544 0 -0.707105935
vn 0.707107544 0 -0.707105935
vn 0.707107544 0 -0.707105935
vn 0.707107544 0 -0.707105935
vn -0.707106352 0 -0.707107186
vn -0.707106352 0 -0.707107186
vn -0.707106352 0 -0.707107186
vn -0.707106352 0 -0.707107186
vn -0.707106769 0 0.707106769
vn -0.707106769 0 0.707106769
vn -0.707106769 0 0.707106769
vn -0.707106769 0 0.707106769
vn 0.707107246 0 0.707106233
vn 0.707107246 0 0.707106233
vn 0.707107246 0 0.707106233
vn 0.707107246 0 0.707106233
vn -1 0 0
vn -1 0 0
vn -0.499997497 0.866026878 0
vn -0.499997497 0.866026878 0
vn 0.499999076 0.866025984 0
vn 0.499999136 0.866025984 0
vn 1 0 0
vn 1 0 0
vn 1 0 0
vn 1 0 0
vn 0.499999076 -0.866025984 0
vn 0.499999136 -0.866025984 0
vn -0.499997586 -0.866026878 0
vn -0.499997526 -0.866026878 0
vn -1 0 0
vn -1 0 0
vn -1.48055483E-06 0 -1
vn -1.48055483E-06 0 -1
vn -1.48055483E-06 0 -1
vn -1.48055483E-06 0 -1
vn -1.48055483E-06 0 -1
vn -1.48055483E-06 0 -1
vn 1 0 -1.37876259E-06
vn 0.499999076 0.866025984 -6.89379988E-07
vn 1 0 -1.37876259E-06
vn 0.499998391 0.866026402 -6.89379021E-07
vn -0.499998719 0.866026163 -6.89379533E-07
vn -0.499998689 0.866026163 -6.89379533E-07
vn -1 0 -1.37876259E-06
vn -1 0 -1.37876259E-06
vn -1 0 -1.37876259E-06
vn -0.499998719 -0.866026163 -6.89379533E-07
vn -1 0 -1.37876259E-06
vn -0.499998689 -0.866026163 -6.89379533E-07
vn 0.499999076 -0.866025984 -6.89379988E-07
vn 0.499998391 -0.866026402 -6.89379021E-07
vn 1 0 -1.37876259E-06
vn 1 0 -1.37876259E-06
vn -0 0 -1
vn -0 0 -1
vn -0 0 -1
vn -0 0 -1
vn -0 0 -1
vn -0 0 -1
vn -0.58778137 0.809019864 -1.66674351E-06
vn -0.951055467 -0.309020072 0
vn -0.915791214 -0.388121873 -0.10338176
vn -0.693248987 0.675358355 0.251588821
vn 0.587788761 0.809014499 -2.67925066E-06
vn -0.916653097 -0.102747843 -0.38625133
vn 0.693418086 0.675254941 0.251400113
vn 0.951056898 -0.30901596 -1.11057557E-06
vn -0.69133085 0.251689583 0.677284181
vn -0.883356988 -0.288453579 -0.369425207
vn 0.915808082 -0.3881208 -0.103236452
vn 7.50450397E-07 -1 -1.96083221E-07
vn -0.390994787 -0.180510074 0.902518332
vn -0.291372299 -0.886620283 -0.359174877
vn 0.695236146 0.251186877 0.673462629
vn -0.000240364185 -0.901682734 -0.43239823
vn -0.951055467 -0.309020072 0
vn -0.915791214 -0.388121873 -0.10338176
vn -0.177055269 -0.386266857 0.905234396
vn 1.72369062E-06 -0.95672971 -0.290978074
vn -7.22635377E-06 -0.572382092 0.819987059
vn 0.60276103 0.222873315 0.766163528
vn 0.915015459 -0.103785612 -0.389840215
vn -0.00272386149 -0.432321966 -0.9017151
vn -0.916653097 -0.102747843 -0.38625133
vn 0.22021918 0.609442174 0.761632323
vn -6.26454903E-06 0.602982581 0.797754288
vn 0.867140532 0.402290553 -0.293649137
vn 0.140668303 -0.00480868854 -0.99004513
vn -0.883356988 -0.288453579 -0.369425207
vn 0.404241025 0.864456415 -0.298838288
vn 7.78083063E-07 0.945043981 -0.326943338
vn -0.00470248563 0.134244069 -0.990937173
vn -0.291372299 -0.886620283 -0.359174877
vn 4.89692729E-06 -0.0189080331 -0.999821246
vn 1.72369062E-06 -0.95672971 -0.290978074
vn 0.587778986 0.809021473 -2.75212528E-06
vn 0.915791571 -0.388120741 -0.103382893
vn 0.951056659 -0.309016585 -1.47756703E-06
vn 0.693249941 0.675356805 0.251590401
vn -0.587791264 0.809012711 -8.71518239E-07
vn 0.916654825 -0.102747887 -0.386247009
vn -0.693419099 0.675253332 0.251401514
vn -0.951056898 -0.309015721 1.28425847E-06
vn 0.691331029 0.251686394 0.677285314
vn 0.883357644 -0.288452387 -0.369424611
vn -0.915807307 -0.388122499 -0.10323704
vn -2.22789231E-06 -1 0
vn 0.390999198 -0.180510014 0.902516365
vn 0.291373074 -0.886619449 -0.359176457
vn -0.695233285 0.251187563 0.673465252
vn 0.000244487805 -0.901684999 -0.432393461
vn 0.951056659 -0.309016585 -1.47756703E-06
vn 0.915791571 -0.388120741 -0.103382893
vn 0.177054077 -0.386267394 0.905234396
vn -2.90906132E-06 -0.956728637 -0.290981501
vn 2.83731015E-06 -0.572380304 0.81998837
vn -0.602758229 0.222873941 0.766165614
vn -0.915015101 -0.103787906 -0.389840305
vn 0.00272450224 -0.432323605 -0.901714444
vn 0.916654825 -0.102747887 -0.386247009
vn -0.220216915 0.609443426 0.761631906
vn 3.23019913E-06 0.602982044 0.797754705
vn -0.867138445 0.402294427 -0.293649614
vn -0.140667483 -0.00480408408 -0.990045249
vn 0.883357644 -0.288452387 -0.369424611
vn -0.404238611 0.864458263 -0.298836112
vn -2.06866844E-06 0.945042133 -0.326948464
vn 0.00470378436 0.134245917 -0.990936935
vn 0.291373074 -0.886619449 -0.359176457
vn -6.52266453E-06 -0.018908646 -0.999821246
vn -2.90906132E-06 -0.956728637 -0.290981501
vn -0 -1 0
vn -0 -1 0
vn -0 -1 0
vn -0 -1 0
vn -0 1 0
vn -0 1 0
vn -0 1 0
vn -0 1 0
vn -3.3096191E-07 -0.206432268 -0.978460848
vn -4.99239945E-07 -0.0844598338 -0.99642688
vn -3.3096191E-07 -0.206432268 -0.978460848
vn -4.99239945E-07 -0.0844598338 -0.99642688
vn -6.10351776E-07 0 -1
vn -6.10351776E-07 0 -1
vn -0.876724303 -0.480993271 2.88190876E-07
vn -0.972502351 -0.232893035 1.39539679E-07
vn -0.876724303 -0.480993271 2.88190876E-07
vn -0.972502351 -0.23289302 1.39539665E-07
vn -1 0 0
vn -1 0 0
vn -0 -0.206430689 0.978461206
vn -0 -0.0844590142 0.99642688
vn -0 -0.206430689 0.978461206
vn -0 -0.0844591185 0.99642688
vn -0 0 1
vn -0 0 1
vn 0.876723707 -0.480994374 -2.88190506E-07
vn 0.972502232 -0.232893258 -6.41247823E-07
vn 0.876723707 -0.480994374 -2.88190421E-07
vn 0.972502232 -0.232893437 -6.41247539E-07
vn 1 2.10897127E-07 -9.15526186E-07
vn 1 2.10897127E-07 -9.15526186E-07
vn -0.808948815 0.483037233 0.335077614
vn -0.335078061 0.483037919 0.8089481
vn -0.335076809 0.483037949 0.808948636
vn -0.808948815 0.483037204 0.335077465
vn -0.808949172 0.48303625 -0.335077852
vn -0.808949471 0.483036339 -0.335077077
vn -0.335076809 0.483037949 0.808948636
vn -0.335078061 0.483037919 0.8089481
vn 0.335077643 0.483038872 0.808947682
vn 0.335078269 0.483038932 0.808947444
vn 0.808948219 0.483038485 0.335077077
vn 0.808948159 0.483038425 0.335077256
vn 0.808948159 0.483038425 0.335077256
vn 0.808948219 0.483038485 0.335077077
vn 0.808948457 0.483038872 -0.335075915
vn 0.808948338 0.483038872 -0.335076302
vn 0.335076213 0.483038247 -0.808948636
vn 0.335077196 0.483038276 -0.808948219
vn 0.335077196 0.483038276 -0.808948219
vn 0.335076213 0.483038247 -0.808948636
vn -0.335078984 0.48303628 -0.808948815
vn -0.335078716 0.48303625 -0.808948874
vn -0.808949471 0.483036339 -0.335077077
vn -0.808949172 0.48303625 -0.335077852
vn -0 1 0
vn -0 1 0
vn -0 1 0
vn -0 1 0
vn -0 1 0
vn -0 1 0
vn -0 1 0
vn -0 1 0
vn -0.8089481 0.483038306 0.335077465
vn -0.335075796 0.4830378 0.808949172
vn -0.335076332 0.483037859 0.808948874
vn -0.808948159 0.483038306 0.335077435
vn -0.808947623 0.483038396 -0.335078686
vn -0.808948338 0.483038396 -0.335076988
vn -0.335076332 0.483037859 0.808948874
vn -0.335075796 0.4830378 0.808949172
vn 0.335077912 0.483036697 0.808948934
vn 0.335078448 0.483036697 0.808948696
vn 0.808948874 0.483037382 0.335077107
vn 0.808948636 0.483037382 0.335077614
vn 0.808948636 0.483037382 0.335077614
vn 0.808948874 0.483037382 0.335077107
vn 0.808948159 0.483037531 -0.335078448
vn 0.808948159 0.483037561 -0.335078359
vn 0.335075706 0.483038187 -0.808948934
vn 0.335074931 0.483038157 -0.808949232
vn 0.335074931 0.483038157 -0.808949232
vn 0.335075706 0.483038187 -0.808948934
vn -0.335078597 0.483038396 -0.808947623
vn -0.335078418 0.483038396 -0.808947682
vn -0.808948338 0.483038396 -0.335076988
vn -0.808947623 0.483038396 -0.335078686
vn -0 1 0
vn -0 1 0
vn -0 1 0
vn -0 1 0
vn -0 1 0
vn -0 1 0
vn -0 1 0
vn -0 1 0
vn 0.70710665 -0.707106888 -3.39704798E-07
vn -0.707106888 -0.70710659 4.16258075E-07
vn -0.70710665 -0.707106888 4.1625799E-07
vn 0.707106888 -0.70710665 -3.39704968E-07
vn 0.70710665 0.707106888 -3.39704798E-07
vn 0.707106888 0.70710665 -3.39704968E-07
vn 0.70710665 0.707106888 -3.39704798E-07
vn 0.707106888 0.70710665 -3.39704968E-07
vn -0.70710665 0.707106888 4.1625799E-07
vn -0.707106888 0.70710659 4.16258075E-07
vn -0.707106888 -0.70710659 4.16258075E-07
vn -0.70710665 -0.707106888 4.1625799E-07
vn 0.695823908 -0.717464387 -0.0327713788
vn -0.719158947 -0.693568349 0.0421108082
vn -0.692881346 -0.71990931 0.0405720994
vn 0.71698159 -0.696273804 -0.0337678455
vn 0.695823908 0.717464387 -0.0327713788
vn 0.71698159 0.696273804 -0.0337678455
vn 0.695823908 0.717464387 -0.0327713788
vn 0.71698159 0.696273804 -0.0337678455
vn -0.692881346 0.71990931 0.0405720994
vn -0.719158947 0.693568349 0.0421108082
vn -0.719158947 -0.693568349 0.0421108082
vn -0.692881346 -0.71990931 0.0405720994
vn -0.695823371 -0.717464864 -0.0327708535
vn -0.716983497 -0.696271777 -0.0337674245
vn 0.692879558 -0.719911098 0.0405713208
vn 0.719159424 -0.693567932 0.0421101376
vn 0.692879558 0.719911098 0.0405713208
vn 0.719159424 0.693567932 0.0421101376
vn -0.695823371 0.717464864 -0.0327708535
vn 0.719159424 0.693567932 0.0421101376
vn 0.692879558 0.719911098 0.0405713208
vn -0.716983497 0.696271777 -0.0337674245
vn -0.716983497 -0.696271777 -0.0337674245
vn -0.695823371 -0.717464864 -0.0327708535
vn -0 -1 0
vn -0 -1 0
vn -0 -1 0
vn -0 -1 0
vn -0 1 0
vn -0 1 0
vn -0 1 0
vn -0 1 0
vn -0 0 -1
vn -0 0 -1
vn -0 0 -1
vn -0 0 -1
vn -1 0 1.05995078E-07
vn -1 0 1.05995078E-07
vn -1 0 1.05995078E-07
vn -1 0 1.05995078E-07
vn -0 0 1
vn -0 0 1
vn -0 0 1
vn -0 0 1
vn 1 0 4.2398031E-07
vn 1 0 4.2398031E-07
vn 1 0 4.2398031E-07
vn 1 0 4.2398031E-07
vn -0 -1 0
vn -0 -1 0
vn -0 -1 0
vn -0 -1 0
vn -0 1 0
vn -0 1 0
vn -0 1 0
vn -0 1 0
vn 1.59644446E-06 0 -1
vn 1.59644446E-06 0 -1
vn 1.59644446E-06 0 -1
vn 1.59644446E-06 0 -1
vn -1 0 0
vn -1 0 0
vn -1 0 0
vn -1 0 0
vn -0 0 1
vn -0 0 1
vn -0 0 1
vn -0 0 1
vn 1 0 -9.53959102E-07
vn 1 0 -9.53959102E-07
vn 1 0 -9.53959102E-07
vn 1 0 -9.53959102E-07
vn -0.707106769 0 0.707106769
vn -0.707106769 0 0.707106769
vn -0.353552043 0.866026521 0.353552043
vn -0.353552431 0.866026223 0.353552431
vn 0.35355261 0.866025865 -0.353552908
vn 0.353553146 0.866025507 -0.353553444
vn 0.707106411 0 -0.707107067
vn 0.707106411 0 -0.707107067
vn 0.707106411 0 -0.707107067
vn 0.707106411 0 -0.707107067
vn 0.35355261 -0.866025865 -0.353552908
vn 0.353553146 -0.866025507 -0.353553444
vn -0.353552043 -0.866026521 0.353552043
vn -0.353552431 -0.866026223 0.353552431
vn -0.707106769 0 0.707106769
vn -0.707106769 0 0.707106769
vn -0.707108617 0 -0.707104862
vn -0.707108617 0 -0.707104862
vn -0.707108617 0 -0.707104862
vn -0.707108617 0 -0.707104862
vn -0.707108617 0 -0.707104862
vn -0.707108617 0 -0.707104862
vn 0.707106054 0 -0.707107425
vn 0.35355252 0.866025865 -0.353553206
vn 0.707106054 0 -0.707107484
vn 0.353552073 0.866026163 -0.353552818
vn -0.353551984 0.866026759 0.353551596
vn -0.353552818 0.866026044 0.353552461
vn -0.707107067 0 0.707106411
vn -0.707107067 0 0.707106411
vn -0.707107067 0 0.707106411
vn -0.353551984 -0.866026759 0.353551596
vn -0.707107067 0 0.707106411
vn -0.353552818 -0.866026044 0.353552461
vn 0.35355252 -0.866025805 -0.353553206
vn 0.353552163 -0.866026163 -0.353552818
vn 0.707106054 0 -0.707107484
vn 0.707106054 0 -0.707107425
vn -0.707108617 0 -0.707104921
vn -0.707108617 0 -0.707104921
vn -0.707108617 0 -0.707104921
vn -0.707108617 0 -0.707104921
vn -0.707108617 0 -0.707104921
vn -0.707108617 0 -0.707104921
vn -0.415625811 0.809019566 0.415623069
vn -0.672497988 -0.309020519 0.672497392
vn -0.720663249 -0.388122737 0.574460864
vn -0.312300265 0.675357103 0.668102801
vn 0.415626377 0.80901587 -0.415629566
vn -0.921290696 -0.10274867 0.375054806
vn 0.668086052 0.67525667 -0.312553227
vn 0.672498643 -0.309014767 -0.672499418
vn -0.00993178133 0.251688182 0.967757463
vn -0.885849893 -0.288453311 0.363406837
vn 0.574573517 -0.388120979 -0.720574319
vn -2.48586798E-06 -1 2.25135182E-06
vn 0.361698449 -0.180510104 0.914653182
vn -0.460007876 -0.886619627 -0.0479415618
vn 0.967816353 0.25118649 -0.0153955696
vn -0.305921942 -0.90168345 -0.305579543
vn -0.672497988 -0.309020519 0.672497392
vn -0.720663249 -0.388122737 0.574460864
vn 0.514898777 -0.386266649 0.765295625
vn -0.205754161 -0.956728935 -0.205754474
vn 0.579811215 -0.572384536 0.579823196
vn 0.967975259 0.222874343 0.115546428
vn 0.371353596 -0.103786021 -0.922672689
vn -0.639535964 -0.43232283 -0.635681212
vn -0.921290696 -0.10274867 0.375054806
vn 0.694271147 0.609444082 0.382838905
vn 0.564093292 0.602982044 0.564102292
vn 0.405522823 0.402291507 -0.820800066
vn -0.600600183 -0.00480900938 -0.799535036
vn -0.885849893 -0.288453311 0.363406837
vn 0.0745285377 0.864455342 -0.497154444
vn -0.231187046 0.945042372 -0.231187433
vn -0.704024553 0.134241313 -0.697372735
vn -0.460007876 -0.886619627 -0.0479415618
vn -0.706977785 -0.0189105514 -0.706982911
vn -0.205754161 -0.956728935 -0.205754474
vn 0.415623814 0.809018135 -0.415627837
vn 0.574460924 -0.38812086 -0.720664084
vn 0.672496974 -0.309019417 -0.672499001
vn 0.668104172 0.675354958 -0.312302083
vn -0.415630341 0.80901438 0.415628701
vn 0.375052541 -0.102747671 -0.921291709
vn -0.312553138 0.675254285 0.668088436
vn -0.67249769 -0.309017718 0.672498882
vn 0.96775794 0.251686454 -0.0099281529
vn 0.363406837 -0.288455009 -0.885849416
vn -0.720573366 -0.388121277 0.57457459
vn 9.61516093E-07 -1 -9.84967755E-07
vn 0.914652169 -0.180509672 0.361700982
vn -0.0479488298 -0.886617005 -0.460012108
vn -0.0153941195 0.251186788 0.967816234
vn -0.305577874 -0.90168345 -0.305923581
vn 0.672496974 -0.309019417 -0.672499001
vn 0.574460924 -0.38812086 -0.720664084
vn 0.765295327 -0.386264175 0.514900982
vn -0.205753446 -0.95672971 -0.205752
vn 0.579822958 -0.572381139 0.579814732
vn 0.115544021 0.222873911 0.967975557
vn -0.922672272 -0.103786141 0.37135452
vn -0.635682881 -0.432322502 -0.639534712
vn 0.375052541 -0.102747671 -0.921291709
vn 0.382835984 0.609443188 0.694273353
vn 0.564100862 0.602984071 0.564092517
vn -0.820802093 0.402291358 0.405519068
vn -0.799536347 -0.00480797654 -0.600598514
vn 0.363406837 -0.288455009 -0.885849416
vn -0.497152001 0.864456654 0.0745291337
vn -0.231185183 0.945043623 -0.231183887
vn -0.697373509 0.134243518 -0.704023361
vn -0.0479488298 -0.886617005 -0.460012108
vn -0.706982732 -0.018907072 -0.706978083
vn -0.205753446 -0.95672971 -0.205752
vn -0 -1 0
vn -0 -1 0
vn -0 -1 0
vn -0 -1 0
vn -0 1 0
vn -0 1 0
vn -0 1 0
vn -0 1 0
vn -0.691877425 -0.206429362 -0.691876054
vn -0.704581082 -0.0844586045 -0.704579413
vn -0.691877425 -0.206429392 -0.691876054
vn -0.704581082 -0.0844586045 -0.704579413
vn -0.707107723 0 -0.707105815
vn -0.707107723 0 -0.707105815
vn -0.61993742 -0.480993181 0.619938076
vn -0.687662661 -0.232893124 0.687663376
vn -0.61993736 -0.480993152 0.619938076
vn -0.687662661 -0.232893243 0.687663376
vn -0.707106411 0 0.707107067
vn -0.707106411 0 0.707107067
vn 0.691877127 -0.206429377 0.691876411
vn 0.704580665 -0.0844581947 0.70457983
vn 0.691877127 -0.206429377 0.691876411
vn 0.704580665 -0.0844583288 0.70457983
vn 0.707107306 4.47101797E-07 0.707106233
vn 0.707107306 4.47101769E-07 0.707106233
vn 0.619936824 -0.48099485 -0.61993736
vn 0.687662542 -0.232893586 -0.687663317
vn 0.619936824 -0.48099485 -0.61993736
vn 0.687662542 -0.23289378 -0.687663257
vn 0.707106352 4.47101542E-07 -0.707107186
vn 0.707106352 4.4710157E-07 -0.707107186
vn -0.335077643 0.483038306 0.8089481
vn 0.335077643 0.483038098 0.808948219
vn 0.335078299 0.483038068 0.808947921
vn -0.335077554 0.483038366 0.8089481
vn -0.808948457 0.483038127 0.335076809
vn -0.808948338 0.483038217 0.335077375
vn 0.335078299 0.483038068 0.808947921
vn 0.335077643 0.483038098 0.808948219
vn 0.808949411 0.483036727 0.335076511
vn 0.808949351 0.483036786 0.335076749
vn 0.808948934 0.483036727 -0.335077792
vn 0.808948815 0.483036697 -0.33507815
vn 0.808948815 0.483036697 -0.33507815
vn 0.808948934 0.483036727 -0.335077792
vn 0.335077733 0.483037949 -0.808948219
vn 0.335077196 0.483037978 -0.808948457
vn -0.335077643 0.483038753 -0.808947861
vn -0.335078925 0.483038723 -0.808947325
vn -0.335078925 0.483038723 -0.808947325
vn -0.335077643 0.483038753 -0.808947861
vn -0.808948398 0.483038306 -0.335076809
vn -0.808948874 0.483038247 -0.335075736
vn -0.808948338 0.483038217 0.335077375
vn -0.808948457 0.483038127 0.335076809
vn -0 1 0
vn -0 1 0
vn -0 1 0
vn -0 1 0
vn -0 1 0
vn -0 1 0
vn -0 1 0
vn -0 1 0
vn -0.335076421 0.4830378 0.808948934
vn 0.335080236 0.483037353 0.808947623
vn 0.335080057 0.483037353 0.808947623
vn -0.335075974 0.48303771 0.808949113
vn -0.808947921 0.483038396 0.335077763
vn -0.808947623 0.483038396 0.335078597
vn 0.335080057 0.483037353 0.808947623
vn 0.335080236 0.483037353 0.808947623
vn 0.808950603 0.483035892 0.335074931
vn 0.808950424 0.483035892 0.335075557
vn 0.80894798 0.483037233 -0.335079223
vn 0.80894798 0.483037233 -0.335079223
vn 0.80894798 0.483037233 -0.335079223
vn 0.80894798 0.483037233 -0.335079223
vn 0.335075945 0.483037651 -0.808949113
vn 0.335075468 0.483037651 -0.808949351
vn -0.335077733 0.483036935 -0.808948874
vn -0.335078359 0.483036935 -0.808948636
vn -0.335078359 0.483036935 -0.808948636
vn -0.335077733 0.483036935 -0.808948874
vn -0.808948338 0.483037442 -0.335078269
vn -0.808948874 0.483037382 -0.335076958
vn -0.808947623 0.483038396 0.335078597
vn -0.808947921 0.483038396 0.335077763
vn -0 1 0
vn -0 1 0
vn -0 1 0
vn -0 1 0
vn -0 1 0
vn -0 1 0
vn -0 1 0
vn -0 1 0
vn 0.499999315 -0.707107067 -0.500000238
vn -0.499999762 -0.707106531 0.500000596
vn -0.499999404 -0.707106888 0.500000358
vn 0.499999642 -0.70710665 -0.500000536
vn 0.499999315 0.707107067 -0.500000238
vn 0.499999642 0.70710665 -0.500000536
vn 0.499999315 0.707107067 -0.500000238
vn 0.499999642 0.70710665 -0.500000536
vn -0.499999404 0.707106888 0.500000358
vn -0.499999762 0.707106531 0.500000596
vn -0.499999762 -0.707106531 0.500000596
vn -0.499999404 -0.707106888 0.500000358
vn 0.468848616 -0.717464626 -0.515194595
vn -0.478745252 -0.693567991 0.538299501
vn -0.461252093 -0.719909072 0.518630266
vn 0.483104676 -0.696274102 -0.530859947
vn 0.468848616 0.717464626 -0.515194595
vn 0.483104676 0.696274102 -0.530859947
vn 0.468848616 0.717464626 -0.515194595
vn 0.483104676 0.696274102 -0.530859947
vn -0.461252093 0.719909072 0.518630266
vn -0.478745252 0.693567991 0.538299501
vn -0.478745252 -0.693567991 0.538299501
vn -0.461252093 -0.719909072 0.518630266
vn -0.515194595 -0.717463791 0.468849987
vn -0.530860782 -0.696272016 0.483106881
vn 0.51862812 -0.71991086 -0.461251825
vn 0.538298011 -0.693569064 -0.47874555
vn 0.51862812 0.71991086 -0.461251825
vn 0.538298011 0.693569064 -0.47874555
vn -0.515194595 0.717463791 0.468849987
vn 0.538298011 0.693569064 -0.47874555
vn 0.51862812 0.71991086 -0.461251825
vn -0.530860782 0.696272016 0.483106881
vn -0.530860782 -0.696272016 0.483106881
vn -0.515194595 -0.717463791 0.468849987
vn -0 -1 0
vn -0 -1 0
vn -0 -1 0
vn -0 -1 0
vn -0 1 0
vn -0 1 0
vn -0 1 0
vn -0 1 0
vn -0.707106352 0 -0.707107186
vn -0.707106352 0 -0.707107186
vn -0.707106352 0 -0.707107186
vn -0.707106352 0 -0.707107186
vn -0.707106233 0 0.707107246
vn -0.707106233 0 0.707107246
vn -0.707106233 0 0.707107246
vn -0.707106233 0 0.707107246
vn 0.707107544 0 0.707105935
vn 0.707107544 0 0.707105935
vn 0.707107544 0 0.707105935
vn 0.707107544 0 0.707105935
vn 0.707105935 0 -0.707107604
vn 0.707105935 0 -0.707107604
vn 0.707105935 0 -0.707107604
vn 0.707105935 0 -0.707107604
vn -0 -1 0
vn -0 -1 0
vn -0 -1 0
vn -0 -1 0
vn -0 1 0
vn -0 1 0
vn -0 1 0
vn -0 1 0
vn -0.707105935 0 -0.707107544
vn -0.707105935 0 -0.707107544
vn -0.707105935 0 -0.707107544
vn -0.707105935 0 -0.707107544
vn -0.707107127 0 0.707106352
vn -0.707107127 0 0.707106352
vn -0.707107127 0 0.707106352
vn -0.707107127 0 0.707106352
vn 0.707107544 0 0.707105935
vn 0.707107544 0 0.707105935
vn 0.707107544 0 0.707105935
vn 0.707107544 0 0.707105935
vn 0.707106352 0 -0.707107186
vn 0.707106352 0 -0.707107186
vn 0.707106352 0 -0.707107186
vn 0.707106352 0 -0.707107186
vn 1.38755775E-06 0 1
vn 1.38755763E-06 0 1
vn 6.93776201E-07 0.866026521 0.499998063
vn 6.93777224E-07 0.866026044 0.499998748
vn -6.93774098E-07 0.86602658 -0.499997944
vn -6.9377495E-07 0.866026223 -0.49999851
vn -1.38755388E-06 0 -1
vn -1.38755388E-06 0 -1
vn -1.38755388E-06 0 -1
vn -1.38755388E-06 0 -1
vn -6.93774098E-07 -0.86602658 -0.499997944
vn -6.9377495E-07 -0.866026223 -0.49999851
vn 6.93776201E-07 -0.866026521 0.499998063
vn 6.93777224E-07 -0.866026044 0.499998748
vn 1.38755763E-06 0 1
vn 1.38755775E-06 0 1
vn -1 0 2.96111421E-06
vn -1 0 2.96111398E-06
vn -1 0 2.96111398E-06
vn -1 0 2.96111398E-06
vn -1 0 2.96111398E-06
vn -1 0 2.96111398E-06
vn -2.06814093E-06 0 -1
vn -1.0340699E-06 0.866025627 -0.499999762
vn -2.06814116E-06 0 -1
vn -1.03406683E-06 0.866026402 -0.499998182
vn -6.89378112E-07 0.866026759 0.499997735
vn -6.89381864E-07 0.866025269 0.500000417
vn -1.37876259E-06 0 1
vn -1.37876259E-06 0 1
vn -1.37876259E-06 0 1
vn -6.89378112E-07 -0.866026759 0.499997735
vn -1.37876259E-06 0 1
vn -6.89381864E-07 -0.866025269 0.500000417
vn -1.0340699E-06 -0.866025627 -0.499999762
vn -1.03406683E-06 -0.866026402 -0.499998182
vn -2.06814116E-06 0 -1
vn -2.06814093E-06 0 -1
vn -1 0 4.40446183E-06
vn -1 0 4.40446183E-06
vn -1 0 4.40446183E-06
vn -1 0 4.40446183E-06
vn -1 0 4.40446183E-06
vn -1 0 4.40446183E-06
vn -1.12469559E-06 0.809019446 0.587781787
vn 6.4009032E-07 -0.309019715 0.951055586
vn -0.103382222 -0.388121784 0.915791214
vn 0.251589388 0.675356269 0.693250835
vn -2.67925316E-06 0.809015334 -0.587787449
vn -0.386250079 -0.1027475 0.916653633
vn 0.251399845 0.675255954 -0.693417311
vn -1.2086183E-06 -0.309014022 -0.951057553
vn 0.677282989 0.251687974 0.691332698
vn -0.369427979 -0.288453519 0.883355796
vn -0.103236146 -0.388121068 -0.915808082
vn -0 -1 0
vn 0.902517498 -0.180509657 0.390996665
vn -0.35917595 -0.886619747 0.291372687
vn 0.673462272 0.25118646 -0.695236623
vn -0.43239814 -0.901682734 0.000241029586
vn 6.4009032E-07 -0.309019715 0.951055586
vn -0.103382222 -0.388121784 0.915791214
vn 0.905234694 -0.3862665 0.177054703
vn -0.290981084 -0.956728816 -1.15237208E-06
vn 0.819986999 -0.572382092 3.33813136E-06
vn 0.766164064 0.222875342 -0.6027596
vn -0.389840305 -0.103786454 -0.915015221
vn -0.90171504 -0.432322413 0.00272313063
vn -0.386250079 -0.1027475 0.916653633
vn 0.761630356 0.609445155 -0.220217928
vn 0.797754884 0.602981806 2.45804335E-06
vn -0.293646693 0.402292699 -0.867140234
vn -0.990044773 -0.00480668992 -0.140670583
vn -0.369427979 -0.288453519 0.883355796
vn -0.29883799 0.864456594 -0.404240876
vn -0.326945126 0.945043325 -5.1005037E-07
vn -0.990936935 0.134245649 0.00470317621
vn -0.35917595 -0.886619747 0.291372687
vn -0.999821246 -0.0189083163 -3.02027934E-06
vn -0.290981084 -0.956728816 -1.15237208E-06
vn -2.93172434E-06 0.809020162 -0.587780833
vn -0.10338182 -0.388120294 -0.915791869
vn -1.75406751E-06 -0.309016675 -0.95105654
vn 0.251589149 0.675357103 -0.69325
vn -8.71520967E-07 0.809012771 0.587791026
vn -0.386250556 -0.102747418 -0.916653395
vn 0.251400441 0.675252914 0.693420112
vn 1.18735738E-06 -0.309018105 0.951056123
vn 0.677286685 0.251686871 -0.691329539
vn -0.369423956 -0.288455576 -0.88335681
vn -0.103236109 -0.388122261 0.915807486
vn -0 -1 6.09740709E-07
vn 0.902518392 -0.180509835 -0.390994459
vn -0.359179199 -0.886618674 -0.291371763
vn 0.673464775 0.251187474 0.695233703
vn -0.432395726 -0.901683927 -0.000243757153
vn -1.75406751E-06 -0.309016675 -0.95105654
vn -0.10338182 -0.388120294 -0.915791869
vn 0.905235589 -0.386263609 -0.177056223
vn -0.29098168 -0.956728637 1.75701553E-06
vn 0.819988787 -0.572379649 -7.38129847E-06
vn 0.76616466 0.22287412 0.602759421
vn -0.389839262 -0.103786848 0.915015638
vn -0.901714444 -0.432323605 -0.00272220001
vn -0.386250556 -0.102747418 -0.916653395
vn 0.761630893 0.609444082 0.220218688
vn 0.797752678 0.602984726 -6.86431031E-06
vn -0.293648124 0.402292281 0.867139995
vn -0.990044653 -0.00480754999 0.140671209
vn -0.369423956 -0.288455576 -0.88335681
vn -0.298838168 0.864456832 0.404240072
vn -0.326948225 0.945042253 1.82644135E-06
vn -0.990937412 0.134242162 -0.00470086327
vn -0.359179199 -0.886618674 -0.291371763
vn -0.999821246 -0.0189087167 6.52268545E-06
vn -0.29098168 -0.956728637 1.75701553E-06
vn -0 -1 0
vn -0 -1 0
vn -0 -1 0
vn -0 -1 0
vn -0 1 0
vn -0 1 0
vn -0 1 0
vn -0 1 0
vn -0.978461206 -0.206430659 6.63069272E-07
vn -0.99642688 -0.0844592303 6.35118454E-07
vn -0.978461206 -0.206430659 6.63069272E-07
vn -0.99642688 -0.0844591036 6.35118511E-07
vn -1 0 6.10351776E-07
vn -1 0 6.10351776E-07
vn 1.16076762E-06 -0.480992675 0.876724601
vn 8.96506037E-07 -0.232892767 0.972502351
vn 1.16076774E-06 -0.480992764 0.876724601
vn 8.96506094E-07 -0.232892692 0.97250247
vn 6.10350753E-07 0 1
vn 6.10350753E-07 0 1
vn 0.978461504 -0.206429094 -9.95176947E-07
vn 0.996427 -0.0844583511 -1.13482679E-06
vn 0.978461504 -0.206429094 -9.95176947E-07
vn 0.996427 -0.084458448 -1.13482668E-06
vn 1 0 -1.22070298E-06
vn 1 0 -1.2207031E-06
vn -1.1607666E-06 -0.48099494 -0.876723409
vn -1.39821509E-06 -0.232893869 -0.972502112
vn -1.16076671E-06 -0.480994999 -0.876723409
vn -1.39821509E-06 -0.232893988 -0.972502112
vn -1.52587893E-06 2.10897127E-07 -1
vn -1.52587893E-06 2.10897127E-07 -1
vn 0.335077345 0.483037412 0.808948696
vn 0.808947921 0.483038247 0.335077882
vn 0.808948338 0.483038306 0.335077256
vn 0.335077107 0.483037412 0.808948874
vn -0.335078031 0.483036637 0.808948874
vn -0.335077256 0.483036608 0.808949232
vn 0.808948338 0.483038306 0.335077256
vn 0.808947921 0.483038247 0.335077882
vn 0.808947563 0.483038723 -0.335078388
vn 0.808947623 0.483038753 -0.335078239
vn 0.335076541 0.4830378 -0.808948874
vn 0.335076839 0.4830378 -0.808948636
vn 0.335076839 0.4830378 -0.808948636
vn 0.335076541 0.4830378 -0.808948874
vn -0.335075319 0.483038962 -0.808948636
vn -0.335077345 0.483038962 -0.808947802
vn -0.808947921 0.483039647 -0.335075796
vn -0.8089481 0.483039647 -0.335075647
vn -0.8089481 0.483039647 -0.335075647
vn -0.808947921 0.483039647 -0.335075796
vn -0.808948219 0.483037114 0.335079014
vn -0.8089481 0.483037114 0.335079342
vn -0.335077256 0.483036608 0.808949232
vn -0.335078031 0.483036637 0.808948874
vn -0 1 0
vn -0 1 0
vn -0 1 0
vn -0 1 0
vn -0 1 0
vn -0 1 0
vn -0 1 0
vn -0 1 0
vn 0.335078239 0.483038753 0.808947623
vn 0.808949411 0.48303768 0.33507517
vn 0.808949172 0.483037651 0.335075825
vn 0.335078388 0.483038723 0.808947563
vn -0.335077614 0.483038247 0.8089481
vn -0.335077554 0.483038247 0.8089481
vn 0.808949172 0.483037651 0.335075825
vn 0.808949411 0.48303768 0.33507517
vn 0.808949232 0.483036369 -0.335077673
vn 0.808948934 0.483036339 -0.335078329
vn 0.335076958 0.483036816 -0.808949232
vn 0.335077763 0.483036816 -0.808948934
vn 0.335077763 0.483036816 -0.808948934
vn 0.335076958 0.483036816 -0.808949232
vn -0.335079461 0.48303774 -0.808947623
vn -0.335079134 0.4830378 -0.808947802
vn -0.808948934 0.483038574 -0.335075289
vn -0.808949411 0.483038604 -0.335074037
vn -0.808949411 0.483038604 -0.335074037
vn -0.808948934 0.483038574 -0.335075289
vn -0.808948159 0.483037919 0.335078061
vn -0.808947623 0.483037919 0.335079163
vn -0.335077554 0.483038247 0.8089481
vn -0.335077614 0.483038247 0.8089481
vn -0 1 0
vn -0 1 0
vn -0 1 0
vn -0 1 0
vn -0 1 0
vn -0 1 0
vn -0 1 0
vn -0 1 0
vn -6.84194106E-07 -0.707107008 -0.707106531
vn 7.99024235E-07 -0.707106471 0.707107008
vn 7.9902378E-07 -0.707107008 0.707106531
vn -6.84194447E-07 -0.70710659 -0.707106948
vn -6.84194163E-07 0.707106948 -0.70710659
vn -6.84194504E-07 0.707106531 -0.707107008
vn -6.84194163E-07 0.707106948 -0.70710659
vn -6.84194504E-07 0.707106531 -0.707107008
vn 7.9902378E-07 0.707107008 0.707106531
vn 7.99024292E-07 0.707106471 0.707107067
vn 7.99024235E-07 -0.707106471 0.707107008
vn 7.9902378E-07 -0.707107008 0.707106531
vn -0.0327717103 -0.717465162 -0.695823014
vn 0.0421112366 -0.693567455 0.719159722
vn 0.0405724347 -0.719909787 0.69288069
vn -0.0337682553 -0.696273088 -0.716982126
vn -0.0327717103 0.717465162 -0.695823014
vn -0.0337682553 0.696273088 -0.716982126
vn -0.0327717103 0.717465162 -0.695823014
vn -0.0337682553 0.696273088 -0.716982126
vn 0.0405724347 0.719909787 0.69288069
vn 0.0421112366 0.693567455 0.719159722
vn 0.0421112366 -0.693567455 0.719159722
vn 0.0405724347 -0.719909787 0.69288069
vn -0.0327704065 -0.717464805 0.695823491
vn -0.0337669402 -0.696271956 0.716983318
vn 0.040570952 -0.71991092 -0.692879677
vn 0.042109739 -0.693567991 -0.719159424
vn 0.040570952 0.71991092 -0.692879677
vn 0.042109739 0.693567991 -0.719159424
vn -0.0327704065 0.717464805 0.695823491
vn 0.042109739 0.693567991 -0.719159424
vn 0.040570952 0.71991092 -0.692879677
vn -0.0337669402 0.696271956 0.716983318
vn -0.0337669402 -0.696271956 0.716983318
vn -0.0327704065 -0.717464805 0.695823491
vn -0 -1 0
vn -0 -1 0
vn -0 -1 0
vn -0 -1 0
vn -0 1 0
vn -0 1 0
vn -0 1 0
vn -0 1 0
vn -1 0 0
vn -1 0 0
vn -1 0 0
vn -1 0 0
vn 9.539541E-07 0 1
vn 9.539541E-07 0 1
vn 9.539541E-07 0 1
vn 9.539541E-07 0 1
vn 1 0 -1.59948456E-06
vn 1 0 -1.59948456E-06
vn 1 0 -1.59948456E-06
vn 1 0 -1.59948456E-06
vn -0 0 -1
vn -0 0 -1
vn -0 0 -1
vn -0 0 -1
vn -0 -1 0
vn -0 -1 0
vn -0 -1 0
vn -0 -1 0
vn -0 1 0
vn -0 1 0
vn -0 1 0
vn -0 1 0
vn -1 0 0
vn -1 0 0
vn -1 0 0
vn -1 0 0
vn 4.23981078E-07 0 1
vn 4.23981078E-07 0 1
vn 4.23981078E-07 0 1
vn 4.23981078E-07 0 1
vn 1 0 -1.59644367E-06
vn 1 0 -1.59644367E-06
vn 1 0 -1.59644367E-06
vn 1 0 -1.59644367E-06
vn -9.53959102E-07 0 -1
vn -9.53959102E-07 0 -1
vn -9.53959102E-07 0 -1
vn -9.53959102E-07 0 -1
vn 0.707107723 0 0.707105756
vn 0.707107782 0 0.707105696
vn 0.353553712 0.866025627 0.353552699
vn 0.353553087 0.866026044 0.353552043
vn -0.353553146 0.866026044 -0.353552103
vn -0.353553087 0.866026044 -0.353552043
vn -0.707107842 0 -0.707105696
vn -0.707107842 0 -0.707105696
vn -0.707107842 0 -0.707105696
vn -0.707107842 0 -0.707105696
vn -0.353553146 -0.866026044 -0.353552103
vn -0.353553087 -0.866026044 -0.353552043
vn 0.353553712 -0.866025627 0.353552699
vn 0.353553087 -0.866026044 0.353552043
vn 0.707107782 0 0.707105696
vn 0.707107723 0 0.707105756
vn -0.707107127 0 0.707106352
vn -0.707107186 0 0.707106352
vn -0.707107186 0 0.707106352
vn -0.707107186 0 0.707106352
vn -0.707107186 0 0.707106352
vn -0.707107186 0 0.707106352
vn -0.707107067 0 -0.707106411
vn -0.353552639 0.866026163 -0.353552282
vn -0.707107127 0 -0.707106352
vn -0.353552252 0.866026521 -0.353551984
vn 0.35355109 0.866026878 0.353552133
vn 0.353552788 0.866025507 0.353553861
vn 0.707105696 0 0.707107842
vn 0.707105756 0 0.707107723
vn 0.707105756 0 0.707107723
vn 0.35355109 -0.866026878 0.353552133
vn 0.707105696 0 0.707107842
vn 0.353552788 -0.866025507 0.353553861
vn -0.353552639 -0.866026163 -0.353552282
vn -0.353552252 -0.866026521 -0.353551984
vn -0.707107127 0 -0.707106352
vn -0.707107067 0 -0.707106411
vn -0.707105279 0 0.707108259
vn -0.707105279 0 0.707108259
vn -0.707105279 0 0.707108259
vn -0.707105279 0 0.707108259
vn -0.707105279 0 0.707108259
vn -0.707105279 0 0.707108259
vn 0.415623665 0.809019446 0.415625304
vn 0.672498107 -0.309020549 0.672497272
vn 0.574459672 -0.388122082 0.720664501
vn 0.668100238 0.675359368 0.312300622
vn -0.41563037 0.809015393 -0.415626615
vn 0.375050217 -0.102748282 0.921292603
vn -0.312554985 0.675256073 -0.668085814
vn -0.672499299 -0.309016496 -0.672497928
vn 0.967756689 0.251690835 0.00993117597
vn 0.363404542 -0.288453311 0.885850847
vn -0.720574379 -0.388120204 -0.574573874
vn 3.98677201E-07 -1 4.22128835E-07
vn 0.914651871 -0.180510357 -0.36170131
vn -0.0479383729 -0.886621416 0.460004777
vn -0.0153984083 0.251187295 -0.967815995
vn -0.305581689 -0.901683211 0.305920124
vn 0.672498107 -0.309020549 0.672497272
vn 0.574459672 -0.388122082 0.720664501
vn 0.765294194 -0.386267215 -0.514900386
vn -0.205756158 -0.95672828 0.205755845
vn 0.5798226 -0.57238394 -0.579812288
vn 0.115543984 0.222873762 -0.967975676
vn -0.922672689 -0.103784896 -0.371354043
vn -0.635683775 -0.432322353 0.639533877
vn 0.375050217 -0.102748282 0.921292603
vn 0.382836312 0.609443665 -0.694272876
vn 0.564101934 0.602980554 -0.564095318
vn -0.820801795 0.402290344 -0.405520499
vn -0.799534798 -0.00480941916 0.600600481
vn 0.363404542 -0.288453311 0.885850847
vn -0.497154236 0.864455402 -0.0745286644
vn -0.231187314 0.945042253 0.231187612
vn -0.697372198 0.134240955 0.704025149
vn -0.0479383729 -0.886621416 0.460004777
vn -0.706982732 -0.0189115368 0.706977904
vn -0.205756158 -0.95672828 0.205755845
vn -0.415625632 0.80902034 -0.415621668
vn -0.720665336 -0.388120294 -0.574459851
vn -0.672499418 -0.309018046 -0.672497153
vn -0.312301219 0.675356686 -0.668102741
vn 0.41563189 0.809011579 0.415632546
vn -0.92129159 -0.102748111 -0.37505272
vn 0.668090165 0.675252438 0.312553644
vn 0.672499716 -0.309017688 0.672497034
vn -0.00993002858 0.251687229 -0.967757702
vn -0.885850549 -0.288454473 -0.363404483
vn 0.574574947 -0.388122588 0.720572233
vn 2.01683338E-06 -1 1.80576933E-06
vn 0.361698002 -0.180511042 -0.914653182
vn -0.460007697 -0.886619508 0.0479441173
vn 0.967816353 0.251186281 0.0153938588
vn -0.305920362 -0.901685357 0.305575281
vn -0.672499418 -0.309018046 -0.672497153
vn -0.720665336 -0.388120294 -0.574459851
vn 0.514899433 -0.386266083 -0.765295386
vn -0.2057551 -0.956728399 0.205756366
vn 0.579812765 -0.572381973 -0.57982409
vn 0.967975378 0.222874075 -0.115545452
vn 0.371356189 -0.103788443 0.922671378
vn -0.639532685 -0.432324469 0.635683477
vn -0.92129159 -0.102748111 -0.37505272
vn 0.694272459 0.609443247 -0.382837683
vn 0.56409359 0.602981567 -0.56410265
vn 0.405520231 0.402292699 0.820800781
vn -0.600598037 -0.00480676303 0.799536705
vn -0.885850549 -0.288454473 -0.363404483
vn 0.0745301694 0.86445719 0.497150838
vn -0.231184915 0.945043206 0.231185943
vn -0.704023242 0.134244353 0.69737345
vn -0.460007697 -0.886619508 0.0479441173
vn -0.706976891 -0.0189065225 0.706983864
vn -0.2057551 -0.956728399 0.205756366
vn -0 -1 0
vn -0 -1 0
vn -0 -1 0
vn -0 -1 0
vn -0 1 0
vn -0 1 0
vn -0 1 0
vn -0 1 0
vn -0.691875756 -0.206428781 0.691877902
vn -0.704579115 -0.0844583735 0.704581439
vn -0.691875756 -0.206428766 0.691877902
vn -0.704579115 -0.0844583139 0.704581439
vn -0.707105577 0 0.707107961
vn -0.707105577 0 0.707107961
vn 0.619938552 -0.480993211 0.619936883
vn 0.687663913 -0.232892752 0.687662125
vn 0.619938612 -0.480993181 0.619936883
vn 0.687663972 -0.232893199 0.687662065
vn 0.707107723 0 0.707105815
vn 0.707107723 0 0.707105815
vn 0.691875815 -0.206429914 -0.691877604
vn 0.704579055 -0.0844587088 -0.704581499
vn 0.691875756 -0.206429943 -0.691877544
vn 0.704579055 -0.0844587386 -0.704581499
vn 0.707105279 1.43409977E-07 -0.7071082
vn 0.707105279 1.43410006E-07 -0.7071082
vn -0.619938552 -0.480993956 -0.619936287
vn -0.687664032 -0.232893407 -0.687661827
vn -0.619938612 -0.480994046 -0.619936287
vn -0.687664032 -0.232893661 -0.687661707
vn -0.707107782 1.47628E-07 -0.707105696
vn -0.707107782 1.47627986E-07 -0.707105696
vn 0.808948398 0.483038008 0.335077316
vn 0.808948338 0.483037382 -0.335078299
vn 0.80894798 0.483037382 -0.335079104
vn 0.808948398 0.483038008 0.335077196
vn 0.335076839 0.483038217 0.808948457
vn 0.335077375 0.483038187 0.808948219
vn 0.80894798 0.483037382 -0.335079104
vn 0.808948338 0.483037382 -0.335078299
vn 0.335076272 0.483036429 -0.808949709
vn 0.3350766 0.483036488 -0.808949649
vn -0.335077941 0.483038008 -0.8089481
vn -0.335079432 0.483038038 -0.808947563
vn -0.335079432 0.483038038 -0.808947563
vn -0.335077941 0.483038008 -0.8089481
vn -0.808948636 0.483038813 -0.335075438
vn -0.808948159 0.483038813 -0.3350766
vn -0.808947623 0.483038008 0.335079312
vn -0.80894798 0.483037889 0.335078388
vn -0.80894798 0.483037889 0.335078388
vn -0.808947623 0.483038008 0.335079312
vn -0.33507669 0.483037382 0.808948994
vn -0.335075736 0.483037412 0.808949351
vn 0.335077375 0.483038187 0.808948219
vn 0.335076839 0.483038217 0.808948457
vn -0 1 0
vn -0 1 0
vn -0 1 0
vn -0 1 0
vn -0 1 0
vn -0 1 0
vn -0 1 0
vn -0 1 0
vn 0.808948815 0.483037591 0.335076869
vn 0.808947325 0.483038604 -0.335079134
vn 0.808947384 0.483038604 -0.335078806
vn 0.808949113 0.483037502 0.335076213
vn 0.335078776 0.483036488 0.808948696
vn 0.335077465 0.483036488 0.808949232
vn 0.808947384 0.483038604 -0.335078806
vn 0.808947325 0.483038604 -0.335079134
vn 0.335074902 0.483038217 -0.808949232
vn 0.335076153 0.483038217 -0.808948696
vn -0.335079253 0.483037889 -0.808947623
vn -0.335077941 0.483037919 -0.808948159
vn -0.335077941 0.483037919 -0.808948159
vn -0.335079253 0.483037889 -0.808947623
vn -0.808948934 0.483038187 -0.335075825
vn -0.808948934 0.483038187 -0.335075736
vn -0.808948457 0.483036786 0.335078835
vn -0.808948338 0.483036816 0.335079253
vn -0.808948338 0.483036816 0.335079253
vn -0.808948457 0.483036786 0.335078835
vn -0.335077763 0.483035177 0.808949888
vn -0.335077167 0.483035177 0.808950126
vn 0.335077465 0.483036488 0.808949232
vn 0.335078776 0.483036488 0.808948696
vn -0 1 0
vn -0 1 0
vn -0 1 0
vn -0 1 0
vn -0 1 0
vn -0 1 0
vn -0 1 0
vn -0 1 0
vn -0.500000596 -0.707106888 -0.499999195
vn 0.500000954 -0.707106531 0.499999404
vn 0.500000715 -0.707106769 0.499999195
vn -0.500000715 -0.70710665 -0.499999255
vn -0.500000596 0.707106888 -0.499999195
vn -0.500000715 0.70710665 -0.499999255
vn -0.500000596 0.707106888 -0.499999195
vn -0.500000715 0.70710665 -0.499999255
vn 0.500000715 0.707106769 0.499999195
vn 0.500000954 0.707106531 0.499999404
vn 0.500000954 -0.707106531 0.499999404
vn 0.500000715 -0.707106769 0.499999195
vn -0.515194416 -0.717465222 -0.468847752
vn 0.538300276 -0.693567395 0.478745371
vn 0.518629909 -0.719909847 0.461251289
vn -0.53086096 -0.696273088 -0.483104914
vn -0.515194416 0.717465222 -0.468847752
vn -0.53086096 0.696273088 -0.483104914
vn -0.515194416 0.717465222 -0.468847752
vn -0.53086096 0.696273088 -0.483104914
vn 0.518629909 0.719909847 0.461251289
vn 0.538300276 0.693567395 0.478745371
vn 0.538300276 -0.693567395 0.478745371
vn 0.518629909 -0.719909847 0.461251289
vn 0.468849689 -0.717464626 0.515193582
vn 0.48310712 -0.696272016 0.530860484
vn -0.461252153 -0.71991086 -0.518627763
vn -0.478746563 -0.69356811 -0.538298249
vn -0.461252153 0.71991086 -0.518627763
vn -0.478746563 0.69356811 -0.538298249
vn 0.468849689 0.717464626 0.515193582
vn -0.478746563 0.69356811 -0.538298249
vn -0.461252153 0.71991086 -0.518627763
vn 0.48310712 0.696272016 0.530860484
vn 0.48310712 -0.696272016 0.530860484
vn 0.468849689 -0.717464626 0.515193582
vn -0 -1 0
vn -0 -1 0
vn -0 -1 0
vn -0 -1 0
vn -0 1 0
vn -0 1 0
vn -0 1 0
vn -0 1 0
vn -0.707107186 0 0.707106352
vn -0.707107186 0 0.707106352
vn -0.707107186 0 0.707106352
vn -0.707107186 0 0.707106352
vn 0.707108438 0 0.707105041
vn 0.707108438 0 0.707105041
vn 0.707108438 0 0.707105041
vn 0.707108438 0 0.707105041
vn 0.707106769 0 -0.707106769
vn 0.707106769 0 -0.707106769
vn 0.707106769 0 -0.707106769
vn 0.707106769 0 -0.707106769
vn -0.707107186 0 -0.707106352
vn -0.707107186 0 -0.707106352
vn -0.707107186 0 -0.707106352
vn -0.707107186 0 -0.707106352
vn -0 -1 0
vn -0 -1 0
vn -0 -1 0
vn -0 -1 0
vn -0 1 0
vn -0 1 0
vn -0 1 0
vn -0 1 0
vn -0.707104445 0 0.707109094
vn -0.707104445 0 0.707109094
vn -0.707104445 0 0.707109094
vn -0.707104445 0 0.707109094
vn 0.707106352 0 0.707107186
vn 0.707106352 0 0.707107186
vn 0.707106352 0 0.707107186
vn 0.707106352 0 0.707107186
vn 0.707106352 0 -0.707107186
vn 0.707106352 0 -0.707107186
vn 0.707106352 0 -0.707107186
vn 0.707106352 0 -0.707107186
vn -0.707106769 0 -0.707106769
vn -0.707106769 0 -0.707106769
vn -0.707106769 0 -0.707106769
vn -0.707106769 0 -0.707106769
vn -0.147562876 0 -0.989052713
vn 0.1475624 0 -0.989052713
vn 0.1475624 0 -0.989052713
vn -0.147562876 0 -0.989052713
vn -0.382683545 0 -0.923879504
vn -0.382683545 0 -0.923879504
vn -0.595023274 0 -0.803708434
vn -0.595023274 0 -0.803708434
vn 0.00256045884 0.999996424 -0.000776676752
vn -0.00256046141 0.999996424 -0.000776671222
vn -0.00240623043 0.999996901 -0.000729888037
vn 0.00240622647 0.999996901 -0.000729892636
vn 0.000194141772 0.999999881 0.000468683516
vn 0.000194130072 0.999999881 0.000468688289
vn -0.00235971063 0.999996424 0.00126132939
vn -0.00221756799 0.999996901 0.00118535024
vn 0.147570238 0 0.989051521
vn -0.147570282 0 0.989051521
vn -0.147570282 0 0.989051521
vn 0.147570238 0 0.989051521
vn 0.382683635 0 0.923879445
vn 0.382683635 0 0.923879445
vn 0.595017195 0 0.803712904
vn 0.595017195 0 0.803712904
vn 0.00240622647 -0.999996901 -0.000729892636
vn -0.00240622996 -0.999996901 -0.000729888037
vn -0.00256046094 -0.999996424 -0.000776671222
vn 0.00256045884 -0.999996424 -0.000776676752
vn 0.000194130072 -0.999999881 0.000468688289
vn 0.000194141772 -0.999999881 0.000468683516
vn -0.00221756799 -0.999996901 0.00118535024
vn -0.00235971063 -0.999996424 0.00126132939
vn 0.1475624 0 -0.989052713
vn 0.382683277 0 -0.923879504
vn 0.1475624 0 -0.989052713
vn 0.382683277 0 -0.923879504
vn 0.595023513 0 -0.803708315
vn 0.595023513 0 -0.803708315
vn 0.803708494 0 -0.595023096
vn 0.803708494 0 -0.595023096
vn -0.00256046141 0.999996424 -0.000776671222
vn -0.000194129883 0.999999881 0.000468689104
vn -0.00240623043 0.999996901 -0.000729888037
vn -0.000194143504 0.999999881 0.0004686834
vn 0.0023597125 0.999996424 0.00126132404
vn 0.00221757288 0.999996901 0.00118534698
vn -0.00118535117 0.999996901 -0.00221756939
vn -0.0012613287 0.999996424 -0.002359709
vn -0.147570282 0 0.989051521
vn -0.382683158 0 0.923879623
vn -0.147570282 0 0.989051521
vn -0.382683158 0 0.923879623
vn -0.595017076 0 0.803712964
vn -0.595017076 0 0.803712964
vn -0.803713143 0 0.595017016
vn -0.803713143 0 0.595017016
vn -0.00240622996 -0.999996901 -0.000729888037
vn -0.000194143038 -0.999999881 0.0004686834
vn -0.00256046094 -0.999996424 -0.000776671222
vn -0.00019412933 -0.999999881 0.000468689104
vn 0.00221757288 -0.999996901 0.00118534698
vn 0.0023597125 -0.999996424 0.00126132404
vn -0.0012613287 -0.999996424 -0.002359709
vn -0.00118535117 -0.999996901 -0.00221756939
vn 0.803708494 0 -0.595023096
vn 0.923879623 0 -0.382683277
vn 0.803708494 0 -0.595023096
vn 0.923879623 0 -0.382683277
vn 0.989052713 0 -0.147562638
vn 0.989052713 0 -0.147562638
vn 0.989052713 0 0.147562653
vn 0.989052713 0 0.147562653
vn -0.0012613287 0.999996424 -0.002359709
vn -0.000468684739 0.999999881 0.000194142296
vn -0.00118535117 0.999996901 -0.00221756939
vn -0.000468688435 0.999999881 0.000194133259
vn 0.000776675821 0.999996424 0.00256046024
vn 0.000729891995 0.999996901 0.0024062281
vn 0.000729887863 0.999996901 -0.0024062295
vn 0.00077667099 0.999996424 -0.00256046024
vn -0.803713143 0 0.595017016
vn -0.923879504 0 0.382683307
vn -0.803713143 0 0.595017016
vn -0.923879504 0 0.382683307
vn -0.989051521 0 0.147570044
vn -0.989051521 0 0.147570044
vn -0.989051521 0 -0.147570282
vn -0.989051521 0 -0.147570282
vn -0.00118535117 -0.999996901 -0.00221756939
vn -0.000468688435 -0.999999881 0.000194133259
vn -0.0012613287 -0.999996424 -0.002359709
vn -0.000468684739 -0.999999881 0.000194142296
vn 0.000729891995 -0.999996901 0.0024062281
vn 0.000776675821 -0.999996424 0.00256046024
vn 0.00077667099 -0.999996424 -0.00256046024
vn 0.000729887863 -0.999996901 -0.0024062295
vn 0.989052713 0 0.147562653
vn 0.923879445 0 0.382683605
vn 0.989052713 0 0.147562653
vn 0.923879445 0 0.382683605
vn 0.803708315 0 0.595023513
vn 0.803708315 0 0.595023513
vn 0.595023513 0 0.803708315
vn 0.595023513 0 0.803708315
vn 0.00077667099 0.999996424 -0.00256046024
vn -0.000468688319 0.999999881 -0.000194129709
vn 0.000729887863 0.999996901 -0.0024062295
vn -0.000468683225 0.999999881 -0.000194142034
vn -0.00126132451 0.999996424 0.00235971482
vn -0.00118534535 0.999996901 0.00221757102
vn 0.00221757148 0.999996901 -0.00118534791
vn 0.0023597118 0.999996424 -0.00126132544
vn -0.989051521 0 -0.147570282
vn -0.923879504 0 -0.382683337
vn -0.989051521 0 -0.147570282
vn -0.923879504 0 -0.382683337
vn -0.803712904 0 -0.595017314
vn -0.803712904 0 -0.595017314
vn -0.595016837 0 -0.803713322
vn -0.595016837 0 -0.803713322
vn 0.000729887863 -0.999996901 -0.0024062295
vn -0.000468683225 -0.999999881 -0.000194142034
vn 0.00077667099 -0.999996424 -0.00256046024
vn -0.000468688319 -0.999999881 -0.000194129709
vn -0.00118534535 -0.999996901 0.00221757102
vn -0.00126132451 -0.999996424 0.00235971482
vn 0.00235971226 -0.999996424 -0.00126132567
vn 0.00221757148 -0.999996901 -0.00118534814
vn 0.595023513 0 0.803708315
vn 0.382683188 0 0.923879623
vn 0.595023513 0 0.803708315
vn 0.382683188 0 0.923879623
vn 0.147562131 0 0.989052832
vn 0.147562131 0 0.989052832
vn -0.147562653 0 0.989052713
vn -0.147562653 0 0.989052713
vn 0.0023597118 0.999996424 -0.00126132544
vn -0.000194134569 0.999999881 -0.000468685786
vn 0.00221757148 0.999996901 -0.00118534791
vn -0.000194138294 0.999999881 -0.000468684098
vn -0.00256046117 0.999996424 0.000776674133
vn -0.0024062288 0.999996901 0.000729890249
vn 0.00240622996 0.999996901 0.000729891763
vn 0.00256046001 0.999996424 0.000776675006
vn -0.595016837 0 -0.803713322
vn -0.382683307 0 -0.923879504
vn -0.595016837 0 -0.803713322
vn -0.382683307 0 -0.923879504
vn -0.147570297 0 -0.989051521
vn -0.147570297 0 -0.989051521
vn 0.147570625 0 -0.989051521
vn 0.147570625 0 -0.989051521
vn 0.00221757148 -0.999996901 -0.00118534814
vn -0.00019413796 -0.999999881 -0.000468684477
vn 0.00235971226 -0.999996424 -0.00126132567
vn -0.000194134278 -0.999999881 -0.000468686048
vn -0.0024062288 -0.999996901 0.000729890191
vn -0.00256046141 -0.999996424 0.000776674133
vn 0.00256046001 -0.999996424 0.000776675006
vn 0.00240622996 -0.999996901 0.000729891763
vn -0.147562653 0 0.989052713
vn -0.382683784 0 0.923879445
vn -0.147562653 0 0.989052713
vn -0.382683784 0 0.923879445
vn -0.595023632 0 0.803708196
vn -0.595023632 0 0.803708196
vn -0.803708494 -3.54636711E-07 0.595023215
vn -0.803708494 -3.54636711E-07 0.595023215
vn 0.00256046001 0.999996424 0.000776675006
vn 0.000194137727 0.999999881 -0.000468685204
vn 0.00240622996 0.999996901 0.000729891763
vn 0.000194137174 0.999999881 -0.000468685466
vn -0.00235971063 0.999996424 -0.00126132718
vn -0.00221757079 0.999996901 -0.00118534954
vn 0.00118534826 0.999996901 0.00221757148
vn 0.00126132602 0.999996424 0.00235971226
vn 0.147570625 0 -0.989051521
vn 0.382683605 0 -0.923879445
vn 0.147570625 0 -0.989051521
vn 0.382683605 0 -0.923879445
vn 0.595017135 0 -0.803712964
vn 0.595017135 0 -0.803712964
vn 0.803712964 0 -0.595017135
vn 0.803712964 0 -0.595017135
vn 0.00240622996 -0.999996901 0.000729891763
vn 0.000194137174 -0.999999881 -0.000468685466
vn 0.00256046001 -0.999996424 0.000776675006
vn 0.000194137727 -0.999999881 -0.000468685204
vn -0.00221757079 -0.999996901 -0.00118534954
vn -0.00235971063 -0.999996424 -0.00126132718
vn 0.00126133102 -0.999996424 0.0023597097
vn 0.00118535338 -0.999996901 0.00221756962
vn -0.803708494 -3.54636711E-07 0.595023215
vn -0.923879623 -7.60457112E-07 0.382683098
vn -0.803708494 -3.54636711E-07 0.595023215
vn -0.923879623 -7.60457112E-07 0.382683247
vn -0.989052713 -4.11836083E-07 0.147562414
vn -0.989052713 -4.11836083E-07 0.147562414
vn -0.989052713 2.93623941E-07 -0.147562563
vn -0.989052713 2.93623941E-07 -0.147562563
vn 0.00126132602 0.999996424 0.00235971226
vn 0.000468687736 0.999999881 -0.000194133463
vn 0.00118534826 0.999996901 0.00221757148
vn 0.000468685263 0.999999881 -0.000194139313
vn -0.00077667326 0.999996424 -0.0025604621
vn -0.000729889201 0.999996901 -0.0024062288
vn -0.000729890191 0.999996901 0.00240623089
vn -0.00077667326 0.999996424 0.00256046117
vn 0.803712964 0 -0.595017135
vn 0.923879623 0 -0.382683158
vn 0.803712964 0 -0.595017135
vn 0.923879623 0 -0.382683158
vn 0.98905164 0 -0.147569805
vn 0.98905164 0 -0.147569805
vn 0.989051521 0 0.14757067
vn 0.989051521 0 0.14757067
vn 0.00118535338 -0.999996901 0.00221756962
vn 0.00046869152 -0.999999881 -0.000194127715
vn 0.00126133102 -0.999996424 0.0023597097
vn 0.000468684535 -0.999999881 -0.000194144624
vn -0.000729892985 -0.999996901 -0.00240622717
vn -0.000776677043 -0.999996424 -0.00256045978
vn -0.000776675472 -0.999996424 0.00256046001
vn -0.000729892054 -0.999996901 0.00240622927
vn -0.989052713 2.93623941E-07 -0.147562563
vn -0.923879445 6.0912231E-07 -0.382683545
vn -0.989052713 2.93623941E-07 -0.147562563
vn -0.923879445 6.09122367E-07 -0.382683605
vn -0.803708375 3.203169E-07 -0.595023394
vn -0.803708375 3.203169E-07 -0.595023394
vn -0.595023274 0 -0.803708434
vn -0.595023274 0 -0.803708434
vn -0.00077667326 0.999996424 0.00256046117
vn 0.000468691753 0.999999881 0.000194137363
vn -0.000729890191 0.999996901 0.00240623089
vn 0.000468689133 0.999999881 0.00019414362
vn 0.00126132672 0.999996424 -0.00235970179
vn 0.00118535641 0.999996901 -0.00221757567
vn -0.00221756799 0.999996901 0.00118535024
vn -0.00235971063 0.999996424 0.00126132939
vn 0.989051521 0 0.14757067
vn 0.923879623 0 0.382683277
vn 0.989051521 0 0.14757067
vn 0.923879623 0 0.382683277
vn 0.803713322 0 0.595016837
vn 0.803713322 0 0.595016837
vn 0.595017195 0 0.803712904
vn 0.595017195 0 0.803712904
vn -0.000729892054 -0.999996901 0.00240622927
vn 0.000468691083 -0.999999881 0.000194136912
vn -0.000776675472 -0.999996424 0.00256046001
vn 0.000468689512 -0.999999881 0.00019414071
vn 0.00118535792 -0.999996901 -0.00221757521
vn 0.00126132858 -0.999996424 -0.00235970179
vn -0.00235971063 -0.999996424 0.00126132939
vn -0.00221756799 -0.999996901 0.00118535024
vn -0 -1 0
vn -0 -1 0
vn -0 -1 0
vn -0 -1 0
vn -0 -1 0
vn -0 -1 0
vn 1 0 -1.74100009E-07
vn 1 0 -1.74100009E-07
vn 0.923879504 0 -0.382683456
vn 0.923879504 0 -0.382683456
vn 0.707106769 0 -0.707106769
vn 0.707106769 0 -0.707106769
vn 0.382683516 0 -0.923879504
vn 0.382683516 0 -0.923879504
vn -0 0 -1
vn -0 0 -1
vn -0 0 -1
vn -0 0 -1
vn -0.382683545 0 -0.923879504
vn -0.382683545 0 -0.923879504
vn -0.707106829 0 -0.707106769
vn -0.707106829 0 -0.707106769
vn -0.923879504 0 -0.382683545
vn -0.923879504 0 -0.382683545
vn -1 0 -1.45083348E-07
vn -1 0 -1.45083348E-07
vn -1 0 -1.45083348E-07
vn -1 0 -1.45083348E-07
vn -0.923879623 0 0.382683158
vn -0.923879623 0 0.382683158
vn -0.707106888 0 0.70710659
vn -0.707106888 0 0.70710659
vn -0.382683456 0 0.923879504
vn -0.382683456 0 0.923879504
vn -0 0 1
vn -0 0 1
vn -0 0 1
vn -0 0 1
vn 0.382683635 0 0.923879445
vn 0.382683635 0 0.923879445
vn 0.707107008 0 0.707106531
vn 0.707107008 0 0.707106531
vn 0.923879743 0 0.382683098
vn 0.923879743 0 0.382683098
vn 1 0 -1.74100009E-07
vn 1 0 -1.74100009E-07
vn -0 1 0
vn -0 1 0
vn -0 1 0
vn -0 1 0
vn -0 1 0
vn -0 1 0
vn -0 1 0
vn -0 1 0
vn -0 1 0
vn -0 1 0
vn -0 1 0
vn -0 1 0
vn -0 1 0
vn -0 1 0
vn -0 1 0
vn -0 1 0
vn -0 1 0
vn -0 1 0
vn -0 1 0
vn -0 1 0
vn -0 1 0
vn -0 1 0
vn -0 1 0
vn -0 1 0
vn -0 -1 0
vn -0 -1 0
vn -0 -1 0
vn -0 -1 0
vn -0 -1 0
vn -0 -1 0
vn -0 -1 0
vn -0 -1 0
vn -0 -1 0
vn -0 -1 0
vn -0 -1 0
vn -0 -1 0
vn -0 -1 0
vn -0 -1 0
vn -0 -1 0
vn -0 -1 0
vn -0 -1 0
vn -0 -1 0
vn 0.36599946 0.930615067 0
vn -0 1 0
vn -0 1 0
vn 0.338139296 0.930615187 -0.140061855
vn 0.62345624 0.781858265 0
vn 0.575998247 0.781858385 -0.238586232
vn 0.338139296 0.930615187 -0.140061855
vn -0 1 0
vn -0 1 0
vn 0.258800566 0.930615187 -0.258800566
vn 0.575998247 0.781858385 -0.238586232
vn 0.4408499 0.781858444 -0.4408499
vn 0.258800566 0.930615187 -0.258800566
vn -0 1 0
vn -0 1 0
vn 0.140061855 0.930615187 -0.338139266
vn 0.4408499 0.781858444 -0.4408499
vn 0.238586232 0.781858385 -0.575998247
vn 0.140061855 0.930615187 -0.338139266
vn -0 1 0
vn -0 1 0
vn -0 0.930615067 -0.365999371
vn 0.238586232 0.781858385 -0.575998247
vn -0 0.781858325 -0.62345618
vn -0 0.930615067 -0.365999371
vn -0 1 0
vn -0 1 0
vn -0.14006187 0.930615067 -0.338139266
vn -0 0.781858325 -0.62345618
vn -0.238586262 0.781858385 -0.575998247
vn -0.14006187 0.930615067 -0.338139266
vn -0 1 0
vn -0 1 0
vn -0.258800566 0.930615187 -0.258800566
vn -0.238586262 0.781858385 -0.575998247
vn -0.4408499 0.781858444 -0.4408499
vn -0.258800566 0.930615187 -0.258800566
vn -0 1 0
vn -0 1 0
vn -0.338139266 0.930615067 -0.1400619
vn -0.4408499 0.781858444 -0.4408499
vn -0.575998187 0.781858385 -0.238586277
vn -0.338139266 0.930615067 -0.1400619
vn -0 1 0
vn -0 1 0
vn -0.365999341 0.930615067 0
vn -0.575998187 0.781858385 -0.238586277
vn -0.623456061 0.781858325 -1.48281984E-07
vn -0.365999341 0.930615067 0
vn -0 1 0
vn -0 1 0
vn -0.338139296 0.930615187 0.140061706
vn -0.623456061 0.781858325 -1.48281984E-07
vn -0.575998247 0.781858444 0.238585994
vn -0.338139296 0.930615187 0.140061706
vn -0 1 0
vn -0 1 0
vn -0.258800477 0.930615187 0.258800417
vn -0.575998247 0.781858444 0.238585994
vn -0.440849841 0.781858623 0.440849751
vn -0.258800477 0.930615187 0.258800417
vn -0 1 0
vn -0 1 0
vn -0.140061855 0.930615187 0.338139087
vn -0.440849841 0.781858623 0.440849751
vn -0.238586158 0.781858623 0.575998068
vn -0.140061855 0.930615187 0.338139087
vn -0 1 0
vn -0 1 0
vn -0 0.930615306 0.365999013
vn -0.238586158 0.781858623 0.575998068
vn -0 0.781858861 0.623455524
vn -0 0.930615306 0.365999013
vn -0 1 0
vn -0 1 0
vn 0.140061766 0.930615366 0.338138759
vn -0 0.781858861 0.623455524
vn 0.238586083 0.781858981 0.575997651
vn 0.140061766 0.930615366 0.338138759
vn -0 1 0
vn -0 1 0
vn 0.258800566 0.930615187 0.258800358
vn 0.238586083 0.781858981 0.575997651
vn 0.44084993 0.781858683 0.440849513
vn 0.258800566 0.930615187 0.258800358
vn -0 1 0
vn -0 1 0
vn 0.338139415 0.930615067 0.140061706
vn 0.44084993 0.781858683 0.440849513
vn 0.575998545 0.781858325 0.238586053
vn 0.338139415 0.930615067 0.140061706
vn -0 1 0
vn -0 1 0
vn 0.36599946 0.930615067 0
vn 0.575998545 0.781858325 0.238586053
vn 0.62345624 0.781858265 0
vn 0.742890477 0.652497172 -0.149536103
vn 0.291453242 0.652498722 0.699500024
vn 0.0385545827 0.797177494 0.602512717
vn 0.521062315 0.79717803 -0.304961175
vn -0.291453242 0.652494073 -0.699504495
vn -0.521064043 0.797180831 0.304950833
vn -0.742890358 0.65249604 0.149542317
vn -0.0385541618 0.797177553 -0.602512717
vn 0.700712562 0.652493954 -0.288536906
vn -0.152809486 0.79717654 -0.584088087
vn -0.419566363 0.652495623 -0.631041586
vn 0.453302532 0.797176063 -0.398782194
vn 0.419565469 0.652498364 0.631039441
vn 0.152815521 0.79718101 0.584080458
vn -0.700706244 0.652500451 0.288537592
vn -0.45329839 0.797180057 0.398778766
vn 0.631041169 0.65249604 0.419566393
vn -0.288532376 0.65249753 0.700711191
vn -0.398780793 0.797176301 0.453303248
vn 0.584089935 0.797176003 0.152805328
vn 0.288535476 0.65249157 -0.700715363
vn -0.584084392 0.797178507 -0.152813062
vn -0.631046295 0.652493417 -0.419562787
vn 0.398779958 0.797175705 -0.453305095
vn 0.699504673 0.652494848 0.291451156
vn 0.304961085 0.79717654 -0.521064758
vn 0.149533853 0.652495682 -0.742892325
vn 0.602515996 0.797175288 0.0385479629
vn -0.149534836 0.652498186 0.742889881
vn -0.304949284 0.797181129 0.52106446
vn -0.699498653 0.652502239 -0.291448981
vn -0.602511406 0.797178745 -0.0385495983
vn 0.149535805 0.652495921 0.742891729
vn -0.699500442 0.652498066 0.291453749
vn -0.602514029 0.797176659 0.0385526791
vn 0.304959536 0.797177732 0.521063685
vn 0.699503362 0.652495623 -0.291452438
vn -0.304952383 0.797179878 -0.521064639
vn -0.149540409 0.652495921 -0.742890894
vn 0.602513492 0.797177136 -0.0385512523
vn 0.288539052 0.652491987 0.700713515
vn 0.584090173 0.797175109 -0.152809307
vn 0.631042182 0.652493596 -0.419568658
vn 0.39878422 0.79717499 0.453302443
vn -0.631040275 0.652498364 0.419564158
vn -0.584079206 0.797181666 0.152816534
vn -0.288535565 0.652499616 -0.700707793
vn -0.398778796 0.797179103 -0.453299999
vn -0.419564784 0.652496755 0.631041467
vn -0.700710535 0.652498424 -0.28853184
vn -0.453302592 0.797176659 -0.398780733
vn -0.152808055 0.79717809 0.58408618
vn 0.700711429 0.652495384 0.288536489
vn 0.152813703 0.797180057 -0.584082127
vn 0.419562191 0.652495265 -0.631044865
vn 0.453302503 0.797177911 0.398778528
vn -0.291453838 0.652492642 0.699505508
vn 0.521065295 0.797175884 0.304961622
vn 0.742893219 0.652494609 0.149534285
vn -0.0385502018 0.79717499 0.602516294
vn -0.742889941 0.652496815 -0.149540558
vn -0.521064103 0.797182143 -0.304947376
vn 0.291449398 0.65250206 -0.699498653
vn 0.0385525152 0.797179759 -0.602509797
vn -0.742893279 0.652495146 0.149531707
vn -0.291451097 0.652498543 -0.699501276
vn -0.0385531932 0.797177196 -0.602513254
vn -0.521064699 0.797175467 0.304963529
vn 0.291452616 0.652494371 0.699504435
vn 0.521063864 0.797180533 -0.304951757
vn 0.74289012 0.652496815 -0.149540126
vn 0.0385511369 0.797176123 0.602514625
vn -0.700713634 0.652492166 0.288538158
vn 0.152807355 0.797176063 0.58408916
vn 0.419566989 0.652494788 0.631042004
vn -0.45330289 0.797175586 0.398782551
vn -0.419562697 0.65249759 -0.631042123
vn -0.152817518 0.797182262 -0.584078133
vn 0.700708032 0.652500153 -0.288533866
vn 0.453300834 0.79717809 -0.39877972
vn -0.631040275 0.652495444 -0.419568688
vn 0.28853336 0.652498603 -0.700709641
vn 0.398782879 0.79717654 -0.453301102
vn -0.584089875 0.797175527 -0.152807549
vn -0.288538367 0.652492225 0.700713575
vn 0.584080994 0.797180295 0.152816758
vn 0.631045103 0.652494252 0.419563174
vn -0.398780465 0.79717654 0.453303218
vn -0.699504614 0.652493417 -0.291454345
vn -0.304962188 0.797176123 0.52106446
vn -0.149537921 0.652494371 0.742892683
vn -0.602515161 0.797175765 -0.0385524854
vn 0.149538875 0.652498007 -0.742889225
vn 0.304950446 0.797181427 -0.521063328
vn 0.699499726 0.652500033 0.291451186
vn 0.602510273 0.797179341 0.0385541916
vn -0.149536356 0.652495563 -0.742892027
vn 0.699500144 0.652499497 -0.291451603
vn 0.602512538 0.797177792 -0.0385513008
vn -0.304960817 0.797176719 -0.521064401
vn -0.69950372 0.652494252 0.291454524
vn 0.304951131 0.797180772 0.521064043
vn 0.149539813 0.652496219 0.742890596
vn -0.602514863 0.797175884 0.0385525674
vn -0.288536668 0.65249145 -0.700715065
vn -0.584089458 0.797176063 0.152806312
vn -0.631043375 0.652494967 0.419564784
vn -0.398780376 0.797175884 -0.453304321
vn 0.631042957 0.652497947 -0.41956085
vn 0.584077299 0.797182858 -0.152817249
vn 0.288533181 0.652501583 0.700707078
vn 0.398776203 0.797180176 0.453300446
vn 0.419568151 0.652496576 -0.631039441
vn 0.700711012 0.652496815 0.288534343
vn 0.453301758 0.797175884 0.398783147
vn 0.152806714 0.797175527 -0.584090114
vn -0.700713992 0.652492404 -0.288536936
vn -0.152814835 0.797178805 0.584083498
vn -0.419563413 0.652493834 0.63104552
vn -0.453303814 0.797176957 -0.398778886
vn 0.291452318 0.65249455 -0.699504495
vn -0.521064281 0.797176898 -0.304960549
vn -0.742891252 0.652496219 -0.149536431
vn 0.0385516584 0.797176957 -0.602513671
vn 0.742887795 0.652499497 0.1495395
vn 0.521062791 0.797182977 0.304947197
vn -0.291450709 0.652501464 0.699498594
vn -0.0385522023 0.797179759 0.602509916
g logistic-station-1_0
f 3/3/3 2/2/2 1/1/1
f 2/2/2 4/4/4 1/1/1
f 1/1/1 4/4/4 5/5/5
f 4/4/4 6/6/6 5/5/5
f 7/7/7 6/6/6 4/4/4
f 8/8/8 7/7/7 4/4/4
f 8/8/8 4/4/4 2/2/2
f 9/9/9 8/8/8 2/2/2
f 12/12/12 11/11/11 10/10/10
f 11/11/11 13/13/13 10/10/10
f 10/10/10 13/13/13 14/14/14
f 13/13/13 15/15/15 14/14/14
f 16/16/16 15/15/15 13/13/13
f 17/17/17 16/16/16 13/13/13
f 17/17/17 13/13/13 11/11/11
f 18/18/18 17/17/17 11/11/11
f 21/21/21 20/20/20 19/19/19
f 20/20/20 22/22/22 19/19/19
f 19/19/19 22/22/22 23/23/23
f 22/22/22 24/24/24 23/23/23
f 25/25/25 24/24/24 22/22/22
f 26/26/26 25/25/25 22/22/22
f 26/26/26 22/22/22 20/20/20
f 27/27/27 26/26/26 20/20/20
f 30/30/30 29/29/29 28/28/28
f 29/29/29 31/31/31 28/28/28
f 28/28/28 31/31/31 32/32/32
f 31/31/31 33/33/33 32/32/32
f 34/34/34 33/33/33 31/31/31
f 35/35/35 34/34/34 31/31/31
f 35/35/35 31/31/31 29/29/29
f 36/36/36 35/35/35 29/29/29
f 39/39/39 38/38/38 37/37/37
f 38/38/38 40/40/40 37/37/37
f 37/37/37 40/40/40 41/41/41
f 40/40/40 42/42/42 41/41/41
f 43/43/43 42/42/42 40/40/40
f 44/44/44 43/43/43 40/40/40
f 44/44/44 40/40/40 38/38/38
f 45/45/45 44/44/44 38/38/38
f 48/48/48 47/47/47 46/46/46
f 46/46/46 49/49/49 48/48/48
f 49/49/49 50/50/50 48/48/48
f 53/53/53 52/52/52 51/51/51
f 54/54/54 53/53/53 51/51/51
f 55/55/55 53/53/53 54/54/54
f 56/56/56 55/55/55 54/54/54
f 57/57/57 55/55/55 56/56/56
f 58/58/58 57/57/57 56/56/56
f 61/61/61 60/60/60 59/59/59
f 62/62/62 61/61/61 59/59/59
f 63/63/63 61/61/61 62/62/62
f 64/64/64 63/63/63 62/62/62
f 65/65/65 63/63/63 64/64/64
f 66/66/66 65/65/65 64/64/64
f 69/69/69 68/68/68 67/67/67
f 70/70/70 69/69/69 67/67/67
f 71/71/71 69/69/69 70/70/70
f 72/72/72 71/71/71 70/70/70
f 73/73/73 71/71/71 72/72/72
f 74/74/74 73/73/73 72/72/72
f 77/77/77 76/76/76 75/75/75
f 78/78/78 77/77/77 75/75/75
f 79/79/79 77/77/77 78/78/78
f 80/80/80 79/79/79 78/78/78
f 81/81/81 79/79/79 80/80/80
f 82/82/82 81/81/81 80/80/80
f 85/85/85 84/84/84 83/83/83
f 86/86/86 85/85/85 83/83/83
f 87/87/87 85/85/85 86/86/86
f 88/88/88 87/87/87 86/86/86
f 89/89/89 87/87/87 88/88/88
f 90/90/90 89/89/89 88/88/88
f 93/93/93 92/92/92 91/91/91
f 94/94/94 93/93/93 91/91/91
f 95/95/95 93/93/93 94/94/94
f 96/96/96 95/95/95 94/94/94
f 97/97/97 95/95/95 96/96/96
f 98/98/98 97/97/97 96/96/96
f 101/101/101 100/100/100 99/99/99
f 102/102/102 101/101/101 99/99/99
f 103/103/103 101/101/101 102/102/102
f 104/104/104 103/103/103 102/102/102
f 105/105/105 103/103/103 104/104/104
f 106/106/106 105/105/105 104/104/104
f 109/109/109 108/108/108 107/107/107
f 110/110/110 109/109/109 107/107/107
f 111/111/111 109/109/109 110/110/110
f 112/112/112 111/111/111 110/110/110
f 113/113/113 111/111/111 112/112/112
f 114/114/114 113/113/113 112/112/112
f 117/117/117 116/116/116 115/115/115
f 118/118/118 117/117/117 115/115/115
f 119/119/119 117/117/117 118/118/118
f 120/120/120 119/119/119 118/118/118
f 121/121/121 119/119/119 120/120/120
f 122/122/122 121/121/121 120/120/120
f 125/125/125 124/124/124 123/123/123
f 126/126/126 125/125/125 123/123/123
f 127/127/127 125/125/125 126/126/126
f 128/128/128 127/127/127 126/126/126
f 129/129/129 127/127/127 128/128/128
f 130/130/130 129/129/129 128/128/128
f 133/133/133 132/132/132 131/131/131
f 134/134/134 133/133/133 131/131/131
f 135/135/135 133/133/133 134/134/134
f 136/136/136 135/135/135 134/134/134
f 137/137/137 135/135/135 136/136/136
f 138/138/138 137/137/137 136/136/136
f 141/141/141 140/140/140 139/139/139
f 142/142/142 141/141/141 139/139/139
f 143/143/143 141/141/141 142/142/142
f 144/144/144 143/143/143 142/142/142
f 145/145/145 143/143/143 144/144/144
f 146/146/146 145/145/145 144/144/144
f 149/149/149 148/148/148 147/147/147
f 147/147/147 148/148/148 150/150/150
f 150/150/150 148/148/148 151/151/151
f 154/154/154 153/153/153 152/152/152
f 155/155/155 153/153/153 154/154/154
f 156/156/156 153/153/153 155/155/155
f 159/159/159 158/158/158 157/157/157
f 160/160/160 158/158/158 159/159/159
f 161/161/161 158/158/158 160/160/160
f 164/164/164 163/163/163 162/162/162
f 165/165/165 163/163/163 164/164/164
f 166/166/166 163/163/163 165/165/165
f 169/169/169 168/168/168 167/167/167
f 167/167/167 170/170/170 169/169/169
f 167/167/167 171/171/171 170/170/170
f 174/174/174 173/173/173 172/172/172
f 172/172/172 175/175/175 174/174/174
f 175/175/175 176/176/176 174/174/174
f 179/179/179 178/178/178 177/177/177
f 177/177/177 180/180/180 179/179/179
f 180/180/180 181/181/181 179/179/179
f 184/184/184 183/183/183 182/182/182
f 185/185/185 184/184/184 182/182/182
f 188/188/188 187/187/187 186/186/186
f 189/189/189 188/188/188 186/186/186
f 192/192/192 191/191/191 190/190/190
f 193/193/193 192/192/192 190/190/190
f 196/196/196 195/195/195 194/194/194
f 197/197/197 196/196/196 194/194/194
f 200/200/200 199/199/199 198/198/198
f 200/200/200 201/201/201 199/199/199
f 202/202/202 201/201/201 200/200/200
f 202/202/202 200/200/200 203/203/203
f 206/206/206 205/205/205 204/204/204
f 205/205/205 207/207/207 204/204/204
f 207/207/207 205/205/205 208/208/208
f 209/209/209 207/207/207 208/208/208
f 209/209/209 208/208/208 210/210/210
f 211/211/211 209/209/209 210/210/210
f 214/214/214 213/213/213 212/212/212
f 214/214/214 212/212/212 215/215/215
f 215/215/215 216/216/216 214/214/214
f 215/215/215 217/217/217 216/216/216
f 220/220/220 219/219/219 218/218/218
f 221/221/221 220/220/220 218/218/218
f 224/224/224 223/223/223 222/222/222
f 224/224/224 222/222/222 225/225/225
f 225/225/225 226/226/226 224/224/224
f 225/225/225 227/227/227 226/226/226
f 230/230/230 229/229/229 228/228/228
f 230/230/230 231/231/231 229/229/229
f 229/229/229 231/231/231 232/232/232
f 229/229/229 232/232/232 233/233/233
f 236/236/236 235/235/235 234/234/234
f 235/235/235 237/237/237 234/234/234
f 235/235/235 238/238/238 237/237/237
f 238/238/238 239/239/239 237/237/237
f 239/239/239 238/238/238 240/240/240
f 241/241/241 239/239/239 240/240/240
f 244/244/244 243/243/243 242/242/242
f 245/245/245 244/244/244 242/242/242
f 248/248/248 247/247/247 246/246/246
f 249/249/249 248/248/248 246/246/246
f 252/252/252 251/251/251 250/250/250
f 253/253/253 252/252/252 250/250/250
f 256/256/256 255/255/255 254/254/254
f 257/257/257 256/256/256 254/254/254
f 260/260/260 259/259/259 258/258/258
f 261/261/261 260/260/260 258/258/258
f 264/264/264 263/263/263 262/262/262
f 265/265/265 264/264/264 262/262/262
f 262/262/262 266/266/266 265/265/265
f 267/267/267 265/265/265 266/266/266
f 270/270/270 269/269/269 268/268/268
f 269/269/269 271/271/271 268/268/268
f 271/271/271 269/269/269 272/272/272
f 273/273/273 271/271/271 272/272/272
f 273/273/273 272/272/272 274/274/274
f 275/275/275 273/273/273 274/274/274
f 278/278/278 277/277/277 276/276/276
f 279/279/279 277/277/277 278/278/278
f 279/279/279 278/278/278 280/280/280
f 278/278/278 281/281/281 280/280/280
f 284/284/284 283/283/283 282/282/282
f 285/285/285 284/284/284 282/282/282
f 288/288/288 287/287/287 286/286/286
f 289/289/289 288/288/288 286/286/286
f 292/292/292 291/291/291 290/290/290
f 293/293/293 292/292/292 290/290/290
f 296/296/296 295/295/295 294/294/294
f 297/297/297 296/296/296 294/294/294
f 300/300/300 299/299/299 298/298/298
f 301/301/301 300/300/300 298/298/298
f 304/304/304 303/303/303 302/302/302
f 305/305/305 303/303/303 304/304/304
f 308/308/308 307/307/307 306/306/306
f 309/309/309 308/308/308 306/306/306
f 306/306/306 310/310/310 309/309/309
f 311/311/311 309/309/309 310/310/310
f 314/314/314 313/313/313 312/312/312
f 313/313/313 315/315/315 312/312/312
f 315/315/315 313/313/313 316/316/316
f 317/317/317 315/315/315 316/316/316
f 317/317/317 316/316/316 318/318/318
f 319/319/319 317/317/317 318/318/318
f 322/322/322 321/321/321 320/320/320
f 323/323/323 321/321/321 322/322/322
f 323/323/323 322/322/322 324/324/324
f 322/322/322 325/325/325 324/324/324
f 328/328/328 327/327/327 326/326/326
f 329/329/329 328/328/328 326/326/326
f 332/332/332 331/331/331 330/330/330
f 333/333/333 332/332/332 330/330/330
f 336/336/336 335/335/335 334/334/334
f 337/337/337 336/336/336 334/334/334
f 340/340/340 339/339/339 338/338/338
f 341/341/341 340/340/340 338/338/338
f 344/344/344 343/343/343 342/342/342
f 345/345/345 344/344/344 342/342/342
f 348/348/348 347/347/347 346/346/346
f 349/349/349 348/348/348 346/346/346
f 352/352/352 351/351/351 350/350/350
f 353/353/353 352/352/352 350/350/350
f 356/356/356 355/355/355 354/354/354
f 357/357/357 356/356/356 354/354/354
f 360/360/360 359/359/359 358/358/358
f 361/361/361 360/360/360 358/358/358
f 364/364/364 363/363/363 362/362/362
f 365/365/365 364/364/364 362/362/362
f 368/368/368 367/367/367 366/366/366
f 369/369/369 368/368/368 366/366/366
f 372/372/372 371/371/371 370/370/370
f 373/373/373 372/372/372 370/370/370
f 376/376/376 375/375/375 374/374/374
f 377/377/377 376/376/376 374/374/374
f 380/380/380 379/379/379 378/378/378
f 381/381/381 380/380/380 378/378/378
f 384/384/384 383/383/383 382/382/382
f 385/385/385 384/384/384 382/382/382
f 388/388/388 387/387/387 386/386/386
f 389/389/389 388/388/388 386/386/386
f 392/392/392 391/391/391 390/390/390
f 393/393/393 392/392/392 390/390/390
f 396/396/396 395/395/395 394/394/394
f 397/397/397 396/396/396 394/394/394
f 400/400/400 399/399/399 398/398/398
f 401/401/401 400/400/400 398/398/398
f 404/404/404 403/403/403 402/402/402
f 405/405/405 404/404/404 402/402/402
f 408/408/408 407/407/407 406/406/406
f 409/409/409 408/408/408 406/406/406
f 412/412/412 411/411/411 410/410/410
f 413/413/413 412/412/412 410/410/410
f 416/416/416 415/415/415 414/414/414
f 417/417/417 416/416/416 414/414/414
f 420/420/420 419/419/419 418/418/418
f 421/421/421 420/420/420 418/418/418
f 424/424/424 423/423/423 422/422/422
f 425/425/425 424/424/424 422/422/422
f 428/428/428 427/427/427 426/426/426
f 429/429/429 428/428/428 426/426/426
f 432/432/432 431/431/431 430/430/430
f 433/433/433 432/432/432 430/430/430
f 436/436/436 435/435/435 434/434/434
f 437/437/437 436/436/436 434/434/434
f 440/440/440 439/439/439 438/438/438
f 441/441/441 440/440/440 438/438/438
f 444/444/444 443/443/443 442/442/442
f 445/445/445 444/444/444 442/442/442
f 448/448/448 447/447/447 446/446/446
f 449/449/449 448/448/448 446/446/446
f 452/452/452 451/451/451 450/450/450
f 453/453/453 452/452/452 450/450/450
f 456/456/456 455/455/455 454/454/454
f 457/457/457 456/456/456 454/454/454
f 460/460/460 459/459/459 458/458/458
f 461/461/461 460/460/460 458/458/458
f 464/464/464 463/463/463 462/462/462
f 465/465/465 464/464/464 462/462/462
f 468/468/468 467/467/467 466/466/466
f 469/469/469 468/468/468 466/466/466
f 472/472/472 471/471/471 470/470/470
f 473/473/473 472/472/472 470/470/470
f 476/476/476 475/475/475 474/474/474
f 477/477/477 476/476/476 474/474/474
f 480/480/480 479/479/479 478/478/478
f 481/481/481 480/480/480 478/478/478
f 484/484/484 483/483/483 482/482/482
f 485/485/485 484/484/484 482/482/482
f 488/488/488 487/487/487 486/486/486
f 489/489/489 488/488/488 486/486/486
f 492/492/492 491/491/491 490/490/490
f 493/493/493 492/492/492 490/490/490
f 496/496/496 495/495/495 494/494/494
f 497/497/497 496/496/496 494/494/494
f 500/500/500 499/499/499 498/498/498
f 501/501/501 500/500/500 498/498/498
f 504/504/504 503/503/503 502/502/502
f 505/505/505 504/504/504 502/502/502
f 508/508/508 507/507/507 506/506/506
f 509/509/509 508/508/508 506/506/506
f 512/512/512 511/511/511 510/510/510
f 513/513/513 512/512/512 510/510/510
f 516/516/516 515/515/515 514/514/514
f 517/517/517 516/516/516 514/514/514
f 520/520/520 519/519/519 518/518/518
f 521/521/521 520/520/520 518/518/518
f 524/524/524 523/523/523 522/522/522
f 525/525/525 524/524/524 522/522/522
f 528/528/528 527/527/527 526/526/526
f 529/529/529 528/528/528 526/526/526
f 532/532/532 531/531/531 530/530/530
f 533/533/533 532/532/532 530/530/530
f 536/536/536 535/535/535 534/534/534
f 537/537/537 536/536/536 534/534/534
f 540/540/540 539/539/539 538/538/538
f 541/541/541 540/540/540 538/538/538
f 544/544/544 543/543/543 542/542/542
f 545/545/545 544/544/544 542/542/542
f 548/548/548 547/547/547 546/546/546
f 549/549/549 548/548/548 546/546/546
f 552/552/552 551/551/551 550/550/550
f 553/553/553 552/552/552 550/550/550
f 556/556/556 555/555/555 554/554/554
f 557/557/557 556/556/556 554/554/554
f 560/560/560 559/559/559 558/558/558
f 561/561/561 560/560/560 558/558/558
f 564/564/564 563/563/563 562/562/562
f 565/565/565 564/564/564 562/562/562
f 568/568/568 567/567/567 566/566/566
f 569/569/569 568/568/568 566/566/566
f 572/572/572 571/571/571 570/570/570
f 573/573/573 572/572/572 570/570/570
f 576/576/576 575/575/575 574/574/574
f 577/577/577 576/576/576 574/574/574
f 580/580/580 579/579/579 578/578/578
f 581/581/581 580/580/580 578/578/578
f 584/584/584 583/583/583 582/582/582
f 585/585/585 584/584/584 582/582/582
f 588/588/588 587/587/587 586/586/586
f 589/589/589 588/588/588 586/586/586
f 592/592/592 591/591/591 590/590/590
f 593/593/593 592/592/592 590/590/590
f 596/596/596 595/595/595 594/594/594
f 597/597/597 596/596/596 594/594/594
f 600/600/600 599/599/599 598/598/598
f 601/601/601 600/600/600 598/598/598
f 604/604/604 603/603/603 602/602/602
f 605/605/605 604/604/604 602/602/602
f 608/608/608 607/607/607 606/606/606
f 609/609/609 608/608/608 606/606/606
f 612/612/612 611/611/611 610/610/610
f 613/613/613 612/612/612 610/610/610
f 616/616/616 615/615/615 614/614/614
f 617/617/617 616/616/616 614/614/614
f 620/620/620 619/619/619 618/618/618
f 621/621/621 620/620/620 618/618/618
f 624/624/624 623/623/623 622/622/622
f 625/625/625 624/624/624 622/622/622
f 628/628/628 627/627/627 626/626/626
f 629/629/629 628/628/628 626/626/626
f 632/632/632 631/631/631 630/630/630
f 633/633/633 632/632/632 630/630/630
f 636/636/636 635/635/635 634/634/634
f 637/637/637 636/636/636 634/634/634
f 640/640/640 639/639/639 638/638/638
f 641/641/641 640/640/640 638/638/638
f 644/644/644 643/643/643 642/642/642
f 645/645/645 644/644/644 642/642/642
f 648/648/648 647/647/647 646/646/646
f 649/649/649 648/648/648 646/646/646
f 652/652/652 651/651/651 650/650/650
f 653/653/653 652/652/652 650/650/650
f 656/656/656 655/655/655 654/654/654
f 657/657/657 656/656/656 654/654/654
f 660/660/660 659/659/659 658/658/658
f 661/661/661 660/660/660 658/658/658
f 664/664/664 663/663/663 662/662/662
f 665/665/665 664/664/664 662/662/662
f 668/668/668 667/667/667 666/666/666
f 669/669/669 668/668/668 666/666/666
f 672/672/672 671/671/671 670/670/670
f 673/673/673 672/672/672 670/670/670
f 676/676/676 675/675/675 674/674/674
f 677/677/677 676/676/676 674/674/674
f 680/680/680 679/679/679 678/678/678
f 681/681/681 680/680/680 678/678/678
f 684/684/684 683/683/683 682/682/682
f 685/685/685 684/684/684 682/682/682
f 688/688/688 687/687/687 686/686/686
f 689/689/689 688/688/688 686/686/686
f 692/692/692 691/691/691 690/690/690
f 693/693/693 692/692/692 690/690/690
f 696/696/696 695/695/695 694/694/694
f 697/697/697 696/696/696 694/694/694
f 700/700/700 699/699/699 698/698/698
f 701/701/701 700/700/700 698/698/698
f 704/704/704 703/703/703 702/702/702
f 705/705/705 704/704/704 702/702/702
f 708/708/708 707/707/707 706/706/706
f 709/709/709 708/708/708 706/706/706
f 712/712/712 711/711/711 710/710/710
f 713/713/713 712/712/712 710/710/710
f 716/716/716 715/715/715 714/714/714
f 717/717/717 716/716/716 714/714/714
f 720/720/720 719/719/719 718/718/718
f 721/721/721 720/720/720 718/718/718
f 724/724/724 723/723/723 722/722/722
f 725/725/725 724/724/724 722/722/722
f 728/728/728 727/727/727 726/726/726
f 729/729/729 728/728/728 726/726/726
f 732/732/732 731/731/731 730/730/730
f 733/733/733 732/732/732 730/730/730
f 736/736/736 735/735/735 734/734/734
f 737/737/737 736/736/736 734/734/734
f 740/740/740 739/739/739 738/738/738
f 741/741/741 740/740/740 738/738/738
f 744/744/744 743/743/743 742/742/742
f 745/745/745 744/744/744 742/742/742
f 748/748/748 747/747/747 746/746/746
f 749/749/749 748/748/748 746/746/746
f 752/752/752 751/751/751 750/750/750
f 753/753/753 752/752/752 750/750/750
f 756/756/756 755/755/755 754/754/754
f 757/757/757 756/756/756 754/754/754
f 760/760/760 759/759/759 758/758/758
f 761/761/761 760/760/760 758/758/758
f 764/764/764 763/763/763 762/762/762
f 765/765/765 764/764/764 762/762/762
f 768/768/768 767/767/767 766/766/766
f 769/769/769 768/768/768 766/766/766
f 772/772/772 771/771/771 770/770/770
f 773/773/773 772/772/772 770/770/770
f 776/776/776 775/775/775 774/774/774
f 777/777/777 776/776/776 774/774/774
f 780/780/780 779/779/779 778/778/778
f 781/781/781 780/780/780 778/778/778
f 784/784/784 783/783/783 782/782/782
f 785/785/785 784/784/784 782/782/782
f 788/788/788 787/787/787 786/786/786
f 789/789/789 788/788/788 786/786/786
f 792/792/792 791/791/791 790/790/790
f 793/793/793 792/792/792 790/790/790
f 796/796/796 795/795/795 794/794/794
f 797/797/797 796/796/796 794/794/794
f 800/800/800 799/799/799 798/798/798
f 801/801/801 800/800/800 798/798/798
f 804/804/804 803/803/803 802/802/802
f 805/805/805 804/804/804 802/802/802
f 808/808/808 807/807/807 806/806/806
f 809/809/809 808/808/808 806/806/806
f 812/812/812 811/811/811 810/810/810
f 813/813/813 812/812/812 810/810/810
f 816/816/816 815/815/815 814/814/814
f 817/817/817 816/816/816 814/814/814
f 820/820/820 819/819/819 818/818/818
f 821/821/821 820/820/820 818/818/818
f 824/824/824 823/823/823 822/822/822
f 825/825/825 824/824/824 822/822/822
f 828/828/828 827/827/827 826/826/826
f 829/829/829 828/828/828 826/826/826
f 832/832/832 831/831/831 830/830/830
f 833/833/833 832/832/832 830/830/830
f 836/836/836 835/835/835 834/834/834
f 837/837/837 836/836/836 834/834/834
f 840/840/840 839/839/839 838/838/838
f 841/841/841 840/840/840 838/838/838
f 844/844/844 843/843/843 842/842/842
f 845/845/845 844/844/844 842/842/842
f 848/848/848 847/847/847 846/846/846
f 849/849/849 848/848/848 846/846/846
f 852/852/852 851/851/851 850/850/850
f 853/853/853 852/852/852 850/850/850
f 856/856/856 855/855/855 854/854/854
f 857/857/857 856/856/856 854/854/854
f 860/860/860 859/859/859 858/858/858
f 861/861/861 860/860/860 858/858/858
f 864/864/864 863/863/863 862/862/862
f 865/865/865 864/864/864 862/862/862
f 868/868/868 867/867/867 866/866/866
f 869/869/869 868/868/868 866/866/866
f 872/872/872 871/871/871 870/870/870
f 873/873/873 872/872/872 870/870/870
f 876/876/876 875/875/875 874/874/874
f 877/877/877 876/876/876 874/874/874
f 880/880/880 879/879/879 878/878/878
f 881/881/881 880/880/880 878/878/878
f 884/884/884 883/883/883 882/882/882
f 885/885/885 884/884/884 882/882/882
f 888/888/888 887/887/887 886/886/886
f 889/889/889 888/888/888 886/886/886
f 892/892/892 891/891/891 890/890/890
f 893/893/893 892/892/892 890/890/890
f 896/896/896 895/895/895 894/894/894
f 897/897/897 896/896/896 894/894/894
f 900/900/900 899/899/899 898/898/898
f 901/901/901 900/900/900 898/898/898
f 904/904/904 903/903/903 902/902/902
f 905/905/905 904/904/904 902/902/902
f 908/908/908 907/907/907 906/906/906
f 909/909/909 908/908/908 906/906/906
f 912/912/912 911/911/911 910/910/910
f 913/913/913 912/912/912 910/910/910
f 916/916/916 915/915/915 914/914/914
f 917/917/917 916/916/916 914/914/914
f 920/920/920 919/919/919 918/918/918
f 921/921/921 920/920/920 918/918/918
f 924/924/924 923/923/923 922/922/922
f 925/925/925 924/924/924 922/922/922
f 928/928/928 927/927/927 926/926/926
f 929/929/929 928/928/928 926/926/926
f 932/932/932 931/931/931 930/930/930
f 933/933/933 932/932/932 930/930/930
f 936/936/936 935/935/935 934/934/934
f 937/937/937 936/936/936 934/934/934
f 940/940/940 939/939/939 938/938/938
f 941/941/941 940/940/940 938/938/938
f 944/944/944 943/943/943 942/942/942
f 945/945/945 944/944/944 942/942/942
f 948/948/948 947/947/947 946/946/946
f 949/949/949 948/948/948 946/946/946
f 952/952/952 951/951/951 950/950/950
f 953/953/953 952/952/952 950/950/950
f 956/956/956 955/955/955 954/954/954
f 957/957/957 956/956/956 954/954/954
f 960/960/960 959/959/959 958/958/958
f 961/961/961 960/960/960 958/958/958
f 964/964/964 963/963/963 962/962/962
f 965/965/965 964/964/964 962/962/962
f 968/968/968 967/967/967 966/966/966
f 969/969/969 968/968/968 966/966/966
f 972/972/972 971/971/971 970/970/970
f 973/973/973 972/972/972 970/970/970
f 976/976/976 975/975/975 974/974/974
f 977/977/977 976/976/976 974/974/974
f 980/980/980 979/979/979 978/978/978
f 981/981/981 980/980/980 978/978/978
f 984/984/984 983/983/983 982/982/982
f 985/985/985 984/984/984 982/982/982
f 988/988/988 987/987/987 986/986/986
f 989/989/989 988/988/988 986/986/986
f 992/992/992 991/991/991 990/990/990
f 993/993/993 992/992/992 990/990/990
f 996/996/996 995/995/995 994/994/994
f 997/997/997 996/996/996 994/994/994
f 1000/1000/1000 999/999/999 998/998/998
f 1001/1001/1001 1000/1000/1000 998/998/998
f 1004/1004/1004 1003/1003/1003 1002/1002/1002
f 1005/1005/1005 1004/1004/1004 1002/1002/1002
f 1008/1008/1008 1007/1007/1007 1006/1006/1006
f 1009/1009/1009 1008/1008/1008 1006/1006/1006
f 1012/1012/1012 1011/1011/1011 1010/1010/1010
f 1013/1013/1013 1012/1012/1012 1010/1010/1010
f 1016/1016/1016 1015/1015/1015 1014/1014/1014
f 1017/1017/1017 1016/1016/1016 1014/1014/1014
f 1020/1020/1020 1019/1019/1019 1018/1018/1018
f 1021/1021/1021 1020/1020/1020 1018/1018/1018
f 1024/1024/1024 1023/1023/1023 1022/1022/1022
f 1025/1025/1025 1024/1024/1024 1022/1022/1022
f 1028/1028/1028 1027/1027/1027 1026/1026/1026
f 1029/1029/1029 1028/1028/1028 1026/1026/1026
f 1032/1032/1032 1031/1031/1031 1030/1030/1030
f 1033/1033/1033 1032/1032/1032 1030/1030/1030
f 1036/1036/1036 1035/1035/1035 1034/1034/1034
f 1037/1037/1037 1036/1036/1036 1034/1034/1034
f 1040/1040/1040 1039/1039/1039 1038/1038/1038
f 1041/1041/1041 1040/1040/1040 1038/1038/1038
f 1044/1044/1044 1043/1043/1043 1042/1042/1042
f 1045/1045/1045 1044/1044/1044 1042/1042/1042
f 1048/1048/1048 1047/1047/1047 1046/1046/1046
f 1049/1049/1049 1048/1048/1048 1046/1046/1046
f 1052/1052/1052 1051/1051/1051 1050/1050/1050
f 1053/1053/1053 1052/1052/1052 1050/1050/1050
f 1056/1056/1056 1055/1055/1055 1054/1054/1054
f 1057/1057/1057 1056/1056/1056 1054/1054/1054
f 1060/1060/1060 1059/1059/1059 1058/1058/1058
f 1061/1061/1061 1060/1060/1060 1058/1058/1058
f 1064/1064/1064 1063/1063/1063 1062/1062/1062
f 1065/1065/1065 1064/1064/1064 1062/1062/1062
f 1068/1068/1068 1067/1067/1067 1066/1066/1066
f 1069/1069/1069 1068/1068/1068 1066/1066/1066
f 1072/1072/1072 1071/1071/1071 1070/1070/1070
f 1073/1073/1073 1072/1072/1072 1070/1070/1070
f 1076/1076/1076 1075/1075/1075 1074/1074/1074
f 1077/1077/1077 1076/1076/1076 1074/1074/1074
f 1080/1080/1080 1079/1079/1079 1078/1078/1078
f 1081/1081/1081 1080/1080/1080 1078/1078/1078
f 1084/1084/1084 1083/1083/1083 1082/1082/1082
f 1085/1085/1085 1084/1084/1084 1082/1082/1082
f 1088/1088/1088 1087/1087/1087 1086/1086/1086
f 1089/1089/1089 1088/1088/1088 1086/1086/1086
f 1092/1092/1092 1091/1091/1091 1090/1090/1090
f 1093/1093/1093 1092/1092/1092 1090/1090/1090
f 1096/1096/1096 1095/1095/1095 1094/1094/1094
f 1097/1097/1097 1096/1096/1096 1094/1094/1094
f 1100/1100/1100 1099/1099/1099 1098/1098/1098
f 1101/1101/1101 1100/1100/1100 1098/1098/1098
f 1104/1104/1104 1103/1103/1103 1102/1102/1102
f 1105/1105/1105 1104/1104/1104 1102/1102/1102
f 1108/1108/1108 1107/1107/1107 1106/1106/1106
f 1109/1109/1109 1108/1108/1108 1106/1106/1106
f 1112/1112/1112 1111/1111/1111 1110/1110/1110
f 1113/1113/1113 1112/1112/1112 1110/1110/1110
f 1116/1116/1116 1115/1115/1115 1114/1114/1114
f 1117/1117/1117 1116/1116/1116 1114/1114/1114
f 1120/1120/1120 1119/1119/1119 1118/1118/1118
f 1121/1121/1121 1120/1120/1120 1118/1118/1118
f 1124/1124/1124 1123/1123/1123 1122/1122/1122
f 1125/1125/1125 1124/1124/1124 1122/1122/1122
f 1128/1128/1128 1127/1127/1127 1126/1126/1126
f 1129/1129/1129 1128/1128/1128 1126/1126/1126
f 1132/1132/1132 1131/1131/1131 1130/1130/1130
f 1133/1133/1133 1132/1132/1132 1130/1130/1130
f 1136/1136/1136 1135/1135/1135 1134/1134/1134
f 1137/1137/1137 1136/1136/1136 1134/1134/1134
f 1140/1140/1140 1139/1139/1139 1138/1138/1138
f 1141/1141/1141 1140/1140/1140 1138/1138/1138
f 1144/1144/1144 1143/1143/1143 1142/1142/1142
f 1145/1145/1145 1144/1144/1144 1142/1142/1142
f 1148/1148/1148 1147/1147/1147 1146/1146/1146
f 1149/1149/1149 1148/1148/1148 1146/1146/1146
f 1152/1152/1152 1151/1151/1151 1150/1150/1150
f 1153/1153/1153 1152/1152/1152 1150/1150/1150
f 1156/1156/1156 1155/1155/1155 1154/1154/1154
f 1157/1157/1157 1156/1156/1156 1154/1154/1154
f 1160/1160/1160 1159/1159/1159 1158/1158/1158
f 1161/1161/1161 1160/1160/1160 1158/1158/1158
f 1164/1164/1164 1163/1163/1163 1162/1162/1162
f 1165/1165/1165 1164/1164/1164 1162/1162/1162
f 1168/1168/1168 1167/1167/1167 1166/1166/1166
f 1169/1169/1169 1168/1168/1168 1166/1166/1166
f 1172/1172/1172 1171/1171/1171 1170/1170/1170
f 1173/1173/1173 1172/1172/1172 1170/1170/1170
f 1176/1176/1176 1175/1175/1175 1174/1174/1174
f 1177/1177/1177 1176/1176/1176 1174/1174/1174
f 1180/1180/1180 1179/1179/1179 1178/1178/1178
f 1181/1181/1181 1180/1180/1180 1178/1178/1178
f 1184/1184/1184 1183/1183/1183 1182/1182/1182
f 1185/1185/1185 1184/1184/1184 1182/1182/1182
f 1188/1188/1188 1187/1187/1187 1186/1186/1186
f 1189/1189/1189 1188/1188/1188 1186/1186/1186
f 1192/1192/1192 1191/1191/1191 1190/1190/1190
f 1193/1193/1193 1192/1192/1192 1190/1190/1190
f 1196/1196/1196 1195/1195/1195 1194/1194/1194
f 1197/1197/1197 1196/1196/1196 1194/1194/1194
f 1200/1200/1200 1199/1199/1199 1198/1198/1198
f 1201/1201/1201 1200/1200/1200 1198/1198/1198
f 1204/1204/1204 1203/1203/1203 1202/1202/1202
f 1205/1205/1205 1204/1204/1204 1202/1202/1202
f 1208/1208/1208 1207/1207/1207 1206/1206/1206
f 1209/1209/1209 1208/1208/1208 1206/1206/1206
f 1212/1212/1212 1211/1211/1211 1210/1210/1210
f 1213/1213/1213 1212/1212/1212 1210/1210/1210
f 1216/1216/1216 1215/1215/1215 1214/1214/1214
f 1217/1217/1217 1216/1216/1216 1214/1214/1214
f 1220/1220/1220 1219/1219/1219 1218/1218/1218
f 1221/1221/1221 1220/1220/1220 1218/1218/1218
f 1224/1224/1224 1223/1223/1223 1222/1222/1222
f 1225/1225/1225 1224/1224/1224 1222/1222/1222
f 1226/1226/1226 1224/1224/1224 1225/1225/1225
f 1227/1227/1227 1226/1226/1226 1225/1225/1225
f 1228/1228/1228 1226/1226/1226 1227/1227/1227
f 1229/1229/1229 1228/1228/1228 1227/1227/1227
f 1232/1232/1232 1231/1231/1231 1230/1230/1230
f 1233/1233/1233 1232/1232/1232 1230/1230/1230
f 1234/1234/1234 1232/1232/1232 1233/1233/1233
f 1235/1235/1235 1234/1234/1234 1233/1233/1233
f 1236/1236/1236 1234/1234/1234 1235/1235/1235
f 1237/1237/1237 1236/1236/1236 1235/1235/1235
f 1240/1240/1240 1239/1239/1239 1238/1238/1238
f 1241/1241/1241 1240/1240/1240 1238/1238/1238
f 1242/1242/1242 1240/1240/1240 1241/1241/1241
f 1243/1243/1243 1242/1242/1242 1241/1241/1241
f 1244/1244/1244 1242/1242/1242 1243/1243/1243
f 1245/1245/1245 1244/1244/1244 1243/1243/1243
f 1248/1248/1248 1247/1247/1247 1246/1246/1246
f 1249/1249/1249 1248/1248/1248 1246/1246/1246
f 1250/1250/1250 1248/1248/1248 1249/1249/1249
f 1251/1251/1251 1250/1250/1250 1249/1249/1249
f 1252/1252/1252 1250/1250/1250 1251/1251/1251
f 1253/1253/1253 1252/1252/1252 1251/1251/1251
f 1256/1256/1256 1255/1255/1255 1254/1254/1254
f 1255/1255/1255 1257/1257/1257 1254/1254/1254
f 1254/1254/1254 1257/1257/1257 1258/1258/1258
f 1257/1257/1257 1259/1259/1259 1258/1258/1258
f 1258/1258/1258 1259/1259/1259 1260/1260/1260
f 1259/1259/1259 1261/1261/1261 1260/1260/1260
f 1264/1264/1264 1263/1263/1263 1262/1262/1262
f 1263/1263/1263 1265/1265/1265 1262/1262/1262
f 1262/1262/1262 1265/1265/1265 1266/1266/1266
f 1265/1265/1265 1267/1267/1267 1266/1266/1266
f 1266/1266/1266 1267/1267/1267 1268/1268/1268
f 1267/1267/1267 1269/1269/1269 1268/1268/1268
f 1272/1272/1272 1271/1271/1271 1270/1270/1270
f 1271/1271/1271 1273/1273/1273 1270/1270/1270
f 1270/1270/1270 1273/1273/1273 1274/1274/1274
f 1273/1273/1273 1275/1275/1275 1274/1274/1274
f 1274/1274/1274 1275/1275/1275 1276/1276/1276
f 1275/1275/1275 1277/1277/1277 1276/1276/1276
f 1280/1280/1280 1279/1279/1279 1278/1278/1278
f 1279/1279/1279 1281/1281/1281 1278/1278/1278
f 1278/1278/1278 1281/1281/1281 1282/1282/1282
f 1281/1281/1281 1283/1283/1283 1282/1282/1282
f 1282/1282/1282 1283/1283/1283 1284/1284/1284
f 1283/1283/1283 1285/1285/1285 1284/1284/1284
f 1288/1288/1288 1287/1287/1287 1286/1286/1286
f 1289/1289/1289 1288/1288/1288 1286/1286/1286
f 1290/1290/1290 1288/1288/1288 1289/1289/1289
f 1291/1291/1291 1290/1290/1290 1289/1289/1289
f 1292/1292/1292 1290/1290/1290 1291/1291/1291
f 1293/1293/1293 1292/1292/1292 1291/1291/1291
f 1296/1296/1296 1295/1295/1295 1294/1294/1294
f 1297/1297/1297 1296/1296/1296 1294/1294/1294
f 1298/1298/1298 1296/1296/1296 1297/1297/1297
f 1299/1299/1299 1298/1298/1298 1297/1297/1297
f 1300/1300/1300 1298/1298/1298 1299/1299/1299
f 1301/1301/1301 1300/1300/1300 1299/1299/1299
f 1304/1304/1304 1303/1303/1303 1302/1302/1302
f 1305/1305/1305 1304/1304/1304 1302/1302/1302
f 1306/1306/1306 1304/1304/1304 1305/1305/1305
f 1307/1307/1307 1306/1306/1306 1305/1305/1305
f 1308/1308/1308 1306/1306/1306 1307/1307/1307
f 1309/1309/1309 1308/1308/1308 1307/1307/1307
f 1312/1312/1312 1311/1311/1311 1310/1310/1310
f 1313/1313/1313 1312/1312/1312 1310/1310/1310
f 1314/1314/1314 1312/1312/1312 1313/1313/1313
f 1315/1315/1315 1314/1314/1314 1313/1313/1313
f 1316/1316/1316 1314/1314/1314 1315/1315/1315
f 1317/1317/1317 1316/1316/1316 1315/1315/1315
f 1320/1320/1320 1319/1319/1319 1318/1318/1318
f 1321/1321/1321 1320/1320/1320 1318/1318/1318
f 1322/1322/1322 1320/1320/1320 1321/1321/1321
f 1323/1323/1323 1322/1322/1322 1321/1321/1321
f 1324/1324/1324 1322/1322/1322 1323/1323/1323
f 1325/1325/1325 1324/1324/1324 1323/1323/1323
f 1328/1328/1328 1327/1327/1327 1326/1326/1326
f 1329/1329/1329 1328/1328/1328 1326/1326/1326
f 1330/1330/1330 1328/1328/1328 1329/1329/1329
f 1331/1331/1331 1330/1330/1330 1329/1329/1329
f 1332/1332/1332 1330/1330/1330 1331/1331/1331
f 1333/1333/1333 1332/1332/1332 1331/1331/1331
f 1336/1336/1336 1335/1335/1335 1334/1334/1334
f 1337/1337/1337 1336/1336/1336 1334/1334/1334
f 1338/1338/1338 1336/1336/1336 1337/1337/1337
f 1339/1339/1339 1338/1338/1338 1337/1337/1337
f 1340/1340/1340 1338/1338/1338 1339/1339/1339
f 1341/1341/1341 1340/1340/1340 1339/1339/1339
f 1344/1344/1344 1343/1343/1343 1342/1342/1342
f 1345/1345/1345 1344/1344/1344 1342/1342/1342
f 1346/1346/1346 1344/1344/1344 1345/1345/1345
f 1347/1347/1347 1346/1346/1346 1345/1345/1345
f 1348/1348/1348 1346/1346/1346 1347/1347/1347
f 1349/1349/1349 1348/1348/1348 1347/1347/1347
f 1352/1352/1352 1351/1351/1351 1350/1350/1350
f 1353/1353/1353 1352/1352/1352 1350/1350/1350
f 1354/1354/1354 1352/1352/1352 1353/1353/1353
f 1355/1355/1355 1354/1354/1354 1353/1353/1353
f 1356/1356/1356 1354/1354/1354 1355/1355/1355
f 1357/1357/1357 1356/1356/1356 1355/1355/1355
f 1360/1360/1360 1359/1359/1359 1358/1358/1358
f 1361/1361/1361 1360/1360/1360 1358/1358/1358
f 1362/1362/1362 1360/1360/1360 1361/1361/1361
f 1363/1363/1363 1362/1362/1362 1361/1361/1361
f 1364/1364/1364 1362/1362/1362 1363/1363/1363
f 1365/1365/1365 1364/1364/1364 1363/1363/1363
f 1368/1368/1368 1367/1367/1367 1366/1366/1366
f 1369/1369/1369 1368/1368/1368 1366/1366/1366
f 1370/1370/1370 1368/1368/1368 1369/1369/1369
f 1371/1371/1371 1370/1370/1370 1369/1369/1369
f 1372/1372/1372 1370/1370/1370 1371/1371/1371
f 1373/1373/1373 1372/1372/1372 1371/1371/1371
f 1376/1376/1376 1375/1375/1375 1374/1374/1374
f 1377/1377/1377 1376/1376/1376 1374/1374/1374
f 1378/1378/1378 1376/1376/1376 1377/1377/1377
f 1379/1379/1379 1378/1378/1378 1377/1377/1377
f 1380/1380/1380 1378/1378/1378 1379/1379/1379
f 1381/1381/1381 1380/1380/1380 1379/1379/1379
f 1384/1384/1384 1383/1383/1383 1382/1382/1382
f 1385/1385/1385 1384/1384/1384 1382/1382/1382
f 1388/1388/1388 1387/1387/1387 1386/1386/1386
f 1389/1389/1389 1387/1387/1387 1388/1388/1388
f 1392/1392/1392 1391/1391/1391 1390/1390/1390
f 1393/1393/1393 1392/1392/1392 1390/1390/1390
f 1396/1396/1396 1395/1395/1395 1394/1394/1394
f 1397/1397/1397 1395/1395/1395 1396/1396/1396
f 1400/1400/1400 1399/1399/1399 1398/1398/1398
f 1401/1401/1401 1400/1400/1400 1398/1398/1398
f 1404/1404/1404 1403/1403/1403 1402/1402/1402
f 1405/1405/1405 1403/1403/1403 1404/1404/1404
f 1408/1408/1408 1407/1407/1407 1406/1406/1406
f 1409/1409/1409 1408/1408/1408 1406/1406/1406
f 1412/1412/1412 1411/1411/1411 1410/1410/1410
f 1413/1413/1413 1411/1411/1411 1412/1412/1412
f 1416/1416/1416 1415/1415/1415 1414/1414/1414
f 1417/1417/1417 1416/1416/1416 1414/1414/1414
f 1420/1420/1420 1419/1419/1419 1418/1418/1418
f 1421/1421/1421 1419/1419/1419 1420/1420/1420
f 1424/1424/1424 1423/1423/1423 1422/1422/1422
f 1425/1425/1425 1424/1424/1424 1422/1422/1422
f 1428/1428/1428 1427/1427/1427 1426/1426/1426
f 1429/1429/1429 1427/1427/1427 1428/1428/1428
f 1432/1432/1432 1431/1431/1431 1430/1430/1430
f 1433/1433/1433 1432/1432/1432 1430/1430/1430
f 1436/1436/1436 1435/1435/1435 1434/1434/1434
f 1437/1437/1437 1435/1435/1435 1436/1436/1436
f 1440/1440/1440 1439/1439/1439 1438/1438/1438
f 1441/1441/1441 1440/1440/1440 1438/1438/1438
f 1444/1444/1444 1443/1443/1443 1442/1442/1442
f 1445/1445/1445 1443/1443/1443 1444/1444/1444
f 1448/1448/1448 1447/1447/1447 1446/1446/1446
f 1449/1449/1449 1448/1448/1448 1446/1446/1446
f 1452/1452/1452 1451/1451/1451 1450/1450/1450
f 1453/1453/1453 1452/1452/1452 1450/1450/1450
f 1456/1456/1456 1455/1455/1455 1454/1454/1454
f 1457/1457/1457 1456/1456/1456 1454/1454/1454
f 1460/1460/1460 1459/1459/1459 1458/1458/1458
f 1461/1461/1461 1460/1460/1460 1458/1458/1458
f 1464/1464/1464 1463/1463/1463 1462/1462/1462
f 1465/1465/1465 1464/1464/1464 1462/1462/1462
f 1468/1468/1468 1467/1467/1467 1466/1466/1466
f 1469/1469/1469 1468/1468/1468 1466/1466/1466
f 1472/1472/1472 1471/1471/1471 1470/1470/1470
f 1473/1473/1473 1472/1472/1472 1470/1470/1470
f 1476/1476/1476 1475/1475/1475 1474/1474/1474
f 1477/1477/1477 1476/1476/1476 1474/1474/1474
f 1480/1480/1480 1479/1479/1479 1478/1478/1478
f 1481/1481/1481 1480/1480/1480 1478/1478/1478
f 1484/1484/1484 1483/1483/1483 1482/1482/1482
f 1485/1485/1485 1484/1484/1484 1482/1482/1482
f 1488/1488/1488 1487/1487/1487 1486/1486/1486
f 1489/1489/1489 1488/1488/1488 1486/1486/1486
f 1492/1492/1492 1491/1491/1491 1490/1490/1490
f 1493/1493/1493 1492/1492/1492 1490/1490/1490
f 1496/1496/1496 1495/1495/1495 1494/1494/1494
f 1497/1497/1497 1496/1496/1496 1494/1494/1494
f 1500/1500/1500 1499/1499/1499 1498/1498/1498
f 1501/1501/1501 1500/1500/1500 1498/1498/1498
f 1504/1504/1504 1503/1503/1503 1502/1502/1502
f 1505/1505/1505 1504/1504/1504 1502/1502/1502
f 1508/1508/1508 1507/1507/1507 1506/1506/1506
f 1509/1509/1509 1508/1508/1508 1506/1506/1506
f 1512/1512/1512 1511/1511/1511 1510/1510/1510
f 1511/1511/1511 1513/1513/1513 1510/1510/1510
f 1510/1510/1510 1513/1513/1513 1514/1514/1514
f 1511/1511/1511 1515/1515/1515 1513/1513/1513
f 1513/1513/1513 1516/1516/1516 1514/1514/1514
f 1515/1515/1515 1517/1517/1517 1513/1513/1513
f 1513/1513/1513 1517/1517/1517 1516/1516/1516
f 1515/1515/1515 1518/1518/1518 1517/1517/1517
f 1517/1517/1517 1519/1519/1519 1516/1516/1516
f 1518/1518/1518 1520/1520/1520 1517/1517/1517
f 1517/1517/1517 1520/1520/1520 1519/1519/1519
f 1520/1520/1520 1521/1521/1521 1519/1519/1519
f 1524/1524/1524 1523/1523/1523 1522/1522/1522
f 1523/1523/1523 1525/1525/1525 1522/1522/1522
f 1522/1522/1522 1525/1525/1525 1526/1526/1526
f 1523/1523/1523 1527/1527/1527 1525/1525/1525
f 1525/1525/1525 1528/1528/1528 1526/1526/1526
f 1527/1527/1527 1529/1529/1529 1525/1525/1525
f 1525/1525/1525 1529/1529/1529 1528/1528/1528
f 1527/1527/1527 1530/1530/1530 1529/1529/1529
f 1529/1529/1529 1531/1531/1531 1528/1528/1528
f 1530/1530/1530 1532/1532/1532 1529/1529/1529
f 1529/1529/1529 1532/1532/1532 1531/1531/1531
f 1532/1532/1532 1533/1533/1533 1531/1531/1531
f 1536/1536/1536 1535/1535/1535 1534/1534/1534
f 1535/1535/1535 1537/1537/1537 1534/1534/1534
f 1534/1534/1534 1537/1537/1537 1538/1538/1538
f 1535/1535/1535 1539/1539/1539 1537/1537/1537
f 1537/1537/1537 1540/1540/1540 1538/1538/1538
f 1539/1539/1539 1541/1541/1541 1537/1537/1537
f 1537/1537/1537 1541/1541/1541 1540/1540/1540
f 1539/1539/1539 1542/1542/1542 1541/1541/1541
f 1541/1541/1541 1543/1543/1543 1540/1540/1540
f 1542/1542/1542 1544/1544/1544 1541/1541/1541
f 1541/1541/1541 1544/1544/1544 1543/1543/1543
f 1544/1544/1544 1545/1545/1545 1543/1543/1543
f 1548/1548/1548 1547/1547/1547 1546/1546/1546
f 1547/1547/1547 1549/1549/1549 1546/1546/1546
f 1546/1546/1546 1549/1549/1549 1550/1550/1550
f 1547/1547/1547 1551/1551/1551 1549/1549/1549
f 1549/1549/1549 1552/1552/1552 1550/1550/1550
f 1551/1551/1551 1553/1553/1553 1549/1549/1549
f 1549/1549/1549 1553/1553/1553 1552/1552/1552
f 1551/1551/1551 1554/1554/1554 1553/1553/1553
f 1553/1553/1553 1555/1555/1555 1552/1552/1552
f 1554/1554/1554 1556/1556/1556 1553/1553/1553
f 1553/1553/1553 1556/1556/1556 1555/1555/1555
f 1556/1556/1556 1557/1557/1557 1555/1555/1555
f 1560/1560/1560 1559/1559/1559 1558/1558/1558
f 1559/1559/1559 1561/1561/1561 1558/1558/1558
f 1558/1558/1558 1561/1561/1561 1562/1562/1562
f 1559/1559/1559 1563/1563/1563 1561/1561/1561
f 1561/1561/1561 1564/1564/1564 1562/1562/1562
f 1563/1563/1563 1565/1565/1565 1561/1561/1561
f 1561/1561/1561 1565/1565/1565 1564/1564/1564
f 1563/1563/1563 1566/1566/1566 1565/1565/1565
f 1565/1565/1565 1567/1567/1567 1564/1564/1564
f 1566/1566/1566 1568/1568/1568 1565/1565/1565
f 1565/1565/1565 1568/1568/1568 1567/1567/1567
f 1568/1568/1568 1569/1569/1569 1567/1567/1567
f 1572/1572/1572 1571/1571/1571 1570/1570/1570
f 1571/1571/1571 1573/1573/1573 1570/1570/1570
f 1570/1570/1570 1573/1573/1573 1574/1574/1574
f 1571/1571/1571 1575/1575/1575 1573/1573/1573
f 1573/1573/1573 1576/1576/1576 1574/1574/1574
f 1575/1575/1575 1577/1577/1577 1573/1573/1573
f 1573/1573/1573 1577/1577/1577 1576/1576/1576
f 1575/1575/1575 1578/1578/1578 1577/1577/1577
f 1577/1577/1577 1579/1579/1579 1576/1576/1576
f 1578/1578/1578 1580/1580/1580 1577/1577/1577
f 1577/1577/1577 1580/1580/1580 1579/1579/1579
f 1580/1580/1580 1581/1581/1581 1579/1579/1579
f 1584/1584/1584 1583/1583/1583 1582/1582/1582
f 1583/1583/1583 1585/1585/1585 1582/1582/1582
f 1582/1582/1582 1585/1585/1585 1586/1586/1586
f 1583/1583/1583 1587/1587/1587 1585/1585/1585
f 1585/1585/1585 1588/1588/1588 1586/1586/1586
f 1587/1587/1587 1589/1589/1589 1585/1585/1585
f 1585/1585/1585 1589/1589/1589 1588/1588/1588
f 1587/1587/1587 1590/1590/1590 1589/1589/1589
f 1589/1589/1589 1591/1591/1591 1588/1588/1588
f 1590/1590/1590 1592/1592/1592 1589/1589/1589
f 1589/1589/1589 1592/1592/1592 1591/1591/1591
f 1592/1592/1592 1593/1593/1593 1591/1591/1591
f 1596/1596/1596 1595/1595/1595 1594/1594/1594
f 1595/1595/1595 1597/1597/1597 1594/1594/1594
f 1594/1594/1594 1597/1597/1597 1598/1598/1598
f 1595/1595/1595 1599/1599/1599 1597/1597/1597
f 1597/1597/1597 1600/1600/1600 1598/1598/1598
f 1599/1599/1599 1601/1601/1601 1597/1597/1597
f 1597/1597/1597 1601/1601/1601 1600/1600/1600
f 1599/1599/1599 1602/1602/1602 1601/1601/1601
f 1601/1601/1601 1603/1603/1603 1600/1600/1600
f 1602/1602/1602 1604/1604/1604 1601/1601/1601
f 1601/1601/1601 1604/1604/1604 1603/1603/1603
f 1604/1604/1604 1605/1605/1605 1603/1603/1603
f 1608/1608/1608 1607/1607/1607 1606/1606/1606
f 1609/1609/1609 1608/1608/1608 1606/1606/1606
f 1612/1612/1612 1611/1611/1611 1610/1610/1610
f 1613/1613/1613 1612/1612/1612 1610/1610/1610
f 1616/1616/1616 1615/1615/1615 1614/1614/1614
f 1617/1617/1617 1616/1616/1616 1614/1614/1614
f 1620/1620/1620 1619/1619/1619 1618/1618/1618
f 1621/1621/1621 1620/1620/1620 1618/1618/1618
f 1624/1624/1624 1623/1623/1623 1622/1622/1622
f 1625/1625/1625 1624/1624/1624 1622/1622/1622
f 1628/1628/1628 1627/1627/1627 1626/1626/1626
f 1629/1629/1629 1628/1628/1628 1626/1626/1626
f 1632/1632/1632 1631/1631/1631 1630/1630/1630
f 1633/1633/1633 1632/1632/1632 1630/1630/1630
f 1636/1636/1636 1635/1635/1635 1634/1634/1634
f 1637/1637/1637 1636/1636/1636 1634/1634/1634
f 1640/1640/1640 1639/1639/1639 1638/1638/1638
f 1641/1641/1641 1640/1640/1640 1638/1638/1638
f 1644/1644/1644 1643/1643/1643 1642/1642/1642
f 1645/1645/1645 1644/1644/1644 1642/1642/1642
f 1648/1648/1648 1647/1647/1647 1646/1646/1646
f 1649/1649/1649 1648/1648/1648 1646/1646/1646
f 1652/1652/1652 1651/1651/1651 1650/1650/1650
f 1653/1653/1653 1652/1652/1652 1650/1650/1650
f 1656/1656/1656 1655/1655/1655 1654/1654/1654
f 1657/1657/1657 1656/1656/1656 1654/1654/1654
f 1660/1660/1660 1659/1659/1659 1658/1658/1658
f 1661/1661/1661 1660/1660/1660 1658/1658/1658
f 1664/1664/1664 1663/1663/1663 1662/1662/1662
f 1665/1665/1665 1664/1664/1664 1662/1662/1662
f 1668/1668/1668 1667/1667/1667 1666/1666/1666
f 1669/1669/1669 1668/1668/1668 1666/1666/1666
f 1672/1672/1672 1671/1671/1671 1670/1670/1670
f 1673/1673/1673 1672/1672/1672 1670/1670/1670
f 1676/1676/1676 1675/1675/1675 1674/1674/1674
f 1677/1677/1677 1676/1676/1676 1674/1674/1674
f 1680/1680/1680 1679/1679/1679 1678/1678/1678
f 1681/1681/1681 1680/1680/1680 1678/1678/1678
f 1684/1684/1684 1683/1683/1683 1682/1682/1682
f 1685/1685/1685 1684/1684/1684 1682/1682/1682
f 1688/1688/1688 1687/1687/1687 1686/1686/1686
f 1689/1689/1689 1688/1688/1688 1686/1686/1686
f 1692/1692/1692 1691/1691/1691 1690/1690/1690
f 1693/1693/1693 1692/1692/1692 1690/1690/1690
f 1696/1696/1696 1695/1695/1695 1694/1694/1694
f 1697/1697/1697 1696/1696/1696 1694/1694/1694
f 1700/1700/1700 1699/1699/1699 1698/1698/1698
f 1701/1701/1701 1700/1700/1700 1698/1698/1698
f 1704/1704/1704 1703/1703/1703 1702/1702/1702
f 1705/1705/1705 1704/1704/1704 1702/1702/1702
f 1708/1708/1708 1707/1707/1707 1706/1706/1706
f 1709/1709/1709 1708/1708/1708 1706/1706/1706
f 1712/1712/1712 1711/1711/1711 1710/1710/1710
f 1713/1713/1713 1712/1712/1712 1710/1710/1710
f 1716/1716/1716 1715/1715/1715 1714/1714/1714
f 1717/1717/1717 1716/1716/1716 1714/1714/1714
f 1720/1720/1720 1719/1719/1719 1718/1718/1718
f 1721/1721/1721 1720/1720/1720 1718/1718/1718
f 1724/1724/1724 1723/1723/1723 1722/1722/1722
f 1725/1725/1725 1724/1724/1724 1722/1722/1722
f 1728/1728/1728 1727/1727/1727 1726/1726/1726
f 1729/1729/1729 1728/1728/1728 1726/1726/1726
f 1732/1732/1732 1731/1731/1731 1730/1730/1730
f 1733/1733/1733 1732/1732/1732 1730/1730/1730
f 1736/1736/1736 1735/1735/1735 1734/1734/1734
f 1737/1737/1737 1736/1736/1736 1734/1734/1734
f 1740/1740/1740 1739/1739/1739 1738/1738/1738
f 1741/1741/1741 1740/1740/1740 1738/1738/1738
f 1744/1744/1744 1743/1743/1743 1742/1742/1742
f 1745/1745/1745 1744/1744/1744 1742/1742/1742
f 1748/1748/1748 1747/1747/1747 1746/1746/1746
f 1749/1749/1749 1748/1748/1748 1746/1746/1746
f 1752/1752/1752 1751/1751/1751 1750/1750/1750
f 1753/1753/1753 1752/1752/1752 1750/1750/1750
f 1756/1756/1756 1755/1755/1755 1754/1754/1754
f 1757/1757/1757 1756/1756/1756 1754/1754/1754
f 1760/1760/1760 1759/1759/1759 1758/1758/1758
f 1761/1761/1761 1760/1760/1760 1758/1758/1758
f 1764/1764/1764 1763/1763/1763 1762/1762/1762
f 1765/1765/1765 1764/1764/1764 1762/1762/1762
f 1768/1768/1768 1767/1767/1767 1766/1766/1766
f 1769/1769/1769 1768/1768/1768 1766/1766/1766
f 1772/1772/1772 1771/1771/1771 1770/1770/1770
f 1773/1773/1773 1772/1772/1772 1770/1770/1770
f 1776/1776/1776 1775/1775/1775 1774/1774/1774
f 1777/1777/1777 1776/1776/1776 1774/1774/1774
f 1780/1780/1780 1779/1779/1779 1778/1778/1778
f 1781/1781/1781 1780/1780/1780 1778/1778/1778
f 1784/1784/1784 1783/1783/1783 1782/1782/1782
f 1785/1785/1785 1784/1784/1784 1782/1782/1782
f 1788/1788/1788 1787/1787/1787 1786/1786/1786
f 1789/1789/1789 1788/1788/1788 1786/1786/1786
f 1792/1792/1792 1791/1791/1791 1790/1790/1790
f 1793/1793/1793 1792/1792/1792 1790/1790/1790
f 1796/1796/1796 1795/1795/1795 1794/1794/1794
f 1797/1797/1797 1796/1796/1796 1794/1794/1794
f 1800/1800/1800 1799/1799/1799 1798/1798/1798
f 1801/1801/1801 1800/1800/1800 1798/1798/1798
f 1804/1804/1804 1803/1803/1803 1802/1802/1802
f 1805/1805/1805 1804/1804/1804 1802/1802/1802
f 1808/1808/1808 1807/1807/1807 1806/1806/1806
f 1809/1809/1809 1808/1808/1808 1806/1806/1806
f 1812/1812/1812 1811/1811/1811 1810/1810/1810
f 1813/1813/1813 1812/1812/1812 1810/1810/1810
f 1816/1816/1816 1815/1815/1815 1814/1814/1814
f 1817/1817/1817 1816/1816/1816 1814/1814/1814
f 1820/1820/1820 1819/1819/1819 1818/1818/1818
f 1821/1821/1821 1820/1820/1820 1818/1818/1818
f 1824/1824/1824 1823/1823/1823 1822/1822/1822
f 1825/1825/1825 1824/1824/1824 1822/1822/1822
f 1828/1828/1828 1827/1827/1827 1826/1826/1826
f 1829/1829/1829 1828/1828/1828 1826/1826/1826
f 1832/1832/1832 1831/1831/1831 1830/1830/1830
f 1833/1833/1833 1832/1832/1832 1830/1830/1830
f 1836/1836/1836 1835/1835/1835 1834/1834/1834
f 1837/1837/1837 1836/1836/1836 1834/1834/1834
f 1840/1840/1840 1839/1839/1839 1838/1838/1838
f 1841/1841/1841 1840/1840/1840 1838/1838/1838
f 1844/1844/1844 1843/1843/1843 1842/1842/1842
f 1845/1845/1845 1844/1844/1844 1842/1842/1842
f 1848/1848/1848 1847/1847/1847 1846/1846/1846
f 1849/1849/1849 1848/1848/1848 1846/1846/1846
f 1852/1852/1852 1851/1851/1851 1850/1850/1850
f 1853/1853/1853 1852/1852/1852 1850/1850/1850
f 1856/1856/1856 1855/1855/1855 1854/1854/1854
f 1857/1857/1857 1856/1856/1856 1854/1854/1854
f 1860/1860/1860 1859/1859/1859 1858/1858/1858
f 1861/1861/1861 1860/1860/1860 1858/1858/1858
f 1864/1864/1864 1863/1863/1863 1862/1862/1862
f 1865/1865/1865 1864/1864/1864 1862/1862/1862
f 1866/1866/1866 1864/1864/1864 1865/1865/1865
f 1867/1867/1867 1866/1866/1866 1865/1865/1865
f 1868/1868/1868 1866/1866/1866 1867/1867/1867
f 1869/1869/1869 1868/1868/1868 1867/1867/1867
f 1872/1872/1872 1871/1871/1871 1870/1870/1870
f 1873/1873/1873 1872/1872/1872 1870/1870/1870
f 1874/1874/1874 1872/1872/1872 1873/1873/1873
f 1875/1875/1875 1874/1874/1874 1873/1873/1873
f 1876/1876/1876 1874/1874/1874 1875/1875/1875
f 1877/1877/1877 1876/1876/1876 1875/1875/1875
f 1880/1880/1880 1879/1879/1879 1878/1878/1878
f 1881/1881/1881 1880/1880/1880 1878/1878/1878
f 1882/1882/1882 1880/1880/1880 1881/1881/1881
f 1883/1883/1883 1882/1882/1882 1881/1881/1881
f 1884/1884/1884 1882/1882/1882 1883/1883/1883
f 1885/1885/1885 1884/1884/1884 1883/1883/1883
f 1888/1888/1888 1887/1887/1887 1886/1886/1886
f 1889/1889/1889 1888/1888/1888 1886/1886/1886
f 1890/1890/1890 1888/1888/1888 1889/1889/1889
f 1891/1891/1891 1890/1890/1890 1889/1889/1889
f 1892/1892/1892 1890/1890/1890 1891/1891/1891
f 1893/1893/1893 1892/1892/1892 1891/1891/1891
f 1896/1896/1896 1895/1895/1895 1894/1894/1894
f 1897/1897/1897 1896/1896/1896 1894/1894/1894
f 1898/1898/1898 1896/1896/1896 1897/1897/1897
f 1899/1899/1899 1896/1896/1896 1898/1898/1898
f 1900/1900/1900 1899/1899/1899 1898/1898/1898
f 1901/1901/1901 1900/1900/1900 1898/1898/1898
f 1904/1904/1904 1903/1903/1903 1902/1902/1902
f 1905/1905/1905 1903/1903/1903 1904/1904/1904
f 1906/1906/1906 1905/1905/1905 1904/1904/1904
f 1907/1907/1907 1906/1906/1906 1904/1904/1904
f 1908/1908/1908 1906/1906/1906 1907/1907/1907
f 1909/1909/1909 1906/1906/1906 1908/1908/1908
f 1912/1912/1912 1911/1911/1911 1910/1910/1910
f 1913/1913/1913 1912/1912/1912 1910/1910/1910
f 1914/1914/1914 1912/1912/1912 1913/1913/1913
f 1915/1915/1915 1912/1912/1912 1914/1914/1914
f 1916/1916/1916 1915/1915/1915 1914/1914/1914
f 1917/1917/1917 1916/1916/1916 1914/1914/1914
f 1920/1920/1920 1919/1919/1919 1918/1918/1918
f 1921/1921/1921 1919/1919/1919 1920/1920/1920
f 1922/1922/1922 1921/1921/1921 1920/1920/1920
f 1923/1923/1923 1922/1922/1922 1920/1920/1920
f 1924/1924/1924 1922/1922/1922 1923/1923/1923
f 1925/1925/1925 1922/1922/1922 1924/1924/1924
f 1928/1928/1928 1927/1927/1927 1926/1926/1926
f 1929/1929/1929 1928/1928/1928 1926/1926/1926
f 1930/1930/1930 1928/1928/1928 1929/1929/1929
f 1931/1931/1931 1930/1930/1930 1929/1929/1929
f 1932/1932/1932 1930/1930/1930 1931/1931/1931
f 1933/1933/1933 1932/1932/1932 1931/1931/1931
f 1936/1936/1936 1935/1935/1935 1934/1934/1934
f 1937/1937/1937 1936/1936/1936 1934/1934/1934
f 1938/1938/1938 1936/1936/1936 1937/1937/1937
f 1939/1939/1939 1938/1938/1938 1937/1937/1937
f 1940/1940/1940 1938/1938/1938 1939/1939/1939
f 1941/1941/1941 1940/1940/1940 1939/1939/1939
f 1944/1944/1944 1943/1943/1943 1942/1942/1942
f 1945/1945/1945 1944/1944/1944 1942/1942/1942
f 1946/1946/1946 1944/1944/1944 1945/1945/1945
f 1947/1947/1947 1946/1946/1946 1945/1945/1945
f 1948/1948/1948 1946/1946/1946 1947/1947/1947
f 1949/1949/1949 1948/1948/1948 1947/1947/1947
f 1952/1952/1952 1951/1951/1951 1950/1950/1950
f 1953/1953/1953 1952/1952/1952 1950/1950/1950
f 1954/1954/1954 1952/1952/1952 1953/1953/1953
f 1955/1955/1955 1954/1954/1954 1953/1953/1953
f 1956/1956/1956 1954/1954/1954 1955/1955/1955
f 1957/1957/1957 1956/1956/1956 1955/1955/1955
f 1960/1960/1960 1959/1959/1959 1958/1958/1958
f 1961/1961/1961 1960/1960/1960 1958/1958/1958
f 1962/1962/1962 1960/1960/1960 1961/1961/1961
f 1963/1963/1963 1962/1962/1962 1961/1961/1961
f 1964/1964/1964 1962/1962/1962 1963/1963/1963
f 1965/1965/1965 1964/1964/1964 1963/1963/1963
f 1968/1968/1968 1967/1967/1967 1966/1966/1966
f 1969/1969/1969 1968/1968/1968 1966/1966/1966
f 1970/1970/1970 1968/1968/1968 1969/1969/1969
f 1971/1971/1971 1970/1970/1970 1969/1969/1969
f 1972/1972/1972 1970/1970/1970 1971/1971/1971
f 1973/1973/1973 1972/1972/1972 1971/1971/1971
f 1976/1976/1976 1975/1975/1975 1974/1974/1974
f 1974/1974/1974 1977/1977/1977 1976/1976/1976
f 1977/1977/1977 1978/1978/1978 1976/1976/1976
f 1977/1977/1977 1979/1979/1979 1978/1978/1978
f 1982/1982/1982 1981/1981/1981 1980/1980/1980
f 1981/1981/1981 1983/1983/1983 1980/1980/1980
f 1981/1981/1981 1984/1984/1984 1983/1983/1983
f 1984/1984/1984 1985/1985/1985 1983/1983/1983
f 1984/1984/1984 1986/1986/1986 1985/1985/1985
f 1986/1986/1986 1987/1987/1987 1985/1985/1985
f 1990/1990/1990 1989/1989/1989 1988/1988/1988
f 1989/1989/1989 1991/1991/1991 1988/1988/1988
f 1989/1989/1989 1992/1992/1992 1991/1991/1991
f 1992/1992/1992 1993/1993/1993 1991/1991/1991
f 1992/1992/1992 1994/1994/1994 1993/1993/1993
f 1994/1994/1994 1995/1995/1995 1993/1993/1993
f 1998/1998/1998 1997/1997/1997 1996/1996/1996
f 1996/1996/1996 1999/1999/1999 1998/1998/1998
f 1999/1999/1999 2000/2000/2000 1998/1998/1998
f 1999/1999/1999 2001/2001/2001 2000/2000/2000
f 2004/2004/2004 2003/2003/2003 2002/2002/2002
f 2005/2005/2005 2004/2004/2004 2002/2002/2002
f 2005/2005/2005 2002/2002/2002 2006/2006/2006
f 2007/2007/2007 2004/2004/2004 2005/2005/2005
f 2008/2008/2008 2005/2005/2005 2006/2006/2006
f 2008/2008/2008 2006/2006/2006 2009/2009/2009
f 2010/2010/2010 2007/2007/2007 2005/2005/2005
f 2010/2010/2010 2005/2005/2005 2008/2008/2008
f 2011/2011/2011 2007/2007/2007 2010/2010/2010
f 2012/2012/2012 2008/2008/2008 2009/2009/2009
f 2012/2012/2012 2009/2009/2009 2013/2013/2013
f 2014/2014/2014 2011/2011/2011 2010/2010/2010
f 2015/2015/2015 2011/2011/2011 2014/2014/2014
f 2016/2016/2016 2010/2010/2010 2008/2008/2008
f 2016/2016/2016 2008/2008/2008 2012/2012/2012
f 2014/2014/2014 2010/2010/2010 2016/2016/2016
f 2017/2017/2017 2012/2012/2012 2013/2013/2013
f 2017/2017/2017 2013/2013/2013 2018/2018/2018
f 2019/2019/2019 2017/2017/2017 2018/2018/2018
f 2020/2020/2020 2015/2015/2015 2014/2014/2014
f 2021/2021/2021 2015/2015/2015 2020/2020/2020
f 2022/2022/2022 2021/2021/2021 2020/2020/2020
f 2023/2023/2023 2014/2014/2014 2016/2016/2016
f 2020/2020/2020 2014/2014/2014 2023/2023/2023
f 2024/2024/2024 2016/2016/2016 2012/2012/2012
f 2024/2024/2024 2012/2012/2012 2017/2017/2017
f 2023/2023/2023 2016/2016/2016 2024/2024/2024
f 2025/2025/2025 2017/2017/2017 2019/2019/2019
f 2025/2025/2025 2024/2024/2024 2017/2017/2017
f 2026/2026/2026 2025/2025/2025 2019/2019/2019
f 2022/2022/2022 2020/2020/2020 2027/2027/2027
f 2027/2027/2027 2020/2020/2020 2023/2023/2023
f 2028/2028/2028 2022/2022/2022 2027/2027/2027
f 2029/2029/2029 2023/2023/2023 2024/2024/2024
f 2029/2029/2029 2024/2024/2024 2025/2025/2025
f 2027/2027/2027 2023/2023/2023 2029/2029/2029
f 2030/2030/2030 2025/2025/2025 2026/2026/2026
f 2030/2030/2030 2029/2029/2029 2025/2025/2025
f 2031/2031/2031 2030/2030/2030 2026/2026/2026
f 2028/2028/2028 2027/2027/2027 2032/2032/2032
f 2032/2032/2032 2027/2027/2027 2029/2029/2029
f 2032/2032/2032 2029/2029/2029 2030/2030/2030
f 2033/2033/2033 2028/2028/2028 2032/2032/2032
f 2034/2034/2034 2030/2030/2030 2031/2031/2031
f 2034/2034/2034 2032/2032/2032 2030/2030/2030
f 2033/2033/2033 2032/2032/2032 2034/2034/2034
f 2035/2035/2035 2034/2034/2034 2031/2031/2031
f 2036/2036/2036 2033/2033/2033 2034/2034/2034
f 2036/2036/2036 2034/2034/2034 2035/2035/2035
f 2037/2037/2037 2036/2036/2036 2035/2035/2035
f 2040/2040/2040 2039/2039/2039 2038/2038/2038
f 2039/2039/2039 2041/2041/2041 2038/2038/2038
f 2038/2038/2038 2041/2041/2041 2042/2042/2042
f 2039/2039/2039 2043/2043/2043 2041/2041/2041
f 2041/2041/2041 2044/2044/2044 2042/2042/2042
f 2042/2042/2042 2044/2044/2044 2045/2045/2045
f 2043/2043/2043 2046/2046/2046 2041/2041/2041
f 2041/2041/2041 2046/2046/2046 2044/2044/2044
f 2043/2043/2043 2047/2047/2047 2046/2046/2046
f 2044/2044/2044 2048/2048/2048 2045/2045/2045
f 2045/2045/2045 2048/2048/2048 2049/2049/2049
f 2047/2047/2047 2050/2050/2050 2046/2046/2046
f 2047/2047/2047 2051/2051/2051 2050/2050/2050
f 2046/2046/2046 2052/2052/2052 2044/2044/2044
f 2044/2044/2044 2052/2052/2052 2048/2048/2048
f 2046/2046/2046 2050/2050/2050 2052/2052/2052
f 2048/2048/2048 2053/2053/2053 2049/2049/2049
f 2049/2049/2049 2053/2053/2053 2054/2054/2054
f 2053/2053/2053 2055/2055/2055 2054/2054/2054
f 2051/2051/2051 2056/2056/2056 2050/2050/2050
f 2051/2051/2051 2057/2057/2057 2056/2056/2056
f 2057/2057/2057 2058/2058/2058 2056/2056/2056
f 2050/2050/2050 2059/2059/2059 2052/2052/2052
f 2050/2050/2050 2056/2056/2056 2059/2059/2059
f 2052/2052/2052 2060/2060/2060 2048/2048/2048
f 2048/2048/2048 2060/2060/2060 2053/2053/2053
f 2052/2052/2052 2059/2059/2059 2060/2060/2060
f 2053/2053/2053 2061/2061/2061 2055/2055/2055
f 2060/2060/2060 2061/2061/2061 2053/2053/2053
f 2061/2061/2061 2062/2062/2062 2055/2055/2055
f 2056/2056/2056 2058/2058/2058 2063/2063/2063
f 2056/2056/2056 2063/2063/2063 2059/2059/2059
f 2058/2058/2058 2064/2064/2064 2063/2063/2063
f 2059/2059/2059 2065/2065/2065 2060/2060/2060
f 2060/2060/2060 2065/2065/2065 2061/2061/2061
f 2059/2059/2059 2063/2063/2063 2065/2065/2065
f 2061/2061/2061 2066/2066/2066 2062/2062/2062
f 2065/2065/2065 2066/2066/2066 2061/2061/2061
f 2066/2066/2066 2067/2067/2067 2062/2062/2062
f 2063/2063/2063 2064/2064/2064 2068/2068/2068
f 2063/2063/2063 2068/2068/2068 2065/2065/2065
f 2065/2065/2065 2068/2068/2068 2066/2066/2066
f 2064/2064/2064 2069/2069/2069 2068/2068/2068
f 2066/2066/2066 2070/2070/2070 2067/2067/2067
f 2068/2068/2068 2070/2070/2070 2066/2066/2066
f 2068/2068/2068 2069/2069/2069 2070/2070/2070
f 2070/2070/2070 2071/2071/2071 2067/2067/2067
f 2069/2069/2069 2072/2072/2072 2070/2070/2070
f 2070/2070/2070 2072/2072/2072 2071/2071/2071
f 2072/2072/2072 2073/2073/2073 2071/2071/2071
f 2076/2076/2076 2075/2075/2075 2074/2074/2074
f 2077/2077/2077 2076/2076/2076 2074/2074/2074
f 2080/2080/2080 2079/2079/2079 2078/2078/2078
f 2081/2081/2081 2080/2080/2080 2078/2078/2078
f 2084/2084/2084 2083/2083/2083 2082/2082/2082
f 2083/2083/2083 2085/2085/2085 2082/2082/2082
f 2086/2086/2086 2085/2085/2085 2083/2083/2083
f 2087/2087/2087 2086/2086/2086 2083/2083/2083
f 2090/2090/2090 2089/2089/2089 2088/2088/2088
f 2089/2089/2089 2091/2091/2091 2088/2088/2088
f 2092/2092/2092 2091/2091/2091 2089/2089/2089
f 2093/2093/2093 2092/2092/2092 2089/2089/2089
f 2096/2096/2096 2095/2095/2095 2094/2094/2094
f 2095/2095/2095 2097/2097/2097 2094/2094/2094
f 2098/2098/2098 2097/2097/2097 2095/2095/2095
f 2099/2099/2099 2098/2098/2098 2095/2095/2095
f 2102/2102/2102 2101/2101/2101 2100/2100/2100
f 2101/2101/2101 2103/2103/2103 2100/2100/2100
f 2104/2104/2104 2103/2103/2103 2101/2101/2101
f 2105/2105/2105 2104/2104/2104 2101/2101/2101
f 2108/2108/2108 2107/2107/2107 2106/2106/2106
f 2107/2107/2107 2109/2109/2109 2106/2106/2106
f 2106/2106/2106 2109/2109/2109 2110/2110/2110
f 2109/2109/2109 2111/2111/2111 2110/2110/2110
f 2114/2114/2114 2113/2113/2113 2112/2112/2112
f 2115/2115/2115 2114/2114/2114 2112/2112/2112
f 2116/2116/2116 2114/2114/2114 2115/2115/2115
f 2117/2117/2117 2116/2116/2116 2115/2115/2115
f 2120/2120/2120 2119/2119/2119 2118/2118/2118
f 2121/2121/2121 2120/2120/2120 2118/2118/2118
f 2122/2122/2122 2120/2120/2120 2121/2121/2121
f 2123/2123/2123 2122/2122/2122 2121/2121/2121
f 2126/2126/2126 2125/2125/2125 2124/2124/2124
f 2127/2127/2127 2126/2126/2126 2124/2124/2124
f 2128/2128/2128 2126/2126/2126 2127/2127/2127
f 2129/2129/2129 2128/2128/2128 2127/2127/2127
f 2132/2132/2132 2131/2131/2131 2130/2130/2130
f 2130/2130/2130 2133/2133/2133 2132/2132/2132
f 2130/2130/2130 2134/2134/2134 2133/2133/2133
f 2134/2134/2134 2135/2135/2135 2133/2133/2133
f 2134/2134/2134 2136/2136/2136 2135/2135/2135
f 2136/2136/2136 2137/2137/2137 2135/2135/2135
f 2140/2140/2140 2139/2139/2139 2138/2138/2138
f 2139/2139/2139 2141/2141/2141 2138/2138/2138
f 2138/2138/2138 2141/2141/2141 2142/2142/2142
f 2141/2141/2141 2143/2143/2143 2142/2142/2142
f 2146/2146/2146 2145/2145/2145 2144/2144/2144
f 2147/2147/2147 2146/2146/2146 2144/2144/2144
f 2148/2148/2148 2146/2146/2146 2147/2147/2147
f 2149/2149/2149 2148/2148/2148 2147/2147/2147
f 2152/2152/2152 2151/2151/2151 2150/2150/2150
f 2153/2153/2153 2152/2152/2152 2150/2150/2150
f 2154/2154/2154 2152/2152/2152 2153/2153/2153
f 2155/2155/2155 2154/2154/2154 2153/2153/2153
f 2158/2158/2158 2157/2157/2157 2156/2156/2156
f 2159/2159/2159 2158/2158/2158 2156/2156/2156
f 2160/2160/2160 2158/2158/2158 2159/2159/2159
f 2161/2161/2161 2160/2160/2160 2159/2159/2159
f 2164/2164/2164 2163/2163/2163 2162/2162/2162
f 2162/2162/2162 2165/2165/2165 2164/2164/2164
f 2162/2162/2162 2166/2166/2166 2165/2165/2165
f 2166/2166/2166 2167/2167/2167 2165/2165/2165
f 2166/2166/2166 2168/2168/2168 2167/2167/2167
f 2168/2168/2168 2169/2169/2169 2167/2167/2167
f 2172/2172/2172 2171/2171/2171 2170/2170/2170
f 2173/2173/2173 2172/2172/2172 2170/2170/2170
f 2170/2170/2170 2174/2174/2174 2173/2173/2173
f 2174/2174/2174 2175/2175/2175 2173/2173/2173
f 2178/2178/2178 2177/2177/2177 2176/2176/2176
f 2179/2179/2179 2178/2178/2178 2176/2176/2176
f 2178/2178/2178 2179/2179/2179 2180/2180/2180
f 2181/2181/2181 2178/2178/2178 2180/2180/2180
f 2184/2184/2184 2183/2183/2183 2182/2182/2182
f 2185/2185/2185 2184/2184/2184 2182/2182/2182
f 2182/2182/2182 2186/2186/2186 2185/2185/2185
f 2186/2186/2186 2187/2187/2187 2185/2185/2185
f 2190/2190/2190 2189/2189/2189 2188/2188/2188
f 2191/2191/2191 2190/2190/2190 2188/2188/2188
f 2190/2190/2190 2191/2191/2191 2192/2192/2192
f 2193/2193/2193 2190/2190/2190 2192/2192/2192
f 2196/2196/2196 2195/2195/2195 2194/2194/2194
f 2197/2197/2197 2196/2196/2196 2194/2194/2194
f 2198/2198/2198 2196/2196/2196 2197/2197/2197
f 2199/2199/2199 2198/2198/2198 2197/2197/2197
f 2202/2202/2202 2201/2201/2201 2200/2200/2200
f 2203/2203/2203 2202/2202/2202 2200/2200/2200
f 2203/2203/2203 2200/2200/2200 2204/2204/2204
f 2200/2200/2200 2205/2205/2205 2204/2204/2204
f 2208/2208/2208 2207/2207/2207 2206/2206/2206
f 2209/2209/2209 2208/2208/2208 2206/2206/2206
f 2212/2212/2212 2211/2211/2211 2210/2210/2210
f 2213/2213/2213 2212/2212/2212 2210/2210/2210
f 2216/2216/2216 2215/2215/2215 2214/2214/2214
f 2217/2217/2217 2216/2216/2216 2214/2214/2214
f 2220/2220/2220 2219/2219/2219 2218/2218/2218
f 2221/2221/2221 2220/2220/2220 2218/2218/2218
f 2224/2224/2224 2223/2223/2223 2222/2222/2222
f 2225/2225/2225 2224/2224/2224 2222/2222/2222
f 2228/2228/2228 2227/2227/2227 2226/2226/2226
f 2229/2229/2229 2228/2228/2228 2226/2226/2226
f 2232/2232/2232 2231/2231/2231 2230/2230/2230
f 2233/2233/2233 2232/2232/2232 2230/2230/2230
f 2236/2236/2236 2235/2235/2235 2234/2234/2234
f 2237/2237/2237 2236/2236/2236 2234/2234/2234
f 2240/2240/2240 2239/2239/2239 2238/2238/2238
f 2241/2241/2241 2240/2240/2240 2238/2238/2238
f 2244/2244/2244 2243/2243/2243 2242/2242/2242
f 2245/2245/2245 2244/2244/2244 2242/2242/2242
f 2248/2248/2248 2247/2247/2247 2246/2246/2246
f 2249/2249/2249 2248/2248/2248 2246/2246/2246
f 2252/2252/2252 2251/2251/2251 2250/2250/2250
f 2253/2253/2253 2252/2252/2252 2250/2250/2250
f 2256/2256/2256 2255/2255/2255 2254/2254/2254
f 2257/2257/2257 2256/2256/2256 2254/2254/2254
f 2258/2258/2258 2256/2256/2256 2257/2257/2257
f 2259/2259/2259 2258/2258/2258 2257/2257/2257
f 2260/2260/2260 2258/2258/2258 2259/2259/2259
f 2261/2261/2261 2260/2260/2260 2259/2259/2259
f 2264/2264/2264 2263/2263/2263 2262/2262/2262
f 2265/2265/2265 2264/2264/2264 2262/2262/2262
f 2266/2266/2266 2264/2264/2264 2265/2265/2265
f 2267/2267/2267 2266/2266/2266 2265/2265/2265
f 2268/2268/2268 2266/2266/2266 2267/2267/2267
f 2269/2269/2269 2268/2268/2268 2267/2267/2267
f 2272/2272/2272 2271/2271/2271 2270/2270/2270
f 2270/2270/2270 2273/2273/2273 2272/2272/2272
f 2270/2270/2270 2274/2274/2274 2273/2273/2273
f 2274/2274/2274 2275/2275/2275 2273/2273/2273
f 2278/2278/2278 2277/2277/2277 2276/2276/2276
f 2277/2277/2277 2279/2279/2279 2276/2276/2276
f 2277/2277/2277 2280/2280/2280 2279/2279/2279
f 2280/2280/2280 2281/2281/2281 2279/2279/2279
f 2280/2280/2280 2282/2282/2282 2281/2281/2281
f 2282/2282/2282 2283/2283/2283 2281/2281/2281
f 2286/2286/2286 2285/2285/2285 2284/2284/2284
f 2285/2285/2285 2287/2287/2287 2284/2284/2284
f 2285/2285/2285 2288/2288/2288 2287/2287/2287
f 2288/2288/2288 2289/2289/2289 2287/2287/2287
f 2288/2288/2288 2290/2290/2290 2289/2289/2289
f 2290/2290/2290 2291/2291/2291 2289/2289/2289
f 2294/2294/2294 2293/2293/2293 2292/2292/2292
f 2292/2292/2292 2295/2295/2295 2294/2294/2294
f 2292/2292/2292 2296/2296/2296 2295/2295/2295
f 2296/2296/2296 2297/2297/2297 2295/2295/2295
f 2300/2300/2300 2299/2299/2299 2298/2298/2298
f 2301/2301/2301 2300/2300/2300 2298/2298/2298
f 2301/2301/2301 2298/2298/2298 2302/2302/2302
f 2303/2303/2303 2300/2300/2300 2301/2301/2301
f 2304/2304/2304 2301/2301/2301 2302/2302/2302
f 2304/2304/2304 2302/2302/2302 2305/2305/2305
f 2306/2306/2306 2303/2303/2303 2301/2301/2301
f 2306/2306/2306 2301/2301/2301 2304/2304/2304
f 2307/2307/2307 2303/2303/2303 2306/2306/2306
f 2308/2308/2308 2304/2304/2304 2305/2305/2305
f 2308/2308/2308 2305/2305/2305 2309/2309/2309
f 2310/2310/2310 2307/2307/2307 2306/2306/2306
f 2311/2311/2311 2307/2307/2307 2310/2310/2310
f 2312/2312/2312 2306/2306/2306 2304/2304/2304
f 2312/2312/2312 2304/2304/2304 2308/2308/2308
f 2310/2310/2310 2306/2306/2306 2312/2312/2312
f 2313/2313/2313 2308/2308/2308 2309/2309/2309
f 2313/2313/2313 2309/2309/2309 2314/2314/2314
f 2315/2315/2315 2313/2313/2313 2314/2314/2314
f 2316/2316/2316 2311/2311/2311 2310/2310/2310
f 2317/2317/2317 2311/2311/2311 2316/2316/2316
f 2318/2318/2318 2317/2317/2317 2316/2316/2316
f 2319/2319/2319 2310/2310/2310 2312/2312/2312
f 2316/2316/2316 2310/2310/2310 2319/2319/2319
f 2320/2320/2320 2312/2312/2312 2308/2308/2308
f 2320/2320/2320 2308/2308/2308 2313/2313/2313
f 2319/2319/2319 2312/2312/2312 2320/2320/2320
f 2321/2321/2321 2313/2313/2313 2315/2315/2315
f 2321/2321/2321 2320/2320/2320 2313/2313/2313
f 2322/2322/2322 2321/2321/2321 2315/2315/2315
f 2318/2318/2318 2316/2316/2316 2323/2323/2323
f 2323/2323/2323 2316/2316/2316 2319/2319/2319
f 2324/2324/2324 2318/2318/2318 2323/2323/2323
f 2325/2325/2325 2319/2319/2319 2320/2320/2320
f 2325/2325/2325 2320/2320/2320 2321/2321/2321
f 2323/2323/2323 2319/2319/2319 2325/2325/2325
f 2326/2326/2326 2321/2321/2321 2322/2322/2322
f 2326/2326/2326 2325/2325/2325 2321/2321/2321
f 2327/2327/2327 2326/2326/2326 2322/2322/2322
f 2324/2324/2324 2323/2323/2323 2328/2328/2328
f 2328/2328/2328 2323/2323/2323 2325/2325/2325
f 2328/2328/2328 2325/2325/2325 2326/2326/2326
f 2329/2329/2329 2324/2324/2324 2328/2328/2328
f 2330/2330/2330 2326/2326/2326 2327/2327/2327
f 2330/2330/2330 2328/2328/2328 2326/2326/2326
f 2329/2329/2329 2328/2328/2328 2330/2330/2330
f 2331/2331/2331 2330/2330/2330 2327/2327/2327
f 2332/2332/2332 2329/2329/2329 2330/2330/2330
f 2332/2332/2332 2330/2330/2330 2331/2331/2331
f 2333/2333/2333 2332/2332/2332 2331/2331/2331
f 2336/2336/2336 2335/2335/2335 2334/2334/2334
f 2335/2335/2335 2337/2337/2337 2334/2334/2334
f 2334/2334/2334 2337/2337/2337 2338/2338/2338
f 2335/2335/2335 2339/2339/2339 2337/2337/2337
f 2337/2337/2337 2340/2340/2340 2338/2338/2338
f 2338/2338/2338 2340/2340/2340 2341/2341/2341
f 2339/2339/2339 2342/2342/2342 2337/2337/2337
f 2337/2337/2337 2342/2342/2342 2340/2340/2340
f 2339/2339/2339 2343/2343/2343 2342/2342/2342
f 2340/2340/2340 2344/2344/2344 2341/2341/2341
f 2341/2341/2341 2344/2344/2344 2345/2345/2345
f 2343/2343/2343 2346/2346/2346 2342/2342/2342
f 2343/2343/2343 2347/2347/2347 2346/2346/2346
f 2342/2342/2342 2348/2348/2348 2340/2340/2340
f 2340/2340/2340 2348/2348/2348 2344/2344/2344
f 2342/2342/2342 2346/2346/2346 2348/2348/2348
f 2344/2344/2344 2349/2349/2349 2345/2345/2345
f 2345/2345/2345 2349/2349/2349 2350/2350/2350
f 2349/2349/2349 2351/2351/2351 2350/2350/2350
f 2347/2347/2347 2352/2352/2352 2346/2346/2346
f 2347/2347/2347 2353/2353/2353 2352/2352/2352
f 2353/2353/2353 2354/2354/2354 2352/2352/2352
f 2346/2346/2346 2355/2355/2355 2348/2348/2348
f 2346/2346/2346 2352/2352/2352 2355/2355/2355
f 2348/2348/2348 2356/2356/2356 2344/2344/2344
f 2344/2344/2344 2356/2356/2356 2349/2349/2349
f 2348/2348/2348 2355/2355/2355 2356/2356/2356
f 2349/2349/2349 2357/2357/2357 2351/2351/2351
f 2356/2356/2356 2357/2357/2357 2349/2349/2349
f 2357/2357/2357 2358/2358/2358 2351/2351/2351
f 2352/2352/2352 2354/2354/2354 2359/2359/2359
f 2352/2352/2352 2359/2359/2359 2355/2355/2355
f 2354/2354/2354 2360/2360/2360 2359/2359/2359
f 2355/2355/2355 2361/2361/2361 2356/2356/2356
f 2356/2356/2356 2361/2361/2361 2357/2357/2357
f 2355/2355/2355 2359/2359/2359 2361/2361/2361
f 2357/2357/2357 2362/2362/2362 2358/2358/2358
f 2361/2361/2361 2362/2362/2362 2357/2357/2357
f 2362/2362/2362 2363/2363/2363 2358/2358/2358
f 2359/2359/2359 2360/2360/2360 2364/2364/2364
f 2359/2359/2359 2364/2364/2364 2361/2361/2361
f 2361/2361/2361 2364/2364/2364 2362/2362/2362
f 2360/2360/2360 2365/2365/2365 2364/2364/2364
f 2362/2362/2362 2366/2366/2366 2363/2363/2363
f 2364/2364/2364 2366/2366/2366 2362/2362/2362
f 2364/2364/2364 2365/2365/2365 2366/2366/2366
f 2366/2366/2366 2367/2367/2367 2363/2363/2363
f 2365/2365/2365 2368/2368/2368 2366/2366/2366
f 2366/2366/2366 2368/2368/2368 2367/2367/2367
f 2368/2368/2368 2369/2369/2369 2367/2367/2367
f 2372/2372/2372 2371/2371/2371 2370/2370/2370
f 2373/2373/2373 2372/2372/2372 2370/2370/2370
f 2376/2376/2376 2375/2375/2375 2374/2374/2374
f 2377/2377/2377 2376/2376/2376 2374/2374/2374
f 2380/2380/2380 2379/2379/2379 2378/2378/2378
f 2379/2379/2379 2381/2381/2381 2378/2378/2378
f 2382/2382/2382 2381/2381/2381 2379/2379/2379
f 2383/2383/2383 2382/2382/2382 2379/2379/2379
f 2386/2386/2386 2385/2385/2385 2384/2384/2384
f 2385/2385/2385 2387/2387/2387 2384/2384/2384
f 2388/2388/2388 2387/2387/2387 2385/2385/2385
f 2389/2389/2389 2388/2388/2388 2385/2385/2385
f 2392/2392/2392 2391/2391/2391 2390/2390/2390
f 2391/2391/2391 2393/2393/2393 2390/2390/2390
f 2394/2394/2394 2393/2393/2393 2391/2391/2391
f 2395/2395/2395 2394/2394/2394 2391/2391/2391
f 2398/2398/2398 2397/2397/2397 2396/2396/2396
f 2397/2397/2397 2399/2399/2399 2396/2396/2396
f 2400/2400/2400 2399/2399/2399 2397/2397/2397
f 2401/2401/2401 2400/2400/2400 2397/2397/2397
f 2404/2404/2404 2403/2403/2403 2402/2402/2402
f 2403/2403/2403 2405/2405/2405 2402/2402/2402
f 2402/2402/2402 2405/2405/2405 2406/2406/2406
f 2405/2405/2405 2407/2407/2407 2406/2406/2406
f 2410/2410/2410 2409/2409/2409 2408/2408/2408
f 2411/2411/2411 2410/2410/2410 2408/2408/2408
f 2412/2412/2412 2410/2410/2410 2411/2411/2411
f 2413/2413/2413 2412/2412/2412 2411/2411/2411
f 2416/2416/2416 2415/2415/2415 2414/2414/2414
f 2417/2417/2417 2416/2416/2416 2414/2414/2414
f 2418/2418/2418 2416/2416/2416 2417/2417/2417
f 2419/2419/2419 2418/2418/2418 2417/2417/2417
f 2422/2422/2422 2421/2421/2421 2420/2420/2420
f 2423/2423/2423 2422/2422/2422 2420/2420/2420
f 2424/2424/2424 2422/2422/2422 2423/2423/2423
f 2425/2425/2425 2424/2424/2424 2423/2423/2423
f 2428/2428/2428 2427/2427/2427 2426/2426/2426
f 2426/2426/2426 2429/2429/2429 2428/2428/2428
f 2426/2426/2426 2430/2430/2430 2429/2429/2429
f 2430/2430/2430 2431/2431/2431 2429/2429/2429
f 2430/2430/2430 2432/2432/2432 2431/2431/2431
f 2432/2432/2432 2433/2433/2433 2431/2431/2431
f 2436/2436/2436 2435/2435/2435 2434/2434/2434
f 2435/2435/2435 2437/2437/2437 2434/2434/2434
f 2434/2434/2434 2437/2437/2437 2438/2438/2438
f 2437/2437/2437 2439/2439/2439 2438/2438/2438
f 2442/2442/2442 2441/2441/2441 2440/2440/2440
f 2443/2443/2443 2442/2442/2442 2440/2440/2440
f 2444/2444/2444 2442/2442/2442 2443/2443/2443
f 2445/2445/2445 2444/2444/2444 2443/2443/2443
f 2448/2448/2448 2447/2447/2447 2446/2446/2446
f 2449/2449/2449 2448/2448/2448 2446/2446/2446
f 2450/2450/2450 2448/2448/2448 2449/2449/2449
f 2451/2451/2451 2450/2450/2450 2449/2449/2449
f 2454/2454/2454 2453/2453/2453 2452/2452/2452
f 2455/2455/2455 2454/2454/2454 2452/2452/2452
f 2456/2456/2456 2454/2454/2454 2455/2455/2455
f 2457/2457/2457 2456/2456/2456 2455/2455/2455
f 2460/2460/2460 2459/2459/2459 2458/2458/2458
f 2458/2458/2458 2461/2461/2461 2460/2460/2460
f 2458/2458/2458 2462/2462/2462 2461/2461/2461
f 2462/2462/2462 2463/2463/2463 2461/2461/2461
f 2462/2462/2462 2464/2464/2464 2463/2463/2463
f 2462/2462/2462 2465/2465/2465 2464/2464/2464
f 2468/2468/2468 2467/2467/2467 2466/2466/2466
f 2469/2469/2469 2468/2468/2468 2466/2466/2466
f 2466/2466/2466 2470/2470/2470 2469/2469/2469
f 2470/2470/2470 2471/2471/2471 2469/2469/2469
f 2474/2474/2474 2473/2473/2473 2472/2472/2472
f 2475/2475/2475 2474/2474/2474 2472/2472/2472
f 2474/2474/2474 2475/2475/2475 2476/2476/2476
f 2477/2477/2477 2474/2474/2474 2476/2476/2476
f 2480/2480/2480 2479/2479/2479 2478/2478/2478
f 2481/2481/2481 2480/2480/2480 2478/2478/2478
f 2478/2478/2478 2482/2482/2482 2481/2481/2481
f 2482/2482/2482 2483/2483/2483 2481/2481/2481
f 2486/2486/2486 2485/2485/2485 2484/2484/2484
f 2487/2487/2487 2486/2486/2486 2484/2484/2484
f 2486/2486/2486 2487/2487/2487 2488/2488/2488
f 2489/2489/2489 2486/2486/2486 2488/2488/2488
f 2492/2492/2492 2491/2491/2491 2490/2490/2490
f 2493/2493/2493 2492/2492/2492 2490/2490/2490
f 2494/2494/2494 2492/2492/2492 2493/2493/2493
f 2495/2495/2495 2494/2494/2494 2493/2493/2493
f 2498/2498/2498 2497/2497/2497 2496/2496/2496
f 2499/2499/2499 2498/2498/2498 2496/2496/2496
f 2499/2499/2499 2496/2496/2496 2500/2500/2500
f 2496/2496/2496 2501/2501/2501 2500/2500/2500
f 2504/2504/2504 2503/2503/2503 2502/2502/2502
f 2505/2505/2505 2504/2504/2504 2502/2502/2502
f 2508/2508/2508 2507/2507/2507 2506/2506/2506
f 2509/2509/2509 2508/2508/2508 2506/2506/2506
f 2512/2512/2512 2511/2511/2511 2510/2510/2510
f 2513/2513/2513 2512/2512/2512 2510/2510/2510
f 2516/2516/2516 2515/2515/2515 2514/2514/2514
f 2517/2517/2517 2516/2516/2516 2514/2514/2514
f 2520/2520/2520 2519/2519/2519 2518/2518/2518
f 2521/2521/2521 2520/2520/2520 2518/2518/2518
f 2524/2524/2524 2523/2523/2523 2522/2522/2522
f 2525/2525/2525 2524/2524/2524 2522/2522/2522
f 2528/2528/2528 2527/2527/2527 2526/2526/2526
f 2529/2529/2529 2528/2528/2528 2526/2526/2526
f 2532/2532/2532 2531/2531/2531 2530/2530/2530
f 2533/2533/2533 2532/2532/2532 2530/2530/2530
f 2536/2536/2536 2535/2535/2535 2534/2534/2534
f 2537/2537/2537 2536/2536/2536 2534/2534/2534
f 2540/2540/2540 2539/2539/2539 2538/2538/2538
f 2541/2541/2541 2540/2540/2540 2538/2538/2538
f 2544/2544/2544 2543/2543/2543 2542/2542/2542
f 2545/2545/2545 2544/2544/2544 2542/2542/2542
f 2548/2548/2548 2547/2547/2547 2546/2546/2546
f 2549/2549/2549 2548/2548/2548 2546/2546/2546
f 2552/2552/2552 2551/2551/2551 2550/2550/2550
f 2553/2553/2553 2552/2552/2552 2550/2550/2550
f 2554/2554/2554 2552/2552/2552 2553/2553/2553
f 2555/2555/2555 2554/2554/2554 2553/2553/2553
f 2556/2556/2556 2554/2554/2554 2555/2555/2555
f 2557/2557/2557 2556/2556/2556 2555/2555/2555
f 2560/2560/2560 2559/2559/2559 2558/2558/2558
f 2561/2561/2561 2560/2560/2560 2558/2558/2558
f 2562/2562/2562 2560/2560/2560 2561/2561/2561
f 2563/2563/2563 2562/2562/2562 2561/2561/2561
f 2564/2564/2564 2562/2562/2562 2563/2563/2563
f 2565/2565/2565 2564/2564/2564 2563/2563/2563
f 2568/2568/2568 2567/2567/2567 2566/2566/2566
f 2566/2566/2566 2569/2569/2569 2568/2568/2568
f 2566/2566/2566 2570/2570/2570 2569/2569/2569
f 2570/2570/2570 2571/2571/2571 2569/2569/2569
f 2574/2574/2574 2573/2573/2573 2572/2572/2572
f 2573/2573/2573 2575/2575/2575 2572/2572/2572
f 2573/2573/2573 2576/2576/2576 2575/2575/2575
f 2576/2576/2576 2577/2577/2577 2575/2575/2575
f 2576/2576/2576 2578/2578/2578 2577/2577/2577
f 2578/2578/2578 2579/2579/2579 2577/2577/2577
f 2582/2582/2582 2581/2581/2581 2580/2580/2580
f 2581/2581/2581 2583/2583/2583 2580/2580/2580
f 2581/2581/2581 2584/2584/2584 2583/2583/2583
f 2584/2584/2584 2585/2585/2585 2583/2583/2583
f 2584/2584/2584 2586/2586/2586 2585/2585/2585
f 2586/2586/2586 2587/2587/2587 2585/2585/2585
f 2590/2590/2590 2589/2589/2589 2588/2588/2588
f 2588/2588/2588 2591/2591/2591 2590/2590/2590
f 2588/2588/2588 2592/2592/2592 2591/2591/2591
f 2592/2592/2592 2593/2593/2593 2591/2591/2591
f 2596/2596/2596 2595/2595/2595 2594/2594/2594
f 2597/2597/2597 2596/2596/2596 2594/2594/2594
f 2597/2597/2597 2594/2594/2594 2598/2598/2598
f 2599/2599/2599 2596/2596/2596 2597/2597/2597
f 2600/2600/2600 2597/2597/2597 2598/2598/2598
f 2600/2600/2600 2598/2598/2598 2601/2601/2601
f 2602/2602/2602 2599/2599/2599 2597/2597/2597
f 2602/2602/2602 2597/2597/2597 2600/2600/2600
f 2603/2603/2603 2599/2599/2599 2602/2602/2602
f 2604/2604/2604 2600/2600/2600 2601/2601/2601
f 2604/2604/2604 2601/2601/2601 2605/2605/2605
f 2606/2606/2606 2603/2603/2603 2602/2602/2602
f 2607/2607/2607 2603/2603/2603 2606/2606/2606
f 2608/2608/2608 2602/2602/2602 2600/2600/2600
f 2608/2608/2608 2600/2600/2600 2604/2604/2604
f 2606/2606/2606 2602/2602/2602 2608/2608/2608
f 2609/2609/2609 2604/2604/2604 2605/2605/2605
f 2609/2609/2609 2605/2605/2605 2610/2610/2610
f 2611/2611/2611 2609/2609/2609 2610/2610/2610
f 2612/2612/2612 2607/2607/2607 2606/2606/2606
f 2613/2613/2613 2607/2607/2607 2612/2612/2612
f 2614/2614/2614 2613/2613/2613 2612/2612/2612
f 2615/2615/2615 2606/2606/2606 2608/2608/2608
f 2612/2612/2612 2606/2606/2606 2615/2615/2615
f 2616/2616/2616 2608/2608/2608 2604/2604/2604
f 2616/2616/2616 2604/2604/2604 2609/2609/2609
f 2615/2615/2615 2608/2608/2608 2616/2616/2616
f 2617/2617/2617 2609/2609/2609 2611/2611/2611
f 2617/2617/2617 2616/2616/2616 2609/2609/2609
f 2618/2618/2618 2617/2617/2617 2611/2611/2611
f 2614/2614/2614 2612/2612/2612 2619/2619/2619
f 2619/2619/2619 2612/2612/2612 2615/2615/2615
f 2620/2620/2620 2614/2614/2614 2619/2619/2619
f 2621/2621/2621 2615/2615/2615 2616/2616/2616
f 2621/2621/2621 2616/2616/2616 2617/2617/2617
f 2619/2619/2619 2615/2615/2615 2621/2621/2621
f 2622/2622/2622 2617/2617/2617 2618/2618/2618
f 2622/2622/2622 2621/2621/2621 2617/2617/2617
f 2623/2623/2623 2622/2622/2622 2618/2618/2618
f 2620/2620/2620 2619/2619/2619 2624/2624/2624
f 2624/2624/2624 2619/2619/2619 2621/2621/2621
f 2624/2624/2624 2621/2621/2621 2622/2622/2622
f 2625/2625/2625 2620/2620/2620 2624/2624/2624
f 2626/2626/2626 2622/2622/2622 2623/2623/2623
f 2626/2626/2626 2624/2624/2624 2622/2622/2622
f 2625/2625/2625 2624/2624/2624 2626/2626/2626
f 2627/2627/2627 2626/2626/2626 2623/2623/2623
f 2628/2628/2628 2625/2625/2625 2626/2626/2626
f 2628/2628/2628 2626/2626/2626 2627/2627/2627
f 2629/2629/2629 2628/2628/2628 2627/2627/2627
f 2632/2632/2632 2631/2631/2631 2630/2630/2630
f 2631/2631/2631 2633/2633/2633 2630/2630/2630
f 2630/2630/2630 2633/2633/2633 2634/2634/2634
f 2631/2631/2631 2635/2635/2635 2633/2633/2633
f 2633/2633/2633 2636/2636/2636 2634/2634/2634
f 2634/2634/2634 2636/2636/2636 2637/2637/2637
f 2635/2635/2635 2638/2638/2638 2633/2633/2633
f 2633/2633/2633 2638/2638/2638 2636/2636/2636
f 2635/2635/2635 2639/2639/2639 2638/2638/2638
f 2636/2636/2636 2640/2640/2640 2637/2637/2637
f 2637/2637/2637 2640/2640/2640 2641/2641/2641
f 2639/2639/2639 2642/2642/2642 2638/2638/2638
f 2639/2639/2639 2643/2643/2643 2642/2642/2642
f 2638/2638/2638 2644/2644/2644 2636/2636/2636
f 2636/2636/2636 2644/2644/2644 2640/2640/2640
f 2638/2638/2638 2642/2642/2642 2644/2644/2644
f 2640/2640/2640 2645/2645/2645 2641/2641/2641
f 2641/2641/2641 2645/2645/2645 2646/2646/2646
f 2645/2645/2645 2647/2647/2647 2646/2646/2646
f 2643/2643/2643 2648/2648/2648 2642/2642/2642
f 2643/2643/2643 2649/2649/2649 2648/2648/2648
f 2649/2649/2649 2650/2650/2650 2648/2648/2648
f 2642/2642/2642 2651/2651/2651 2644/2644/2644
f 2642/2642/2642 2648/2648/2648 2651/2651/2651
f 2644/2644/2644 2652/2652/2652 2640/2640/2640
f 2640/2640/2640 2652/2652/2652 2645/2645/2645
f 2644/2644/2644 2651/2651/2651 2652/2652/2652
f 2645/2645/2645 2653/2653/2653 2647/2647/2647
f 2652/2652/2652 2653/2653/2653 2645/2645/2645
f 2653/2653/2653 2654/2654/2654 2647/2647/2647
f 2648/2648/2648 2650/2650/2650 2655/2655/2655
f 2648/2648/2648 2655/2655/2655 2651/2651/2651
f 2650/2650/2650 2656/2656/2656 2655/2655/2655
f 2651/2651/2651 2657/2657/2657 2652/2652/2652
f 2652/2652/2652 2657/2657/2657 2653/2653/2653
f 2651/2651/2651 2655/2655/2655 2657/2657/2657
f 2653/2653/2653 2658/2658/2658 2654/2654/2654
f 2657/2657/2657 2658/2658/2658 2653/2653/2653
f 2658/2658/2658 2659/2659/2659 2654/2654/2654
f 2655/2655/2655 2656/2656/2656 2660/2660/2660
f 2655/2655/2655 2660/2660/2660 2657/2657/2657
f 2657/2657/2657 2660/2660/2660 2658/2658/2658
f 2656/2656/2656 2661/2661/2661 2660/2660/2660
f 2658/2658/2658 2662/2662/2662 2659/2659/2659
f 2660/2660/2660 2662/2662/2662 2658/2658/2658
f 2660/2660/2660 2661/2661/2661 2662/2662/2662
f 2662/2662/2662 2663/2663/2663 2659/2659/2659
f 2661/2661/2661 2664/2664/2664 2662/2662/2662
f 2662/2662/2662 2664/2664/2664 2663/2663/2663
f 2664/2664/2664 2665/2665/2665 2663/2663/2663
f 2668/2668/2668 2667/2667/2667 2666/2666/2666
f 2669/2669/2669 2668/2668/2668 2666/2666/2666
f 2672/2672/2672 2671/2671/2671 2670/2670/2670
f 2673/2673/2673 2672/2672/2672 2670/2670/2670
f 2676/2676/2676 2675/2675/2675 2674/2674/2674
f 2675/2675/2675 2677/2677/2677 2674/2674/2674
f 2678/2678/2678 2677/2677/2677 2675/2675/2675
f 2679/2679/2679 2678/2678/2678 2675/2675/2675
f 2682/2682/2682 2681/2681/2681 2680/2680/2680
f 2681/2681/2681 2683/2683/2683 2680/2680/2680
f 2684/2684/2684 2683/2683/2683 2681/2681/2681
f 2685/2685/2685 2684/2684/2684 2681/2681/2681
f 2688/2688/2688 2687/2687/2687 2686/2686/2686
f 2687/2687/2687 2689/2689/2689 2686/2686/2686
f 2690/2690/2690 2689/2689/2689 2687/2687/2687
f 2691/2691/2691 2690/2690/2690 2687/2687/2687
f 2694/2694/2694 2693/2693/2693 2692/2692/2692
f 2693/2693/2693 2695/2695/2695 2692/2692/2692
f 2696/2696/2696 2695/2695/2695 2693/2693/2693
f 2697/2697/2697 2696/2696/2696 2693/2693/2693
f 2700/2700/2700 2699/2699/2699 2698/2698/2698
f 2699/2699/2699 2701/2701/2701 2698/2698/2698
f 2698/2698/2698 2701/2701/2701 2702/2702/2702
f 2701/2701/2701 2703/2703/2703 2702/2702/2702
f 2706/2706/2706 2705/2705/2705 2704/2704/2704
f 2707/2707/2707 2706/2706/2706 2704/2704/2704
f 2708/2708/2708 2706/2706/2706 2707/2707/2707
f 2709/2709/2709 2708/2708/2708 2707/2707/2707
f 2712/2712/2712 2711/2711/2711 2710/2710/2710
f 2713/2713/2713 2712/2712/2712 2710/2710/2710
f 2714/2714/2714 2712/2712/2712 2713/2713/2713
f 2715/2715/2715 2714/2714/2714 2713/2713/2713
f 2718/2718/2718 2717/2717/2717 2716/2716/2716
f 2719/2719/2719 2718/2718/2718 2716/2716/2716
f 2720/2720/2720 2718/2718/2718 2719/2719/2719
f 2721/2721/2721 2720/2720/2720 2719/2719/2719
f 2724/2724/2724 2723/2723/2723 2722/2722/2722
f 2722/2722/2722 2725/2725/2725 2724/2724/2724
f 2725/2725/2725 2726/2726/2726 2724/2724/2724
f 2726/2726/2726 2727/2727/2727 2724/2724/2724
f 2726/2726/2726 2728/2728/2728 2727/2727/2727
f 2728/2728/2728 2729/2729/2729 2727/2727/2727
f 2732/2732/2732 2731/2731/2731 2730/2730/2730
f 2731/2731/2731 2733/2733/2733 2730/2730/2730
f 2730/2730/2730 2733/2733/2733 2734/2734/2734
f 2733/2733/2733 2735/2735/2735 2734/2734/2734
f 2738/2738/2738 2737/2737/2737 2736/2736/2736
f 2739/2739/2739 2738/2738/2738 2736/2736/2736
f 2740/2740/2740 2738/2738/2738 2739/2739/2739
f 2741/2741/2741 2740/2740/2740 2739/2739/2739
f 2744/2744/2744 2743/2743/2743 2742/2742/2742
f 2745/2745/2745 2744/2744/2744 2742/2742/2742
f 2746/2746/2746 2744/2744/2744 2745/2745/2745
f 2747/2747/2747 2746/2746/2746 2745/2745/2745
f 2750/2750/2750 2749/2749/2749 2748/2748/2748
f 2751/2751/2751 2750/2750/2750 2748/2748/2748
f 2752/2752/2752 2750/2750/2750 2751/2751/2751
f 2753/2753/2753 2752/2752/2752 2751/2751/2751
f 2756/2756/2756 2755/2755/2755 2754/2754/2754
f 2754/2754/2754 2757/2757/2757 2756/2756/2756
f 2754/2754/2754 2758/2758/2758 2757/2757/2757
f 2754/2754/2754 2759/2759/2759 2758/2758/2758
f 2759/2759/2759 2760/2760/2760 2758/2758/2758
f 2759/2759/2759 2761/2761/2761 2760/2760/2760
f 2764/2764/2764 2763/2763/2763 2762/2762/2762
f 2765/2765/2765 2764/2764/2764 2762/2762/2762
f 2762/2762/2762 2766/2766/2766 2765/2765/2765
f 2766/2766/2766 2767/2767/2767 2765/2765/2765
f 2770/2770/2770 2769/2769/2769 2768/2768/2768
f 2771/2771/2771 2770/2770/2770 2768/2768/2768
f 2770/2770/2770 2771/2771/2771 2772/2772/2772
f 2773/2773/2773 2770/2770/2770 2772/2772/2772
f 2776/2776/2776 2775/2775/2775 2774/2774/2774
f 2777/2777/2777 2776/2776/2776 2774/2774/2774
f 2774/2774/2774 2778/2778/2778 2777/2777/2777
f 2778/2778/2778 2779/2779/2779 2777/2777/2777
f 2782/2782/2782 2781/2781/2781 2780/2780/2780
f 2783/2783/2783 2782/2782/2782 2780/2780/2780
f 2782/2782/2782 2783/2783/2783 2784/2784/2784
f 2785/2785/2785 2782/2782/2782 2784/2784/2784
f 2788/2788/2788 2787/2787/2787 2786/2786/2786
f 2789/2789/2789 2788/2788/2788 2786/2786/2786
f 2790/2790/2790 2788/2788/2788 2789/2789/2789
f 2791/2791/2791 2790/2790/2790 2789/2789/2789
f 2794/2794/2794 2793/2793/2793 2792/2792/2792
f 2795/2795/2795 2794/2794/2794 2792/2792/2792
f 2795/2795/2795 2792/2792/2792 2796/2796/2796
f 2792/2792/2792 2797/2797/2797 2796/2796/2796
f 2800/2800/2800 2799/2799/2799 2798/2798/2798
f 2801/2801/2801 2800/2800/2800 2798/2798/2798
f 2804/2804/2804 2803/2803/2803 2802/2802/2802
f 2805/2805/2805 2804/2804/2804 2802/2802/2802
f 2808/2808/2808 2807/2807/2807 2806/2806/2806
f 2809/2809/2809 2808/2808/2808 2806/2806/2806
f 2812/2812/2812 2811/2811/2811 2810/2810/2810
f 2813/2813/2813 2812/2812/2812 2810/2810/2810
f 2816/2816/2816 2815/2815/2815 2814/2814/2814
f 2817/2817/2817 2816/2816/2816 2814/2814/2814
f 2820/2820/2820 2819/2819/2819 2818/2818/2818
f 2821/2821/2821 2820/2820/2820 2818/2818/2818
f 2824/2824/2824 2823/2823/2823 2822/2822/2822
f 2825/2825/2825 2824/2824/2824 2822/2822/2822
f 2828/2828/2828 2827/2827/2827 2826/2826/2826
f 2829/2829/2829 2828/2828/2828 2826/2826/2826
f 2832/2832/2832 2831/2831/2831 2830/2830/2830
f 2833/2833/2833 2832/2832/2832 2830/2830/2830
f 2836/2836/2836 2835/2835/2835 2834/2834/2834
f 2837/2837/2837 2836/2836/2836 2834/2834/2834
f 2840/2840/2840 2839/2839/2839 2838/2838/2838
f 2841/2841/2841 2840/2840/2840 2838/2838/2838
f 2844/2844/2844 2843/2843/2843 2842/2842/2842
f 2845/2845/2845 2844/2844/2844 2842/2842/2842
f 2848/2848/2848 2847/2847/2847 2846/2846/2846
f 2849/2849/2849 2848/2848/2848 2846/2846/2846
f 2850/2850/2850 2848/2848/2848 2849/2849/2849
f 2851/2851/2851 2850/2850/2850 2849/2849/2849
f 2852/2852/2852 2850/2850/2850 2851/2851/2851
f 2853/2853/2853 2852/2852/2852 2851/2851/2851
f 2856/2856/2856 2855/2855/2855 2854/2854/2854
f 2857/2857/2857 2856/2856/2856 2854/2854/2854
f 2858/2858/2858 2856/2856/2856 2857/2857/2857
f 2859/2859/2859 2858/2858/2858 2857/2857/2857
f 2860/2860/2860 2858/2858/2858 2859/2859/2859
f 2861/2861/2861 2860/2860/2860 2859/2859/2859
f 2864/2864/2864 2863/2863/2863 2862/2862/2862
f 2862/2862/2862 2865/2865/2865 2864/2864/2864
f 2865/2865/2865 2866/2866/2866 2864/2864/2864
f 2865/2865/2865 2867/2867/2867 2866/2866/2866
f 2870/2870/2870 2869/2869/2869 2868/2868/2868
f 2869/2869/2869 2871/2871/2871 2868/2868/2868
f 2869/2869/2869 2872/2872/2872 2871/2871/2871
f 2872/2872/2872 2873/2873/2873 2871/2871/2871
f 2872/2872/2872 2874/2874/2874 2873/2873/2873
f 2874/2874/2874 2875/2875/2875 2873/2873/2873
f 2878/2878/2878 2877/2877/2877 2876/2876/2876
f 2877/2877/2877 2879/2879/2879 2876/2876/2876
f 2877/2877/2877 2880/2880/2880 2879/2879/2879
f 2880/2880/2880 2881/2881/2881 2879/2879/2879
f 2880/2880/2880 2882/2882/2882 2881/2881/2881
f 2882/2882/2882 2883/2883/2883 2881/2881/2881
f 2886/2886/2886 2885/2885/2885 2884/2884/2884
f 2884/2884/2884 2887/2887/2887 2886/2886/2886
f 2887/2887/2887 2888/2888/2888 2886/2886/2886
f 2887/2887/2887 2889/2889/2889 2888/2888/2888
f 2892/2892/2892 2891/2891/2891 2890/2890/2890
f 2893/2893/2893 2892/2892/2892 2890/2890/2890
f 2893/2893/2893 2890/2890/2890 2894/2894/2894
f 2895/2895/2895 2892/2892/2892 2893/2893/2893
f 2896/2896/2896 2893/2893/2893 2894/2894/2894
f 2896/2896/2896 2894/2894/2894 2897/2897/2897
f 2898/2898/2898 2895/2895/2895 2893/2893/2893
f 2898/2898/2898 2893/2893/2893 2896/2896/2896
f 2899/2899/2899 2895/2895/2895 2898/2898/2898
f 2900/2900/2900 2896/2896/2896 2897/2897/2897
f 2900/2900/2900 2897/2897/2897 2901/2901/2901
f 2902/2902/2902 2899/2899/2899 2898/2898/2898
f 2903/2903/2903 2899/2899/2899 2902/2902/2902
f 2904/2904/2904 2898/2898/2898 2896/2896/2896
f 2904/2904/2904 2896/2896/2896 2900/2900/2900
f 2902/2902/2902 2898/2898/2898 2904/2904/2904
f 2905/2905/2905 2900/2900/2900 2901/2901/2901
f 2905/2905/2905 2901/2901/2901 2906/2906/2906
f 2907/2907/2907 2905/2905/2905 2906/2906/2906
f 2908/2908/2908 2903/2903/2903 2902/2902/2902
f 2909/2909/2909 2903/2903/2903 2908/2908/2908
f 2910/2910/2910 2909/2909/2909 2908/2908/2908
f 2911/2911/2911 2902/2902/2902 2904/2904/2904
f 2908/2908/2908 2902/2902/2902 2911/2911/2911
f 2912/2912/2912 2904/2904/2904 2900/2900/2900
f 2912/2912/2912 2900/2900/2900 2905/2905/2905
f 2911/2911/2911 2904/2904/2904 2912/2912/2912
f 2913/2913/2913 2905/2905/2905 2907/2907/2907
f 2913/2913/2913 2912/2912/2912 2905/2905/2905
f 2914/2914/2914 2913/2913/2913 2907/2907/2907
f 2910/2910/2910 2908/2908/2908 2915/2915/2915
f 2915/2915/2915 2908/2908/2908 2911/2911/2911
f 2916/2916/2916 2910/2910/2910 2915/2915/2915
f 2917/2917/2917 2911/2911/2911 2912/2912/2912
f 2917/2917/2917 2912/2912/2912 2913/2913/2913
f 2915/2915/2915 2911/2911/2911 2917/2917/2917
f 2918/2918/2918 2913/2913/2913 2914/2914/2914
f 2918/2918/2918 2917/2917/2917 2913/2913/2913
f 2919/2919/2919 2918/2918/2918 2914/2914/2914
f 2916/2916/2916 2915/2915/2915 2920/2920/2920
f 2920/2920/2920 2915/2915/2915 2917/2917/2917
f 2920/2920/2920 2917/2917/2917 2918/2918/2918
f 2921/2921/2921 2916/2916/2916 2920/2920/2920
f 2922/2922/2922 2918/2918/2918 2919/2919/2919
f 2922/2922/2922 2920/2920/2920 2918/2918/2918
f 2921/2921/2921 2920/2920/2920 2922/2922/2922
f 2923/2923/2923 2922/2922/2922 2919/2919/2919
f 2924/2924/2924 2921/2921/2921 2922/2922/2922
f 2924/2924/2924 2922/2922/2922 2923/2923/2923
f 2925/2925/2925 2924/2924/2924 2923/2923/2923
f 2928/2928/2928 2927/2927/2927 2926/2926/2926
f 2927/2927/2927 2929/2929/2929 2926/2926/2926
f 2926/2926/2926 2929/2929/2929 2930/2930/2930
f 2927/2927/2927 2931/2931/2931 2929/2929/2929
f 2929/2929/2929 2932/2932/2932 2930/2930/2930
f 2930/2930/2930 2932/2932/2932 2933/2933/2933
f 2931/2931/2931 2934/2934/2934 2929/2929/2929
f 2929/2929/2929 2934/2934/2934 2932/2932/2932
f 2931/2931/2931 2935/2935/2935 2934/2934/2934
f 2932/2932/2932 2936/2936/2936 2933/2933/2933
f 2933/2933/2933 2936/2936/2936 2937/2937/2937
f 2935/2935/2935 2938/2938/2938 2934/2934/2934
f 2935/2935/2935 2939/2939/2939 2938/2938/2938
f 2934/2934/2934 2940/2940/2940 2932/2932/2932
f 2932/2932/2932 2940/2940/2940 2936/2936/2936
f 2934/2934/2934 2938/2938/2938 2940/2940/2940
f 2936/2936/2936 2941/2941/2941 2937/2937/2937
f 2937/2937/2937 2941/2941/2941 2942/2942/2942
f 2941/2941/2941 2943/2943/2943 2942/2942/2942
f 2939/2939/2939 2944/2944/2944 2938/2938/2938
f 2939/2939/2939 2945/2945/2945 2944/2944/2944
f 2945/2945/2945 2946/2946/2946 2944/2944/2944
f 2938/2938/2938 2947/2947/2947 2940/2940/2940
f 2938/2938/2938 2944/2944/2944 2947/2947/2947
f 2940/2940/2940 2948/2948/2948 2936/2936/2936
f 2936/2936/2936 2948/2948/2948 2941/2941/2941
f 2940/2940/2940 2947/2947/2947 2948/2948/2948
f 2941/2941/2941 2949/2949/2949 2943/2943/2943
f 2948/2948/2948 2949/2949/2949 2941/2941/2941
f 2949/2949/2949 2950/2950/2950 2943/2943/2943
f 2944/2944/2944 2946/2946/2946 2951/2951/2951
f 2944/2944/2944 2951/2951/2951 2947/2947/2947
f 2946/2946/2946 2952/2952/2952 2951/2951/2951
f 2947/2947/2947 2953/2953/2953 2948/2948/2948
f 2948/2948/2948 2953/2953/2953 2949/2949/2949
f 2947/2947/2947 2951/2951/2951 2953/2953/2953
f 2949/2949/2949 2954/2954/2954 2950/2950/2950
f 2953/2953/2953 2954/2954/2954 2949/2949/2949
f 2954/2954/2954 2955/2955/2955 2950/2950/2950
f 2951/2951/2951 2952/2952/2952 2956/2956/2956
f 2951/2951/2951 2956/2956/2956 2953/2953/2953
f 2953/2953/2953 2956/2956/2956 2954/2954/2954
f 2952/2952/2952 2957/2957/2957 2956/2956/2956
f 2954/2954/2954 2958/2958/2958 2955/2955/2955
f 2956/2956/2956 2958/2958/2958 2954/2954/2954
f 2956/2956/2956 2957/2957/2957 2958/2958/2958
f 2958/2958/2958 2959/2959/2959 2955/2955/2955
f 2957/2957/2957 2960/2960/2960 2958/2958/2958
f 2958/2958/2958 2960/2960/2960 2959/2959/2959
f 2960/2960/2960 2961/2961/2961 2959/2959/2959
f 2964/2964/2964 2963/2963/2963 2962/2962/2962
f 2965/2965/2965 2964/2964/2964 2962/2962/2962
f 2968/2968/2968 2967/2967/2967 2966/2966/2966
f 2969/2969/2969 2968/2968/2968 2966/2966/2966
f 2972/2972/2972 2971/2971/2971 2970/2970/2970
f 2971/2971/2971 2973/2973/2973 2970/2970/2970
f 2974/2974/2974 2973/2973/2973 2971/2971/2971
f 2975/2975/2975 2974/2974/2974 2971/2971/2971
f 2978/2978/2978 2977/2977/2977 2976/2976/2976
f 2977/2977/2977 2979/2979/2979 2976/2976/2976
f 2980/2980/2980 2979/2979/2979 2977/2977/2977
f 2981/2981/2981 2980/2980/2980 2977/2977/2977
f 2984/2984/2984 2983/2983/2983 2982/2982/2982
f 2983/2983/2983 2985/2985/2985 2982/2982/2982
f 2986/2986/2986 2985/2985/2985 2983/2983/2983
f 2987/2987/2987 2986/2986/2986 2983/2983/2983
f 2990/2990/2990 2989/2989/2989 2988/2988/2988
f 2989/2989/2989 2991/2991/2991 2988/2988/2988
f 2992/2992/2992 2991/2991/2991 2989/2989/2989
f 2993/2993/2993 2992/2992/2992 2989/2989/2989
f 2996/2996/2996 2995/2995/2995 2994/2994/2994
f 2995/2995/2995 2997/2997/2997 2994/2994/2994
f 2994/2994/2994 2997/2997/2997 2998/2998/2998
f 2997/2997/2997 2999/2999/2999 2998/2998/2998
f 3002/3002/3002 3001/3001/3001 3000/3000/3000
f 3003/3003/3003 3002/3002/3002 3000/3000/3000
f 3004/3004/3004 3002/3002/3002 3003/3003/3003
f 3005/3005/3005 3004/3004/3004 3003/3003/3003
f 3008/3008/3008 3007/3007/3007 3006/3006/3006
f 3009/3009/3009 3008/3008/3008 3006/3006/3006
f 3010/3010/3010 3008/3008/3008 3009/3009/3009
f 3011/3011/3011 3010/3010/3010 3009/3009/3009
f 3014/3014/3014 3013/3013/3013 3012/3012/3012
f 3015/3015/3015 3014/3014/3014 3012/3012/3012
f 3016/3016/3016 3014/3014/3014 3015/3015/3015
f 3017/3017/3017 3016/3016/3016 3015/3015/3015
f 3020/3020/3020 3019/3019/3019 3018/3018/3018
f 3018/3018/3018 3021/3021/3021 3020/3020/3020
f 3018/3018/3018 3022/3022/3022 3021/3021/3021
f 3022/3022/3022 3023/3023/3023 3021/3021/3021
f 3022/3022/3022 3024/3024/3024 3023/3023/3023
f 3024/3024/3024 3025/3025/3025 3023/3023/3023
f 3028/3028/3028 3027/3027/3027 3026/3026/3026
f 3027/3027/3027 3029/3029/3029 3026/3026/3026
f 3026/3026/3026 3029/3029/3029 3030/3030/3030
f 3029/3029/3029 3031/3031/3031 3030/3030/3030
f 3034/3034/3034 3033/3033/3033 3032/3032/3032
f 3035/3035/3035 3034/3034/3034 3032/3032/3032
f 3036/3036/3036 3034/3034/3034 3035/3035/3035
f 3037/3037/3037 3036/3036/3036 3035/3035/3035
f 3040/3040/3040 3039/3039/3039 3038/3038/3038
f 3041/3041/3041 3040/3040/3040 3038/3038/3038
f 3042/3042/3042 3040/3040/3040 3041/3041/3041
f 3043/3043/3043 3042/3042/3042 3041/3041/3041
f 3046/3046/3046 3045/3045/3045 3044/3044/3044
f 3047/3047/3047 3046/3046/3046 3044/3044/3044
f 3048/3048/3048 3046/3046/3046 3047/3047/3047
f 3049/3049/3049 3048/3048/3048 3047/3047/3047
f 3052/3052/3052 3051/3051/3051 3050/3050/3050
f 3050/3050/3050 3053/3053/3053 3052/3052/3052
f 3050/3050/3050 3054/3054/3054 3053/3053/3053
f 3054/3054/3054 3055/3055/3055 3053/3053/3053
f 3054/3054/3054 3056/3056/3056 3055/3055/3055
f 3056/3056/3056 3057/3057/3057 3055/3055/3055
f 3060/3060/3060 3059/3059/3059 3058/3058/3058
f 3061/3061/3061 3060/3060/3060 3058/3058/3058
f 3058/3058/3058 3062/3062/3062 3061/3061/3061
f 3062/3062/3062 3063/3063/3063 3061/3061/3061
f 3066/3066/3066 3065/3065/3065 3064/3064/3064
f 3067/3067/3067 3066/3066/3066 3064/3064/3064
f 3066/3066/3066 3067/3067/3067 3068/3068/3068
f 3069/3069/3069 3066/3066/3066 3068/3068/3068
f 3072/3072/3072 3071/3071/3071 3070/3070/3070
f 3073/3073/3073 3072/3072/3072 3070/3070/3070
f 3070/3070/3070 3074/3074/3074 3073/3073/3073
f 3074/3074/3074 3075/3075/3075 3073/3073/3073
f 3078/3078/3078 3077/3077/3077 3076/3076/3076
f 3079/3079/3079 3078/3078/3078 3076/3076/3076
f 3078/3078/3078 3079/3079/3079 3080/3080/3080
f 3081/3081/3081 3078/3078/3078 3080/3080/3080
f 3084/3084/3084 3083/3083/3083 3082/3082/3082
f 3085/3085/3085 3084/3084/3084 3082/3082/3082
f 3086/3086/3086 3084/3084/3084 3085/3085/3085
f 3087/3087/3087 3086/3086/3086 3085/3085/3085
f 3090/3090/3090 3089/3089/3089 3088/3088/3088
f 3091/3091/3091 3090/3090/3090 3088/3088/3088
f 3091/3091/3091 3088/3088/3088 3092/3092/3092
f 3088/3088/3088 3093/3093/3093 3092/3092/3092
f 3096/3096/3096 3095/3095/3095 3094/3094/3094
f 3097/3097/3097 3096/3096/3096 3094/3094/3094
f 3100/3100/3100 3099/3099/3099 3098/3098/3098
f 3101/3101/3101 3100/3100/3100 3098/3098/3098
f 3104/3104/3104 3103/3103/3103 3102/3102/3102
f 3105/3105/3105 3104/3104/3104 3102/3102/3102
f 3108/3108/3108 3107/3107/3107 3106/3106/3106
f 3109/3109/3109 3108/3108/3108 3106/3106/3106
f 3112/3112/3112 3111/3111/3111 3110/3110/3110
f 3113/3113/3113 3112/3112/3112 3110/3110/3110
f 3116/3116/3116 3115/3115/3115 3114/3114/3114
f 3117/3117/3117 3116/3116/3116 3114/3114/3114
f 3120/3120/3120 3119/3119/3119 3118/3118/3118
f 3121/3121/3121 3120/3120/3120 3118/3118/3118
f 3124/3124/3124 3123/3123/3123 3122/3122/3122
f 3125/3125/3125 3124/3124/3124 3122/3122/3122
f 3128/3128/3128 3127/3127/3127 3126/3126/3126
f 3129/3129/3129 3128/3128/3128 3126/3126/3126
f 3132/3132/3132 3131/3131/3131 3130/3130/3130
f 3133/3133/3133 3132/3132/3132 3130/3130/3130
f 3136/3136/3136 3135/3135/3135 3134/3134/3134
f 3137/3137/3137 3136/3136/3136 3134/3134/3134
f 3140/3140/3140 3139/3139/3139 3138/3138/3138
f 3141/3141/3141 3140/3140/3140 3138/3138/3138
f 3144/3144/3144 3143/3143/3143 3142/3142/3142
f 3145/3145/3145 3144/3144/3144 3142/3142/3142
f 3146/3146/3146 3144/3144/3144 3145/3145/3145
f 3147/3147/3147 3146/3146/3146 3145/3145/3145
f 3148/3148/3148 3146/3146/3146 3147/3147/3147
f 3149/3149/3149 3148/3148/3148 3147/3147/3147
f 3152/3152/3152 3151/3151/3151 3150/3150/3150
f 3153/3153/3153 3152/3152/3152 3150/3150/3150
f 3154/3154/3154 3152/3152/3152 3153/3153/3153
f 3155/3155/3155 3154/3154/3154 3153/3153/3153
f 3156/3156/3156 3154/3154/3154 3155/3155/3155
f 3157/3157/3157 3156/3156/3156 3155/3155/3155
f 3160/3160/3160 3159/3159/3159 3158/3158/3158
f 3158/3158/3158 3161/3161/3161 3160/3160/3160
f 3161/3161/3161 3162/3162/3162 3160/3160/3160
f 3161/3161/3161 3163/3163/3163 3162/3162/3162
f 3166/3166/3166 3165/3165/3165 3164/3164/3164
f 3165/3165/3165 3167/3167/3167 3164/3164/3164
f 3165/3165/3165 3168/3168/3168 3167/3167/3167
f 3168/3168/3168 3169/3169/3169 3167/3167/3167
f 3168/3168/3168 3170/3170/3170 3169/3169/3169
f 3170/3170/3170 3171/3171/3171 3169/3169/3169
f 3174/3174/3174 3173/3173/3173 3172/3172/3172
f 3173/3173/3173 3175/3175/3175 3172/3172/3172
f 3173/3173/3173 3176/3176/3176 3175/3175/3175
f 3176/3176/3176 3177/3177/3177 3175/3175/3175
f 3176/3176/3176 3178/3178/3178 3177/3177/3177
f 3178/3178/3178 3179/3179/3179 3177/3177/3177
f 3182/3182/3182 3181/3181/3181 3180/3180/3180
f 3180/3180/3180 3183/3183/3183 3182/3182/3182
f 3183/3183/3183 3184/3184/3184 3182/3182/3182
f 3183/3183/3183 3185/3185/3185 3184/3184/3184
f 3188/3188/3188 3187/3187/3187 3186/3186/3186
f 3189/3189/3189 3188/3188/3188 3186/3186/3186
f 3189/3189/3189 3186/3186/3186 3190/3190/3190
f 3191/3191/3191 3188/3188/3188 3189/3189/3189
f 3192/3192/3192 3189/3189/3189 3190/3190/3190
f 3192/3192/3192 3190/3190/3190 3193/3193/3193
f 3194/3194/3194 3191/3191/3191 3189/3189/3189
f 3194/3194/3194 3189/3189/3189 3192/3192/3192
f 3195/3195/3195 3191/3191/3191 3194/3194/3194
f 3196/3196/3196 3192/3192/3192 3193/3193/3193
f 3196/3196/3196 3193/3193/3193 3197/3197/3197
f 3198/3198/3198 3195/3195/3195 3194/3194/3194
f 3199/3199/3199 3195/3195/3195 3198/3198/3198
f 3200/3200/3200 3194/3194/3194 3192/3192/3192
f 3200/3200/3200 3192/3192/3192 3196/3196/3196
f 3198/3198/3198 3194/3194/3194 3200/3200/3200
f 3201/3201/3201 3196/3196/3196 3197/3197/3197
f 3201/3201/3201 3197/3197/3197 3202/3202/3202
f 3203/3203/3203 3201/3201/3201 3202/3202/3202
f 3204/3204/3204 3199/3199/3199 3198/3198/3198
f 3205/3205/3205 3199/3199/3199 3204/3204/3204
f 3206/3206/3206 3205/3205/3205 3204/3204/3204
f 3207/3207/3207 3198/3198/3198 3200/3200/3200
f 3204/3204/3204 3198/3198/3198 3207/3207/3207
f 3208/3208/3208 3200/3200/3200 3196/3196/3196
f 3208/3208/3208 3196/3196/3196 3201/3201/3201
f 3207/3207/3207 3200/3200/3200 3208/3208/3208
f 3209/3209/3209 3201/3201/3201 3203/3203/3203
f 3209/3209/3209 3208/3208/3208 3201/3201/3201
f 3210/3210/3210 3209/3209/3209 3203/3203/3203
f 3206/3206/3206 3204/3204/3204 3211/3211/3211
f 3211/3211/3211 3204/3204/3204 3207/3207/3207
f 3212/3212/3212 3206/3206/3206 3211/3211/3211
f 3213/3213/3213 3207/3207/3207 3208/3208/3208
f 3213/3213/3213 3208/3208/3208 3209/3209/3209
f 3211/3211/3211 3207/3207/3207 3213/3213/3213
f 3214/3214/3214 3209/3209/3209 3210/3210/3210
f 3214/3214/3214 3213/3213/3213 3209/3209/3209
f 3215/3215/3215 3214/3214/3214 3210/3210/3210
f 3212/3212/3212 3211/3211/3211 3216/3216/3216
f 3216/3216/3216 3211/3211/3211 3213/3213/3213
f 3216/3216/3216 3213/3213/3213 3214/3214/3214
f 3217/3217/3217 3212/3212/3212 3216/3216/3216
f 3218/3218/3218 3214/3214/3214 3215/3215/3215
f 3218/3218/3218 3216/3216/3216 3214/3214/3214
f 3217/3217/3217 3216/3216/3216 3218/3218/3218
f 3219/3219/3219 3218/3218/3218 3215/3215/3215
f 3220/3220/3220 3217/3217/3217 3218/3218/3218
f 3220/3220/3220 3218/3218/3218 3219/3219/3219
f 3221/3221/3221 3220/3220/3220 3219/3219/3219
f 3224/3224/3224 3223/3223/3223 3222/3222/3222
f 3223/3223/3223 3225/3225/3225 3222/3222/3222
f 3222/3222/3222 3225/3225/3225 3226/3226/3226
f 3223/3223/3223 3227/3227/3227 3225/3225/3225
f 3225/3225/3225 3228/3228/3228 3226/3226/3226
f 3226/3226/3226 3228/3228/3228 3229/3229/3229
f 3227/3227/3227 3230/3230/3230 3225/3225/3225
f 3225/3225/3225 3230/3230/3230 3228/3228/3228
f 3227/3227/3227 3231/3231/3231 3230/3230/3230
f 3228/3228/3228 3232/3232/3232 3229/3229/3229
f 3229/3229/3229 3232/3232/3232 3233/3233/3233
f 3231/3231/3231 3234/3234/3234 3230/3230/3230
f 3231/3231/3231 3235/3235/3235 3234/3234/3234
f 3230/3230/3230 3236/3236/3236 3228/3228/3228
f 3228/3228/3228 3236/3236/3236 3232/3232/3232
f 3230/3230/3230 3234/3234/3234 3236/3236/3236
f 3232/3232/3232 3237/3237/3237 3233/3233/3233
f 3233/3233/3233 3237/3237/3237 3238/3238/3238
f 3237/3237/3237 3239/3239/3239 3238/3238/3238
f 3235/3235/3235 3240/3240/3240 3234/3234/3234
f 3235/3235/3235 3241/3241/3241 3240/3240/3240
f 3241/3241/3241 3242/3242/3242 3240/3240/3240
f 3234/3234/3234 3243/3243/3243 3236/3236/3236
f 3234/3234/3234 3240/3240/3240 3243/3243/3243
f 3236/3236/3236 3244/3244/3244 3232/3232/3232
f 3232/3232/3232 3244/3244/3244 3237/3237/3237
f 3236/3236/3236 3243/3243/3243 3244/3244/3244
f 3237/3237/3237 3245/3245/3245 3239/3239/3239
f 3244/3244/3244 3245/3245/3245 3237/3237/3237
f 3245/3245/3245 3246/3246/3246 3239/3239/3239
f 3240/3240/3240 3242/3242/3242 3247/3247/3247
f 3240/3240/3240 3247/3247/3247 3243/3243/3243
f 3242/3242/3242 3248/3248/3248 3247/3247/3247
f 3243/3243/3243 3249/3249/3249 3244/3244/3244
f 3244/3244/3244 3249/3249/3249 3245/3245/3245
f 3243/3243/3243 3247/3247/3247 3249/3249/3249
f 3245/3245/3245 3250/3250/3250 3246/3246/3246
f 3249/3249/3249 3250/3250/3250 3245/3245/3245
f 3250/3250/3250 3251/3251/3251 3246/3246/3246
f 3247/3247/3247 3248/3248/3248 3252/3252/3252
f 3247/3247/3247 3252/3252/3252 3249/3249/3249
f 3249/3249/3249 3252/3252/3252 3250/3250/3250
f 3248/3248/3248 3253/3253/3253 3252/3252/3252
f 3250/3250/3250 3254/3254/3254 3251/3251/3251
f 3252/3252/3252 3254/3254/3254 3250/3250/3250
f 3252/3252/3252 3253/3253/3253 3254/3254/3254
f 3254/3254/3254 3255/3255/3255 3251/3251/3251
f 3253/3253/3253 3256/3256/3256 3254/3254/3254
f 3254/3254/3254 3256/3256/3256 3255/3255/3255
f 3256/3256/3256 3257/3257/3257 3255/3255/3255
f 3260/3260/3260 3259/3259/3259 3258/3258/3258
f 3261/3261/3261 3260/3260/3260 3258/3258/3258
f 3264/3264/3264 3263/3263/3263 3262/3262/3262
f 3265/3265/3265 3264/3264/3264 3262/3262/3262
f 3268/3268/3268 3267/3267/3267 3266/3266/3266
f 3267/3267/3267 3269/3269/3269 3266/3266/3266
f 3270/3270/3270 3269/3269/3269 3267/3267/3267
f 3271/3271/3271 3270/3270/3270 3267/3267/3267
f 3274/3274/3274 3273/3273/3273 3272/3272/3272
f 3273/3273/3273 3275/3275/3275 3272/3272/3272
f 3276/3276/3276 3275/3275/3275 3273/3273/3273
f 3277/3277/3277 3276/3276/3276 3273/3273/3273
f 3280/3280/3280 3279/3279/3279 3278/3278/3278
f 3279/3279/3279 3281/3281/3281 3278/3278/3278
f 3282/3282/3282 3281/3281/3281 3279/3279/3279
f 3283/3283/3283 3282/3282/3282 3279/3279/3279
f 3286/3286/3286 3285/3285/3285 3284/3284/3284
f 3285/3285/3285 3287/3287/3287 3284/3284/3284
f 3288/3288/3288 3287/3287/3287 3285/3285/3285
f 3289/3289/3289 3288/3288/3288 3285/3285/3285
f 3292/3292/3292 3291/3291/3291 3290/3290/3290
f 3291/3291/3291 3293/3293/3293 3290/3290/3290
f 3290/3290/3290 3293/3293/3293 3294/3294/3294
f 3293/3293/3293 3295/3295/3295 3294/3294/3294
f 3298/3298/3298 3297/3297/3297 3296/3296/3296
f 3299/3299/3299 3298/3298/3298 3296/3296/3296
f 3300/3300/3300 3298/3298/3298 3299/3299/3299
f 3301/3301/3301 3300/3300/3300 3299/3299/3299
f 3304/3304/3304 3303/3303/3303 3302/3302/3302
f 3305/3305/3305 3304/3304/3304 3302/3302/3302
f 3306/3306/3306 3304/3304/3304 3305/3305/3305
f 3307/3307/3307 3306/3306/3306 3305/3305/3305
f 3310/3310/3310 3309/3309/3309 3308/3308/3308
f 3311/3311/3311 3310/3310/3310 3308/3308/3308
f 3312/3312/3312 3310/3310/3310 3311/3311/3311
f 3313/3313/3313 3312/3312/3312 3311/3311/3311
f 3316/3316/3316 3315/3315/3315 3314/3314/3314
f 3314/3314/3314 3317/3317/3317 3316/3316/3316
f 3314/3314/3314 3318/3318/3318 3317/3317/3317
f 3318/3318/3318 3319/3319/3319 3317/3317/3317
f 3318/3318/3318 3320/3320/3320 3319/3319/3319
f 3320/3320/3320 3321/3321/3321 3319/3319/3319
f 3324/3324/3324 3323/3323/3323 3322/3322/3322
f 3323/3323/3323 3325/3325/3325 3322/3322/3322
f 3322/3322/3322 3325/3325/3325 3326/3326/3326
f 3325/3325/3325 3327/3327/3327 3326/3326/3326
f 3330/3330/3330 3329/3329/3329 3328/3328/3328
f 3331/3331/3331 3330/3330/3330 3328/3328/3328
f 3332/3332/3332 3330/3330/3330 3331/3331/3331
f 3333/3333/3333 3332/3332/3332 3331/3331/3331
f 3336/3336/3336 3335/3335/3335 3334/3334/3334
f 3337/3337/3337 3336/3336/3336 3334/3334/3334
f 3338/3338/3338 3336/3336/3336 3337/3337/3337
f 3339/3339/3339 3338/3338/3338 3337/3337/3337
f 3342/3342/3342 3341/3341/3341 3340/3340/3340
f 3343/3343/3343 3342/3342/3342 3340/3340/3340
f 3344/3344/3344 3342/3342/3342 3343/3343/3343
f 3345/3345/3345 3344/3344/3344 3343/3343/3343
f 3348/3348/3348 3347/3347/3347 3346/3346/3346
f 3346/3346/3346 3349/3349/3349 3348/3348/3348
f 3349/3349/3349 3350/3350/3350 3348/3348/3348
f 3349/3349/3349 3351/3351/3351 3350/3350/3350
f 3351/3351/3351 3352/3352/3352 3350/3350/3350
f 3352/3352/3352 3353/3353/3353 3350/3350/3350
f 3356/3356/3356 3355/3355/3355 3354/3354/3354
f 3357/3357/3357 3356/3356/3356 3354/3354/3354
f 3354/3354/3354 3358/3358/3358 3357/3357/3357
f 3358/3358/3358 3359/3359/3359 3357/3357/3357
f 3362/3362/3362 3361/3361/3361 3360/3360/3360
f 3363/3363/3363 3362/3362/3362 3360/3360/3360
f 3362/3362/3362 3363/3363/3363 3364/3364/3364
f 3365/3365/3365 3362/3362/3362 3364/3364/3364
f 3368/3368/3368 3367/3367/3367 3366/3366/3366
f 3369/3369/3369 3368/3368/3368 3366/3366/3366
f 3366/3366/3366 3370/3370/3370 3369/3369/3369
f 3370/3370/3370 3371/3371/3371 3369/3369/3369
f 3374/3374/3374 3373/3373/3373 3372/3372/3372
f 3375/3375/3375 3374/3374/3374 3372/3372/3372
f 3374/3374/3374 3375/3375/3375 3376/3376/3376
f 3377/3377/3377 3374/3374/3374 3376/3376/3376
f 3380/3380/3380 3379/3379/3379 3378/3378/3378
f 3381/3381/3381 3380/3380/3380 3378/3378/3378
f 3382/3382/3382 3380/3380/3380 3381/3381/3381
f 3383/3383/3383 3382/3382/3382 3381/3381/3381
f 3386/3386/3386 3385/3385/3385 3384/3384/3384
f 3387/3387/3387 3386/3386/3386 3384/3384/3384
f 3387/3387/3387 3384/3384/3384 3388/3388/3388
f 3384/3384/3384 3389/3389/3389 3388/3388/3388
f 3392/3392/3392 3391/3391/3391 3390/3390/3390
f 3393/3393/3393 3392/3392/3392 3390/3390/3390
f 3396/3396/3396 3395/3395/3395 3394/3394/3394
f 3397/3397/3397 3396/3396/3396 3394/3394/3394
f 3400/3400/3400 3399/3399/3399 3398/3398/3398
f 3401/3401/3401 3400/3400/3400 3398/3398/3398
f 3404/3404/3404 3403/3403/3403 3402/3402/3402
f 3405/3405/3405 3404/3404/3404 3402/3402/3402
f 3408/3408/3408 3407/3407/3407 3406/3406/3406
f 3409/3409/3409 3408/3408/3408 3406/3406/3406
f 3412/3412/3412 3411/3411/3411 3410/3410/3410
f 3413/3413/3413 3412/3412/3412 3410/3410/3410
f 3416/3416/3416 3415/3415/3415 3414/3414/3414
f 3417/3417/3417 3416/3416/3416 3414/3414/3414
f 3420/3420/3420 3419/3419/3419 3418/3418/3418
f 3421/3421/3421 3420/3420/3420 3418/3418/3418
f 3424/3424/3424 3423/3423/3423 3422/3422/3422
f 3425/3425/3425 3424/3424/3424 3422/3422/3422
f 3428/3428/3428 3427/3427/3427 3426/3426/3426
f 3429/3429/3429 3428/3428/3428 3426/3426/3426
f 3432/3432/3432 3431/3431/3431 3430/3430/3430
f 3433/3433/3433 3432/3432/3432 3430/3430/3430
f 3436/3436/3436 3435/3435/3435 3434/3434/3434
f 3437/3437/3437 3436/3436/3436 3434/3434/3434
f 3440/3440/3440 3439/3439/3439 3438/3438/3438
f 3441/3441/3441 3440/3440/3440 3438/3438/3438
f 3442/3442/3442 3440/3440/3440 3441/3441/3441
f 3443/3443/3443 3442/3442/3442 3441/3441/3441
f 3444/3444/3444 3442/3442/3442 3443/3443/3443
f 3445/3445/3445 3444/3444/3444 3443/3443/3443
f 3448/3448/3448 3447/3447/3447 3446/3446/3446
f 3449/3449/3449 3448/3448/3448 3446/3446/3446
f 3450/3450/3450 3448/3448/3448 3449/3449/3449
f 3451/3451/3451 3450/3450/3450 3449/3449/3449
f 3452/3452/3452 3450/3450/3450 3451/3451/3451
f 3453/3453/3453 3452/3452/3452 3451/3451/3451
f 3456/3456/3456 3455/3455/3455 3454/3454/3454
f 3454/3454/3454 3457/3457/3457 3456/3456/3456
f 3454/3454/3454 3458/3458/3458 3457/3457/3457
f 3458/3458/3458 3459/3459/3459 3457/3457/3457
f 3462/3462/3462 3461/3461/3461 3460/3460/3460
f 3461/3461/3461 3463/3463/3463 3460/3460/3460
f 3461/3461/3461 3464/3464/3464 3463/3463/3463
f 3464/3464/3464 3465/3465/3465 3463/3463/3463
f 3464/3464/3464 3466/3466/3466 3465/3465/3465
f 3466/3466/3466 3467/3467/3467 3465/3465/3465
f 3470/3470/3470 3469/3469/3469 3468/3468/3468
f 3469/3469/3469 3471/3471/3471 3468/3468/3468
f 3469/3469/3469 3472/3472/3472 3471/3471/3471
f 3472/3472/3472 3473/3473/3473 3471/3471/3471
f 3472/3472/3472 3474/3474/3474 3473/3473/3473
f 3474/3474/3474 3475/3475/3475 3473/3473/3473
f 3478/3478/3478 3477/3477/3477 3476/3476/3476
f 3476/3476/3476 3479/3479/3479 3478/3478/3478
f 3476/3476/3476 3480/3480/3480 3479/3479/3479
f 3480/3480/3480 3481/3481/3481 3479/3479/3479
f 3484/3484/3484 3483/3483/3483 3482/3482/3482
f 3485/3485/3485 3484/3484/3484 3482/3482/3482
f 3485/3485/3485 3482/3482/3482 3486/3486/3486
f 3487/3487/3487 3484/3484/3484 3485/3485/3485
f 3488/3488/3488 3485/3485/3485 3486/3486/3486
f 3488/3488/3488 3486/3486/3486 3489/3489/3489
f 3490/3490/3490 3487/3487/3487 3485/3485/3485
f 3490/3490/3490 3485/3485/3485 3488/3488/3488
f 3491/3491/3491 3487/3487/3487 3490/3490/3490
f 3492/3492/3492 3488/3488/3488 3489/3489/3489
f 3492/3492/3492 3489/3489/3489 3493/3493/3493
f 3494/3494/3494 3491/3491/3491 3490/3490/3490
f 3495/3495/3495 3491/3491/3491 3494/3494/3494
f 3496/3496/3496 3490/3490/3490 3488/3488/3488
f 3496/3496/3496 3488/3488/3488 3492/3492/3492
f 3494/3494/3494 3490/3490/3490 3496/3496/3496
f 3497/3497/3497 3492/3492/3492 3493/3493/3493
f 3497/3497/3497 3493/3493/3493 3498/3498/3498
f 3499/3499/3499 3497/3497/3497 3498/3498/3498
f 3500/3500/3500 3495/3495/3495 3494/3494/3494
f 3501/3501/3501 3495/3495/3495 3500/3500/3500
f 3502/3502/3502 3501/3501/3501 3500/3500/3500
f 3503/3503/3503 3494/3494/3494 3496/3496/3496
f 3500/3500/3500 3494/3494/3494 3503/3503/3503
f 3504/3504/3504 3496/3496/3496 3492/3492/3492
f 3504/3504/3504 3492/3492/3492 3497/3497/3497
f 3503/3503/3503 3496/3496/3496 3504/3504/3504
f 3505/3505/3505 3497/3497/3497 3499/3499/3499
f 3505/3505/3505 3504/3504/3504 3497/3497/3497
f 3506/3506/3506 3505/3505/3505 3499/3499/3499
f 3502/3502/3502 3500/3500/3500 3507/3507/3507
f 3507/3507/3507 3500/3500/3500 3503/3503/3503
f 3508/3508/3508 3502/3502/3502 3507/3507/3507
f 3509/3509/3509 3503/3503/3503 3504/3504/3504
f 3509/3509/3509 3504/3504/3504 3505/3505/3505
f 3507/3507/3507 3503/3503/3503 3509/3509/3509
f 3510/3510/3510 3505/3505/3505 3506/3506/3506
f 3510/3510/3510 3509/3509/3509 3505/3505/3505
f 3511/3511/3511 3510/3510/3510 3506/3506/3506
f 3508/3508/3508 3507/3507/3507 3512/3512/3512
f 3512/3512/3512 3507/3507/3507 3509/3509/3509
f 3512/3512/3512 3509/3509/3509 3510/3510/3510
f 3513/3513/3513 3508/3508/3508 3512/3512/3512
f 3514/3514/3514 3510/3510/3510 3511/3511/3511
f 3514/3514/3514 3512/3512/3512 3510/3510/3510
f 3513/3513/3513 3512/3512/3512 3514/3514/3514
f 3515/3515/3515 3514/3514/3514 3511/3511/3511
f 3516/3516/3516 3513/3513/3513 3514/3514/3514
f 3516/3516/3516 3514/3514/3514 3515/3515/3515
f 3517/3517/3517 3516/3516/3516 3515/3515/3515
f 3520/3520/3520 3519/3519/3519 3518/3518/3518
f 3519/3519/3519 3521/3521/3521 3518/3518/3518
f 3518/3518/3518 3521/3521/3521 3522/3522/3522
f 3519/3519/3519 3523/3523/3523 3521/3521/3521
f 3521/3521/3521 3524/3524/3524 3522/3522/3522
f 3522/3522/3522 3524/3524/3524 3525/3525/3525
f 3523/3523/3523 3526/3526/3526 3521/3521/3521
f 3521/3521/3521 3526/3526/3526 3524/3524/3524
f 3523/3523/3523 3527/3527/3527 3526/3526/3526
f 3524/3524/3524 3528/3528/3528 3525/3525/3525
f 3525/3525/3525 3528/3528/3528 3529/3529/3529
f 3527/3527/3527 3530/3530/3530 3526/3526/3526
f 3527/3527/3527 3531/3531/3531 3530/3530/3530
f 3526/3526/3526 3532/3532/3532 3524/3524/3524
f 3524/3524/3524 3532/3532/3532 3528/3528/3528
f 3526/3526/3526 3530/3530/3530 3532/3532/3532
f 3528/3528/3528 3533/3533/3533 3529/3529/3529
f 3529/3529/3529 3533/3533/3533 3534/3534/3534
f 3533/3533/3533 3535/3535/3535 3534/3534/3534
f 3531/3531/3531 3536/3536/3536 3530/3530/3530
f 3531/3531/3531 3537/3537/3537 3536/3536/3536
f 3537/3537/3537 3538/3538/3538 3536/3536/3536
f 3530/3530/3530 3539/3539/3539 3532/3532/3532
f 3530/3530/3530 3536/3536/3536 3539/3539/3539
f 3532/3532/3532 3540/3540/3540 3528/3528/3528
f 3528/3528/3528 3540/3540/3540 3533/3533/3533
f 3532/3532/3532 3539/3539/3539 3540/3540/3540
f 3533/3533/3533 3541/3541/3541 3535/3535/3535
f 3540/3540/3540 3541/3541/3541 3533/3533/3533
f 3541/3541/3541 3542/3542/3542 3535/3535/3535
f 3536/3536/3536 3538/3538/3538 3543/3543/3543
f 3536/3536/3536 3543/3543/3543 3539/3539/3539
f 3538/3538/3538 3544/3544/3544 3543/3543/3543
f 3539/3539/3539 3545/3545/3545 3540/3540/3540
f 3540/3540/3540 3545/3545/3545 3541/3541/3541
f 3539/3539/3539 3543/3543/3543 3545/3545/3545
f 3541/3541/3541 3546/3546/3546 3542/3542/3542
f 3545/3545/3545 3546/3546/3546 3541/3541/3541
f 3546/3546/3546 3547/3547/3547 3542/3542/3542
f 3543/3543/3543 3544/3544/3544 3548/3548/3548
f 3543/3543/3543 3548/3548/3548 3545/3545/3545
f 3545/3545/3545 3548/3548/3548 3546/3546/3546
f 3544/3544/3544 3549/3549/3549 3548/3548/3548
f 3546/3546/3546 3550/3550/3550 3547/3547/3547
f 3548/3548/3548 3550/3550/3550 3546/3546/3546
f 3548/3548/3548 3549/3549/3549 3550/3550/3550
f 3550/3550/3550 3551/3551/3551 3547/3547/3547
f 3549/3549/3549 3552/3552/3552 3550/3550/3550
f 3550/3550/3550 3552/3552/3552 3551/3551/3551
f 3552/3552/3552 3553/3553/3553 3551/3551/3551
f 3556/3556/3556 3555/3555/3555 3554/3554/3554
f 3557/3557/3557 3556/3556/3556 3554/3554/3554
f 3560/3560/3560 3559/3559/3559 3558/3558/3558
f 3561/3561/3561 3560/3560/3560 3558/3558/3558
f 3564/3564/3564 3563/3563/3563 3562/3562/3562
f 3563/3563/3563 3565/3565/3565 3562/3562/3562
f 3566/3566/3566 3565/3565/3565 3563/3563/3563
f 3567/3567/3567 3566/3566/3566 3563/3563/3563
f 3570/3570/3570 3569/3569/3569 3568/3568/3568
f 3569/3569/3569 3571/3571/3571 3568/3568/3568
f 3572/3572/3572 3571/3571/3571 3569/3569/3569
f 3573/3573/3573 3572/3572/3572 3569/3569/3569
f 3576/3576/3576 3575/3575/3575 3574/3574/3574
f 3575/3575/3575 3577/3577/3577 3574/3574/3574
f 3578/3578/3578 3577/3577/3577 3575/3575/3575
f 3579/3579/3579 3578/3578/3578 3575/3575/3575
f 3582/3582/3582 3581/3581/3581 3580/3580/3580
f 3581/3581/3581 3583/3583/3583 3580/3580/3580
f 3584/3584/3584 3583/3583/3583 3581/3581/3581
f 3585/3585/3585 3584/3584/3584 3581/3581/3581
f 3588/3588/3588 3587/3587/3587 3586/3586/3586
f 3587/3587/3587 3589/3589/3589 3586/3586/3586
f 3586/3586/3586 3589/3589/3589 3590/3590/3590
f 3589/3589/3589 3591/3591/3591 3590/3590/3590
f 3594/3594/3594 3593/3593/3593 3592/3592/3592
f 3595/3595/3595 3594/3594/3594 3592/3592/3592
f 3596/3596/3596 3594/3594/3594 3595/3595/3595
f 3597/3597/3597 3596/3596/3596 3595/3595/3595
f 3600/3600/3600 3599/3599/3599 3598/3598/3598
f 3601/3601/3601 3600/3600/3600 3598/3598/3598
f 3602/3602/3602 3600/3600/3600 3601/3601/3601
f 3603/3603/3603 3602/3602/3602 3601/3601/3601
f 3606/3606/3606 3605/3605/3605 3604/3604/3604
f 3607/3607/3607 3606/3606/3606 3604/3604/3604
f 3608/3608/3608 3606/3606/3606 3607/3607/3607
f 3609/3609/3609 3608/3608/3608 3607/3607/3607
f 3612/3612/3612 3611/3611/3611 3610/3610/3610
f 3610/3610/3610 3613/3613/3613 3612/3612/3612
f 3610/3610/3610 3614/3614/3614 3613/3613/3613
f 3614/3614/3614 3615/3615/3615 3613/3613/3613
f 3614/3614/3614 3616/3616/3616 3615/3615/3615
f 3614/3614/3614 3617/3617/3617 3616/3616/3616
f 3620/3620/3620 3619/3619/3619 3618/3618/3618
f 3619/3619/3619 3621/3621/3621 3618/3618/3618
f 3618/3618/3618 3621/3621/3621 3622/3622/3622
f 3621/3621/3621 3623/3623/3623 3622/3622/3622
f 3626/3626/3626 3625/3625/3625 3624/3624/3624
f 3627/3627/3627 3626/3626/3626 3624/3624/3624
f 3628/3628/3628 3626/3626/3626 3627/3627/3627
f 3629/3629/3629 3628/3628/3628 3627/3627/3627
f 3632/3632/3632 3631/3631/3631 3630/3630/3630
f 3633/3633/3633 3632/3632/3632 3630/3630/3630
f 3634/3634/3634 3632/3632/3632 3633/3633/3633
f 3635/3635/3635 3634/3634/3634 3633/3633/3633
f 3638/3638/3638 3637/3637/3637 3636/3636/3636
f 3639/3639/3639 3638/3638/3638 3636/3636/3636
f 3640/3640/3640 3638/3638/3638 3639/3639/3639
f 3641/3641/3641 3640/3640/3640 3639/3639/3639
f 3644/3644/3644 3643/3643/3643 3642/3642/3642
f 3642/3642/3642 3645/3645/3645 3644/3644/3644
f 3642/3642/3642 3646/3646/3646 3645/3645/3645
f 3642/3642/3642 3647/3647/3647 3646/3646/3646
f 3647/3647/3647 3648/3648/3648 3646/3646/3646
f 3647/3647/3647 3649/3649/3649 3648/3648/3648
f 3652/3652/3652 3651/3651/3651 3650/3650/3650
f 3653/3653/3653 3652/3652/3652 3650/3650/3650
f 3650/3650/3650 3654/3654/3654 3653/3653/3653
f 3654/3654/3654 3655/3655/3655 3653/3653/3653
f 3658/3658/3658 3657/3657/3657 3656/3656/3656
f 3659/3659/3659 3658/3658/3658 3656/3656/3656
f 3658/3658/3658 3659/3659/3659 3660/3660/3660
f 3661/3661/3661 3658/3658/3658 3660/3660/3660
f 3664/3664/3664 3663/3663/3663 3662/3662/3662
f 3665/3665/3665 3664/3664/3664 3662/3662/3662
f 3662/3662/3662 3666/3666/3666 3665/3665/3665
f 3666/3666/3666 3667/3667/3667 3665/3665/3665
f 3670/3670/3670 3669/3669/3669 3668/3668/3668
f 3671/3671/3671 3670/3670/3670 3668/3668/3668
f 3670/3670/3670 3671/3671/3671 3672/3672/3672
f 3673/3673/3673 3670/3670/3670 3672/3672/3672
f 3676/3676/3676 3675/3675/3675 3674/3674/3674
f 3677/3677/3677 3676/3676/3676 3674/3674/3674
f 3678/3678/3678 3676/3676/3676 3677/3677/3677
f 3679/3679/3679 3678/3678/3678 3677/3677/3677
f 3682/3682/3682 3681/3681/3681 3680/3680/3680
f 3683/3683/3683 3682/3682/3682 3680/3680/3680
f 3683/3683/3683 3680/3680/3680 3684/3684/3684
f 3680/3680/3680 3685/3685/3685 3684/3684/3684
f 3688/3688/3688 3687/3687/3687 3686/3686/3686
f 3689/3689/3689 3688/3688/3688 3686/3686/3686
f 3692/3692/3692 3691/3691/3691 3690/3690/3690
f 3693/3693/3693 3692/3692/3692 3690/3690/3690
f 3696/3696/3696 3695/3695/3695 3694/3694/3694
f 3697/3697/3697 3696/3696/3696 3694/3694/3694
f 3700/3700/3700 3699/3699/3699 3698/3698/3698
f 3701/3701/3701 3700/3700/3700 3698/3698/3698
f 3704/3704/3704 3703/3703/3703 3702/3702/3702
f 3705/3705/3705 3704/3704/3704 3702/3702/3702
f 3708/3708/3708 3707/3707/3707 3706/3706/3706
f 3709/3709/3709 3708/3708/3708 3706/3706/3706
f 3712/3712/3712 3711/3711/3711 3710/3710/3710
f 3713/3713/3713 3712/3712/3712 3710/3710/3710
f 3716/3716/3716 3715/3715/3715 3714/3714/3714
f 3717/3717/3717 3716/3716/3716 3714/3714/3714
f 3720/3720/3720 3719/3719/3719 3718/3718/3718
f 3721/3721/3721 3720/3720/3720 3718/3718/3718
f 3724/3724/3724 3723/3723/3723 3722/3722/3722
f 3725/3725/3725 3724/3724/3724 3722/3722/3722
f 3728/3728/3728 3727/3727/3727 3726/3726/3726
f 3729/3729/3729 3728/3728/3728 3726/3726/3726
f 3732/3732/3732 3731/3731/3731 3730/3730/3730
f 3733/3733/3733 3732/3732/3732 3730/3730/3730
f 3736/3736/3736 3735/3735/3735 3734/3734/3734
f 3737/3737/3737 3736/3736/3736 3734/3734/3734
f 3738/3738/3738 3736/3736/3736 3737/3737/3737
f 3739/3739/3739 3738/3738/3738 3737/3737/3737
f 3740/3740/3740 3738/3738/3738 3739/3739/3739
f 3741/3741/3741 3740/3740/3740 3739/3739/3739
f 3744/3744/3744 3743/3743/3743 3742/3742/3742
f 3745/3745/3745 3744/3744/3744 3742/3742/3742
f 3746/3746/3746 3744/3744/3744 3745/3745/3745
f 3747/3747/3747 3746/3746/3746 3745/3745/3745
f 3748/3748/3748 3746/3746/3746 3747/3747/3747
f 3749/3749/3749 3748/3748/3748 3747/3747/3747
f 3752/3752/3752 3751/3751/3751 3750/3750/3750
f 3750/3750/3750 3753/3753/3753 3752/3752/3752
f 3750/3750/3750 3754/3754/3754 3753/3753/3753
f 3754/3754/3754 3755/3755/3755 3753/3753/3753
f 3758/3758/3758 3757/3757/3757 3756/3756/3756
f 3757/3757/3757 3759/3759/3759 3756/3756/3756
f 3757/3757/3757 3760/3760/3760 3759/3759/3759
f 3760/3760/3760 3761/3761/3761 3759/3759/3759
f 3760/3760/3760 3762/3762/3762 3761/3761/3761
f 3762/3762/3762 3763/3763/3763 3761/3761/3761
f 3766/3766/3766 3765/3765/3765 3764/3764/3764
f 3765/3765/3765 3767/3767/3767 3764/3764/3764
f 3765/3765/3765 3768/3768/3768 3767/3767/3767
f 3768/3768/3768 3769/3769/3769 3767/3767/3767
f 3768/3768/3768 3770/3770/3770 3769/3769/3769
f 3770/3770/3770 3771/3771/3771 3769/3769/3769
f 3774/3774/3774 3773/3773/3773 3772/3772/3772
f 3772/3772/3772 3775/3775/3775 3774/3774/3774
f 3772/3772/3772 3776/3776/3776 3775/3775/3775
f 3776/3776/3776 3777/3777/3777 3775/3775/3775
f 3780/3780/3780 3779/3779/3779 3778/3778/3778
f 3781/3781/3781 3780/3780/3780 3778/3778/3778
f 3781/3781/3781 3778/3778/3778 3782/3782/3782
f 3783/3783/3783 3780/3780/3780 3781/3781/3781
f 3784/3784/3784 3781/3781/3781 3782/3782/3782
f 3784/3784/3784 3782/3782/3782 3785/3785/3785
f 3786/3786/3786 3783/3783/3783 3781/3781/3781
f 3786/3786/3786 3781/3781/3781 3784/3784/3784
f 3787/3787/3787 3783/3783/3783 3786/3786/3786
f 3788/3788/3788 3784/3784/3784 3785/3785/3785
f 3788/3788/3788 3785/3785/3785 3789/3789/3789
f 3790/3790/3790 3787/3787/3787 3786/3786/3786
f 3791/3791/3791 3787/3787/3787 3790/3790/3790
f 3792/3792/3792 3786/3786/3786 3784/3784/3784
f 3792/3792/3792 3784/3784/3784 3788/3788/3788
f 3790/3790/3790 3786/3786/3786 3792/3792/3792
f 3793/3793/3793 3788/3788/3788 3789/3789/3789
f 3793/3793/3793 3789/3789/3789 3794/3794/3794
f 3795/3795/3795 3793/3793/3793 3794/3794/3794
f 3796/3796/3796 3791/3791/3791 3790/3790/3790
f 3797/3797/3797 3791/3791/3791 3796/3796/3796
f 3798/3798/3798 3797/3797/3797 3796/3796/3796
f 3799/3799/3799 3790/3790/3790 3792/3792/3792
f 3796/3796/3796 3790/3790/3790 3799/3799/3799
f 3800/3800/3800 3792/3792/3792 3788/3788/3788
f 3800/3800/3800 3788/3788/3788 3793/3793/3793
f 3799/3799/3799 3792/3792/3792 3800/3800/3800
f 3801/3801/3801 3793/3793/3793 3795/3795/3795
f 3801/3801/3801 3800/3800/3800 3793/3793/3793
f 3802/3802/3802 3801/3801/3801 3795/3795/3795
f 3798/3798/3798 3796/3796/3796 3803/3803/3803
f 3803/3803/3803 3796/3796/3796 3799/3799/3799
f 3804/3804/3804 3798/3798/3798 3803/3803/3803
f 3805/3805/3805 3799/3799/3799 3800/3800/3800
f 3805/3805/3805 3800/3800/3800 3801/3801/3801
f 3803/3803/3803 3799/3799/3799 3805/3805/3805
f 3806/3806/3806 3801/3801/3801 3802/3802/3802
f 3806/3806/3806 3805/3805/3805 3801/3801/3801
f 3807/3807/3807 3806/3806/3806 3802/3802/3802
f 3804/3804/3804 3803/3803/3803 3808/3808/3808
f 3808/3808/3808 3803/3803/3803 3805/3805/3805
f 3808/3808/3808 3805/3805/3805 3806/3806/3806
f 3809/3809/3809 3804/3804/3804 3808/3808/3808
f 3810/3810/3810 3806/3806/3806 3807/3807/3807
f 3810/3810/3810 3808/3808/3808 3806/3806/3806
f 3809/3809/3809 3808/3808/3808 3810/3810/3810
f 3811/3811/3811 3810/3810/3810 3807/3807/3807
f 3812/3812/3812 3809/3809/3809 3810/3810/3810
f 3812/3812/3812 3810/3810/3810 3811/3811/3811
f 3813/3813/3813 3812/3812/3812 3811/3811/3811
f 3816/3816/3816 3815/3815/3815 3814/3814/3814
f 3815/3815/3815 3817/3817/3817 3814/3814/3814
f 3814/3814/3814 3817/3817/3817 3818/3818/3818
f 3815/3815/3815 3819/3819/3819 3817/3817/3817
f 3817/3817/3817 3820/3820/3820 3818/3818/3818
f 3818/3818/3818 3820/3820/3820 3821/3821/3821
f 3819/3819/3819 3822/3822/3822 3817/3817/3817
f 3817/3817/3817 3822/3822/3822 3820/3820/3820
f 3819/3819/3819 3823/3823/3823 3822/3822/3822
f 3820/3820/3820 3824/3824/3824 3821/3821/3821
f 3821/3821/3821 3824/3824/3824 3825/3825/3825
f 3823/3823/3823 3826/3826/3826 3822/3822/3822
f 3823/3823/3823 3827/3827/3827 3826/3826/3826
f 3822/3822/3822 3828/3828/3828 3820/3820/3820
f 3820/3820/3820 3828/3828/3828 3824/3824/3824
f 3822/3822/3822 3826/3826/3826 3828/3828/3828
f 3824/3824/3824 3829/3829/3829 3825/3825/3825
f 3825/3825/3825 3829/3829/3829 3830/3830/3830
f 3829/3829/3829 3831/3831/3831 3830/3830/3830
f 3827/3827/3827 3832/3832/3832 3826/3826/3826
f 3827/3827/3827 3833/3833/3833 3832/3832/3832
f 3833/3833/3833 3834/3834/3834 3832/3832/3832
f 3826/3826/3826 3835/3835/3835 3828/3828/3828
f 3826/3826/3826 3832/3832/3832 3835/3835/3835
f 3828/3828/3828 3836/3836/3836 3824/3824/3824
f 3824/3824/3824 3836/3836/3836 3829/3829/3829
f 3828/3828/3828 3835/3835/3835 3836/3836/3836
f 3829/3829/3829 3837/3837/3837 3831/3831/3831
f 3836/3836/3836 3837/3837/3837 3829/3829/3829
f 3837/3837/3837 3838/3838/3838 3831/3831/3831
f 3832/3832/3832 3834/3834/3834 3839/3839/3839
f 3832/3832/3832 3839/3839/3839 3835/3835/3835
f 3834/3834/3834 3840/3840/3840 3839/3839/3839
f 3835/3835/3835 3841/3841/3841 3836/3836/3836
f 3836/3836/3836 3841/3841/3841 3837/3837/3837
f 3835/3835/3835 3839/3839/3839 3841/3841/3841
f 3837/3837/3837 3842/3842/3842 3838/3838/3838
f 3841/3841/3841 3842/3842/3842 3837/3837/3837
f 3842/3842/3842 3843/3843/3843 3838/3838/3838
f 3839/3839/3839 3840/3840/3840 3844/3844/3844
f 3839/3839/3839 3844/3844/3844 3841/3841/3841
f 3841/3841/3841 3844/3844/3844 3842/3842/3842
f 3840/3840/3840 3845/3845/3845 3844/3844/3844
f 3842/3842/3842 3846/3846/3846 3843/3843/3843
f 3844/3844/3844 3846/3846/3846 3842/3842/3842
f 3844/3844/3844 3845/3845/3845 3846/3846/3846
f 3846/3846/3846 3847/3847/3847 3843/3843/3843
f 3845/3845/3845 3848/3848/3848 3846/3846/3846
f 3846/3846/3846 3848/3848/3848 3847/3847/3847
f 3848/3848/3848 3849/3849/3849 3847/3847/3847
f 3852/3852/3852 3851/3851/3851 3850/3850/3850
f 3853/3853/3853 3852/3852/3852 3850/3850/3850
f 3856/3856/3856 3855/3855/3855 3854/3854/3854
f 3857/3857/3857 3856/3856/3856 3854/3854/3854
f 3860/3860/3860 3859/3859/3859 3858/3858/3858
f 3859/3859/3859 3861/3861/3861 3858/3858/3858
f 3862/3862/3862 3861/3861/3861 3859/3859/3859
f 3863/3863/3863 3862/3862/3862 3859/3859/3859
f 3866/3866/3866 3865/3865/3865 3864/3864/3864
f 3865/3865/3865 3867/3867/3867 3864/3864/3864
f 3868/3868/3868 3867/3867/3867 3865/3865/3865
f 3869/3869/3869 3868/3868/3868 3865/3865/3865
f 3872/3872/3872 3871/3871/3871 3870/3870/3870
f 3871/3871/3871 3873/3873/3873 3870/3870/3870
f 3874/3874/3874 3873/3873/3873 3871/3871/3871
f 3875/3875/3875 3874/3874/3874 3871/3871/3871
f 3878/3878/3878 3877/3877/3877 3876/3876/3876
f 3877/3877/3877 3879/3879/3879 3876/3876/3876
f 3880/3880/3880 3879/3879/3879 3877/3877/3877
f 3881/3881/3881 3880/3880/3880 3877/3877/3877
f 3884/3884/3884 3883/3883/3883 3882/3882/3882
f 3883/3883/3883 3885/3885/3885 3882/3882/3882
f 3882/3882/3882 3885/3885/3885 3886/3886/3886
f 3885/3885/3885 3887/3887/3887 3886/3886/3886
f 3890/3890/3890 3889/3889/3889 3888/3888/3888
f 3891/3891/3891 3890/3890/3890 3888/3888/3888
f 3892/3892/3892 3890/3890/3890 3891/3891/3891
f 3893/3893/3893 3892/3892/3892 3891/3891/3891
f 3896/3896/3896 3895/3895/3895 3894/3894/3894
f 3897/3897/3897 3896/3896/3896 3894/3894/3894
f 3898/3898/3898 3896/3896/3896 3897/3897/3897
f 3899/3899/3899 3898/3898/3898 3897/3897/3897
f 3902/3902/3902 3901/3901/3901 3900/3900/3900
f 3903/3903/3903 3902/3902/3902 3900/3900/3900
f 3904/3904/3904 3902/3902/3902 3903/3903/3903
f 3905/3905/3905 3904/3904/3904 3903/3903/3903
f 3908/3908/3908 3907/3907/3907 3906/3906/3906
f 3906/3906/3906 3909/3909/3909 3908/3908/3908
f 3906/3906/3906 3910/3910/3910 3909/3909/3909
f 3906/3906/3906 3911/3911/3911 3910/3910/3910
f 3911/3911/3911 3912/3912/3912 3910/3910/3910
f 3911/3911/3911 3913/3913/3913 3912/3912/3912
f 3916/3916/3916 3915/3915/3915 3914/3914/3914
f 3915/3915/3915 3917/3917/3917 3914/3914/3914
f 3914/3914/3914 3917/3917/3917 3918/3918/3918
f 3917/3917/3917 3919/3919/3919 3918/3918/3918
f 3922/3922/3922 3921/3921/3921 3920/3920/3920
f 3923/3923/3923 3922/3922/3922 3920/3920/3920
f 3924/3924/3924 3922/3922/3922 3923/3923/3923
f 3925/3925/3925 3924/3924/3924 3923/3923/3923
f 3928/3928/3928 3927/3927/3927 3926/3926/3926
f 3929/3929/3929 3928/3928/3928 3926/3926/3926
f 3930/3930/3930 3928/3928/3928 3929/3929/3929
f 3931/3931/3931 3930/3930/3930 3929/3929/3929
f 3934/3934/3934 3933/3933/3933 3932/3932/3932
f 3935/3935/3935 3934/3934/3934 3932/3932/3932
f 3936/3936/3936 3934/3934/3934 3935/3935/3935
f 3937/3937/3937 3936/3936/3936 3935/3935/3935
f 3940/3940/3940 3939/3939/3939 3938/3938/3938
f 3938/3938/3938 3941/3941/3941 3940/3940/3940
f 3941/3941/3941 3942/3942/3942 3940/3940/3940
f 3941/3941/3941 3943/3943/3943 3942/3942/3942
f 3943/3943/3943 3944/3944/3944 3942/3942/3942
f 3943/3943/3943 3945/3945/3945 3944/3944/3944
f 3948/3948/3948 3947/3947/3947 3946/3946/3946
f 3949/3949/3949 3948/3948/3948 3946/3946/3946
f 3946/3946/3946 3950/3950/3950 3949/3949/3949
f 3950/3950/3950 3951/3951/3951 3949/3949/3949
f 3954/3954/3954 3953/3953/3953 3952/3952/3952
f 3955/3955/3955 3954/3954/3954 3952/3952/3952
f 3954/3954/3954 3955/3955/3955 3956/3956/3956
f 3957/3957/3957 3954/3954/3954 3956/3956/3956
f 3960/3960/3960 3959/3959/3959 3958/3958/3958
f 3961/3961/3961 3960/3960/3960 3958/3958/3958
f 3958/3958/3958 3962/3962/3962 3961/3961/3961
f 3962/3962/3962 3963/3963/3963 3961/3961/3961
f 3966/3966/3966 3965/3965/3965 3964/3964/3964
f 3967/3967/3967 3966/3966/3966 3964/3964/3964
f 3966/3966/3966 3967/3967/3967 3968/3968/3968
f 3969/3969/3969 3966/3966/3966 3968/3968/3968
f 3972/3972/3972 3971/3971/3971 3970/3970/3970
f 3973/3973/3973 3972/3972/3972 3970/3970/3970
f 3974/3974/3974 3972/3972/3972 3973/3973/3973
f 3975/3975/3975 3974/3974/3974 3973/3973/3973
f 3978/3978/3978 3977/3977/3977 3976/3976/3976
f 3979/3979/3979 3978/3978/3978 3976/3976/3976
f 3979/3979/3979 3976/3976/3976 3980/3980/3980
f 3976/3976/3976 3981/3981/3981 3980/3980/3980
f 3984/3984/3984 3983/3983/3983 3982/3982/3982
f 3985/3985/3985 3984/3984/3984 3982/3982/3982
f 3988/3988/3988 3987/3987/3987 3986/3986/3986
f 3989/3989/3989 3988/3988/3988 3986/3986/3986
f 3992/3992/3992 3991/3991/3991 3990/3990/3990
f 3993/3993/3993 3992/3992/3992 3990/3990/3990
f 3996/3996/3996 3995/3995/3995 3994/3994/3994
f 3997/3997/3997 3996/3996/3996 3994/3994/3994
f 4000/4000/4000 3999/3999/3999 3998/3998/3998
f 4001/4001/4001 4000/4000/4000 3998/3998/3998
f 4004/4004/4004 4003/4003/4003 4002/4002/4002
f 4005/4005/4005 4004/4004/4004 4002/4002/4002
f 4008/4008/4008 4007/4007/4007 4006/4006/4006
f 4009/4009/4009 4008/4008/4008 4006/4006/4006
f 4012/4012/4012 4011/4011/4011 4010/4010/4010
f 4013/4013/4013 4012/4012/4012 4010/4010/4010
f 4016/4016/4016 4015/4015/4015 4014/4014/4014
f 4017/4017/4017 4016/4016/4016 4014/4014/4014
f 4020/4020/4020 4019/4019/4019 4018/4018/4018
f 4021/4021/4021 4020/4020/4020 4018/4018/4018
f 4024/4024/4024 4023/4023/4023 4022/4022/4022
f 4025/4025/4025 4024/4024/4024 4022/4022/4022
f 4028/4028/4028 4027/4027/4027 4026/4026/4026
f 4029/4029/4029 4028/4028/4028 4026/4026/4026
f 4032/4032/4032 4031/4031/4031 4030/4030/4030
f 4033/4033/4033 4032/4032/4032 4030/4030/4030
f 4034/4034/4034 4032/4032/4032 4033/4033/4033
f 4035/4035/4035 4034/4034/4034 4033/4033/4033
f 4036/4036/4036 4034/4034/4034 4035/4035/4035
f 4037/4037/4037 4036/4036/4036 4035/4035/4035
f 4040/4040/4040 4039/4039/4039 4038/4038/4038
f 4041/4041/4041 4040/4040/4040 4038/4038/4038
f 4042/4042/4042 4040/4040/4040 4041/4041/4041
f 4043/4043/4043 4042/4042/4042 4041/4041/4041
f 4044/4044/4044 4042/4042/4042 4043/4043/4043
f 4045/4045/4045 4044/4044/4044 4043/4043/4043
f 4048/4048/4048 4047/4047/4047 4046/4046/4046
f 4046/4046/4046 4049/4049/4049 4048/4048/4048
f 4046/4046/4046 4050/4050/4050 4049/4049/4049
f 4050/4050/4050 4051/4051/4051 4049/4049/4049
f 4054/4054/4054 4053/4053/4053 4052/4052/4052
f 4053/4053/4053 4055/4055/4055 4052/4052/4052
f 4053/4053/4053 4056/4056/4056 4055/4055/4055
f 4056/4056/4056 4057/4057/4057 4055/4055/4055
f 4056/4056/4056 4058/4058/4058 4057/4057/4057
f 4058/4058/4058 4059/4059/4059 4057/4057/4057
f 4062/4062/4062 4061/4061/4061 4060/4060/4060
f 4061/4061/4061 4063/4063/4063 4060/4060/4060
f 4061/4061/4061 4064/4064/4064 4063/4063/4063
f 4064/4064/4064 4065/4065/4065 4063/4063/4063
f 4064/4064/4064 4066/4066/4066 4065/4065/4065
f 4066/4066/4066 4067/4067/4067 4065/4065/4065
f 4070/4070/4070 4069/4069/4069 4068/4068/4068
f 4068/4068/4068 4071/4071/4071 4070/4070/4070
f 4068/4068/4068 4072/4072/4072 4071/4071/4071
f 4072/4072/4072 4073/4073/4073 4071/4071/4071
f 4076/4076/4076 4075/4075/4075 4074/4074/4074
f 4077/4077/4077 4076/4076/4076 4074/4074/4074
f 4077/4077/4077 4074/4074/4074 4078/4078/4078
f 4079/4079/4079 4076/4076/4076 4077/4077/4077
f 4080/4080/4080 4077/4077/4077 4078/4078/4078
f 4080/4080/4080 4078/4078/4078 4081/4081/4081
f 4082/4082/4082 4079/4079/4079 4077/4077/4077
f 4082/4082/4082 4077/4077/4077 4080/4080/4080
f 4083/4083/4083 4079/4079/4079 4082/4082/4082
f 4084/4084/4084 4080/4080/4080 4081/4081/4081
f 4084/4084/4084 4081/4081/4081 4085/4085/4085
f 4086/4086/4086 4083/4083/4083 4082/4082/4082
f 4087/4087/4087 4083/4083/4083 4086/4086/4086
f 4088/4088/4088 4082/4082/4082 4080/4080/4080
f 4088/4088/4088 4080/4080/4080 4084/4084/4084
f 4086/4086/4086 4082/4082/4082 4088/4088/4088
f 4089/4089/4089 4084/4084/4084 4085/4085/4085
f 4089/4089/4089 4085/4085/4085 4090/4090/4090
f 4091/4091/4091 4089/4089/4089 4090/4090/4090
f 4092/4092/4092 4087/4087/4087 4086/4086/4086
f 4093/4093/4093 4087/4087/4087 4092/4092/4092
f 4094/4094/4094 4093/4093/4093 4092/4092/4092
f 4095/4095/4095 4086/4086/4086 4088/4088/4088
f 4092/4092/4092 4086/4086/4086 4095/4095/4095
f 4096/4096/4096 4088/4088/4088 4084/4084/4084
f 4096/4096/4096 4084/4084/4084 4089/4089/4089
f 4095/4095/4095 4088/4088/4088 4096/4096/4096
f 4097/4097/4097 4089/4089/4089 4091/4091/4091
f 4097/4097/4097 4096/4096/4096 4089/4089/4089
f 4098/4098/4098 4097/4097/4097 4091/4091/4091
f 4094/4094/4094 4092/4092/4092 4099/4099/4099
f 4099/4099/4099 4092/4092/4092 4095/4095/4095
f 4100/4100/4100 4094/4094/4094 4099/4099/4099
f 4101/4101/4101 4095/4095/4095 4096/4096/4096
f 4101/4101/4101 4096/4096/4096 4097/4097/4097
f 4099/4099/4099 4095/4095/4095 4101/4101/4101
f 4102/4102/4102 4097/4097/4097 4098/4098/4098
f 4102/4102/4102 4101/4101/4101 4097/4097/4097
f 4103/4103/4103 4102/4102/4102 4098/4098/4098
f 4100/4100/4100 4099/4099/4099 4104/4104/4104
f 4104/4104/4104 4099/4099/4099 4101/4101/4101
f 4104/4104/4104 4101/4101/4101 4102/4102/4102
f 4105/4105/4105 4100/4100/4100 4104/4104/4104
f 4106/4106/4106 4102/4102/4102 4103/4103/4103
f 4106/4106/4106 4104/4104/4104 4102/4102/4102
f 4105/4105/4105 4104/4104/4104 4106/4106/4106
f 4107/4107/4107 4106/4106/4106 4103/4103/4103
f 4108/4108/4108 4105/4105/4105 4106/4106/4106
f 4108/4108/4108 4106/4106/4106 4107/4107/4107
f 4109/4109/4109 4108/4108/4108 4107/4107/4107
f 4112/4112/4112 4111/4111/4111 4110/4110/4110
f 4111/4111/4111 4113/4113/4113 4110/4110/4110
f 4110/4110/4110 4113/4113/4113 4114/4114/4114
f 4111/4111/4111 4115/4115/4115 4113/4113/4113
f 4113/4113/4113 4116/4116/4116 4114/4114/4114
f 4114/4114/4114 4116/4116/4116 4117/4117/4117
f 4115/4115/4115 4118/4118/4118 4113/4113/4113
f 4113/4113/4113 4118/4118/4118 4116/4116/4116
f 4115/4115/4115 4119/4119/4119 4118/4118/4118
f 4116/4116/4116 4120/4120/4120 4117/4117/4117
f 4117/4117/4117 4120/4120/4120 4121/4121/4121
f 4119/4119/4119 4122/4122/4122 4118/4118/4118
f 4119/4119/4119 4123/4123/4123 4122/4122/4122
f 4118/4118/4118 4124/4124/4124 4116/4116/4116
f 4116/4116/4116 4124/4124/4124 4120/4120/4120
f 4118/4118/4118 4122/4122/4122 4124/4124/4124
f 4120/4120/4120 4125/4125/4125 4121/4121/4121
f 4121/4121/4121 4125/4125/4125 4126/4126/4126
f 4125/4125/4125 4127/4127/4127 4126/4126/4126
f 4123/4123/4123 4128/4128/4128 4122/4122/4122
f 4123/4123/4123 4129/4129/4129 4128/4128/4128
f 4129/4129/4129 4130/4130/4130 4128/4128/4128
f 4122/4122/4122 4131/4131/4131 4124/4124/4124
f 4122/4122/4122 4128/4128/4128 4131/4131/4131
f 4124/4124/4124 4132/4132/4132 4120/4120/4120
f 4120/4120/4120 4132/4132/4132 4125/4125/4125
f 4124/4124/4124 4131/4131/4131 4132/4132/4132
f 4125/4125/4125 4133/4133/4133 4127/4127/4127
f 4132/4132/4132 4133/4133/4133 4125/4125/4125
f 4133/4133/4133 4134/4134/4134 4127/4127/4127
f 4128/4128/4128 4130/4130/4130 4135/4135/4135
f 4128/4128/4128 4135/4135/4135 4131/4131/4131
f 4130/4130/4130 4136/4136/4136 4135/4135/4135
f 4131/4131/4131 4137/4137/4137 4132/4132/4132
f 4132/4132/4132 4137/4137/4137 4133/4133/4133
f 4131/4131/4131 4135/4135/4135 4137/4137/4137
f 4133/4133/4133 4138/4138/4138 4134/4134/4134
f 4137/4137/4137 4138/4138/4138 4133/4133/4133
f 4138/4138/4138 4139/4139/4139 4134/4134/4134
f 4135/4135/4135 4136/4136/4136 4140/4140/4140
f 4135/4135/4135 4140/4140/4140 4137/4137/4137
f 4137/4137/4137 4140/4140/4140 4138/4138/4138
f 4136/4136/4136 4141/4141/4141 4140/4140/4140
f 4138/4138/4138 4142/4142/4142 4139/4139/4139
f 4140/4140/4140 4142/4142/4142 4138/4138/4138
f 4140/4140/4140 4141/4141/4141 4142/4142/4142
f 4142/4142/4142 4143/4143/4143 4139/4139/4139
f 4141/4141/4141 4144/4144/4144 4142/4142/4142
f 4142/4142/4142 4144/4144/4144 4143/4143/4143
f 4144/4144/4144 4145/4145/4145 4143/4143/4143
f 4148/4148/4148 4147/4147/4147 4146/4146/4146
f 4149/4149/4149 4148/4148/4148 4146/4146/4146
f 4152/4152/4152 4151/4151/4151 4150/4150/4150
f 4153/4153/4153 4152/4152/4152 4150/4150/4150
f 4156/4156/4156 4155/4155/4155 4154/4154/4154
f 4155/4155/4155 4157/4157/4157 4154/4154/4154
f 4158/4158/4158 4157/4157/4157 4155/4155/4155
f 4159/4159/4159 4158/4158/4158 4155/4155/4155
f 4162/4162/4162 4161/4161/4161 4160/4160/4160
f 4161/4161/4161 4163/4163/4163 4160/4160/4160
f 4164/4164/4164 4163/4163/4163 4161/4161/4161
f 4165/4165/4165 4164/4164/4164 4161/4161/4161
f 4168/4168/4168 4167/4167/4167 4166/4166/4166
f 4167/4167/4167 4169/4169/4169 4166/4166/4166
f 4170/4170/4170 4169/4169/4169 4167/4167/4167
f 4171/4171/4171 4170/4170/4170 4167/4167/4167
f 4174/4174/4174 4173/4173/4173 4172/4172/4172
f 4173/4173/4173 4175/4175/4175 4172/4172/4172
f 4176/4176/4176 4175/4175/4175 4173/4173/4173
f 4177/4177/4177 4176/4176/4176 4173/4173/4173
f 4180/4180/4180 4179/4179/4179 4178/4178/4178
f 4179/4179/4179 4181/4181/4181 4178/4178/4178
f 4178/4178/4178 4181/4181/4181 4182/4182/4182
f 4181/4181/4181 4183/4183/4183 4182/4182/4182
f 4186/4186/4186 4185/4185/4185 4184/4184/4184
f 4187/4187/4187 4186/4186/4186 4184/4184/4184
f 4188/4188/4188 4186/4186/4186 4187/4187/4187
f 4189/4189/4189 4188/4188/4188 4187/4187/4187
f 4192/4192/4192 4191/4191/4191 4190/4190/4190
f 4193/4193/4193 4192/4192/4192 4190/4190/4190
f 4194/4194/4194 4192/4192/4192 4193/4193/4193
f 4195/4195/4195 4194/4194/4194 4193/4193/4193
f 4198/4198/4198 4197/4197/4197 4196/4196/4196
f 4199/4199/4199 4198/4198/4198 4196/4196/4196
f 4200/4200/4200 4198/4198/4198 4199/4199/4199
f 4201/4201/4201 4200/4200/4200 4199/4199/4199
f 4204/4204/4204 4203/4203/4203 4202/4202/4202
f 4202/4202/4202 4205/4205/4205 4204/4204/4204
f 4205/4205/4205 4206/4206/4206 4204/4204/4204
f 4205/4205/4205 4207/4207/4207 4206/4206/4206
f 4207/4207/4207 4208/4208/4208 4206/4206/4206
f 4207/4207/4207 4209/4209/4209 4208/4208/4208
f 4212/4212/4212 4211/4211/4211 4210/4210/4210
f 4211/4211/4211 4213/4213/4213 4210/4210/4210
f 4210/4210/4210 4213/4213/4213 4214/4214/4214
f 4213/4213/4213 4215/4215/4215 4214/4214/4214
f 4218/4218/4218 4217/4217/4217 4216/4216/4216
f 4219/4219/4219 4218/4218/4218 4216/4216/4216
f 4220/4220/4220 4218/4218/4218 4219/4219/4219
f 4221/4221/4221 4220/4220/4220 4219/4219/4219
f 4224/4224/4224 4223/4223/4223 4222/4222/4222
f 4225/4225/4225 4224/4224/4224 4222/4222/4222
f 4226/4226/4226 4224/4224/4224 4225/4225/4225
f 4227/4227/4227 4226/4226/4226 4225/4225/4225
f 4230/4230/4230 4229/4229/4229 4228/4228/4228
f 4231/4231/4231 4230/4230/4230 4228/4228/4228
f 4232/4232/4232 4230/4230/4230 4231/4231/4231
f 4233/4233/4233 4232/4232/4232 4231/4231/4231
f 4236/4236/4236 4235/4235/4235 4234/4234/4234
f 4234/4234/4234 4237/4237/4237 4236/4236/4236
f 4234/4234/4234 4238/4238/4238 4237/4237/4237
f 4234/4234/4234 4239/4239/4239 4238/4238/4238
f 4239/4239/4239 4240/4240/4240 4238/4238/4238
f 4239/4239/4239 4241/4241/4241 4240/4240/4240
f 4244/4244/4244 4243/4243/4243 4242/4242/4242
f 4245/4245/4245 4244/4244/4244 4242/4242/4242
f 4242/4242/4242 4246/4246/4246 4245/4245/4245
f 4246/4246/4246 4247/4247/4247 4245/4245/4245
f 4250/4250/4250 4249/4249/4249 4248/4248/4248
f 4251/4251/4251 4250/4250/4250 4248/4248/4248
f 4250/4250/4250 4251/4251/4251 4252/4252/4252
f 4253/4253/4253 4250/4250/4250 4252/4252/4252
f 4256/4256/4256 4255/4255/4255 4254/4254/4254
f 4257/4257/4257 4256/4256/4256 4254/4254/4254
f 4254/4254/4254 4258/4258/4258 4257/4257/4257
f 4258/4258/4258 4259/4259/4259 4257/4257/4257
f 4262/4262/4262 4261/4261/4261 4260/4260/4260
f 4263/4263/4263 4262/4262/4262 4260/4260/4260
f 4262/4262/4262 4263/4263/4263 4264/4264/4264
f 4265/4265/4265 4262/4262/4262 4264/4264/4264
f 4268/4268/4268 4267/4267/4267 4266/4266/4266
f 4269/4269/4269 4268/4268/4268 4266/4266/4266
f 4270/4270/4270 4268/4268/4268 4269/4269/4269
f 4271/4271/4271 4270/4270/4270 4269/4269/4269
f 4274/4274/4274 4273/4273/4273 4272/4272/4272
f 4275/4275/4275 4274/4274/4274 4272/4272/4272
f 4275/4275/4275 4272/4272/4272 4276/4276/4276
f 4272/4272/4272 4277/4277/4277 4276/4276/4276
f 4280/4280/4280 4279/4279/4279 4278/4278/4278
f 4281/4281/4281 4280/4280/4280 4278/4278/4278
f 4284/4284/4284 4283/4283/4283 4282/4282/4282
f 4285/4285/4285 4284/4284/4284 4282/4282/4282
f 4288/4288/4288 4287/4287/4287 4286/4286/4286
f 4289/4289/4289 4288/4288/4288 4286/4286/4286
f 4292/4292/4292 4291/4291/4291 4290/4290/4290
f 4293/4293/4293 4292/4292/4292 4290/4290/4290
f 4296/4296/4296 4295/4295/4295 4294/4294/4294
f 4297/4297/4297 4296/4296/4296 4294/4294/4294
f 4300/4300/4300 4299/4299/4299 4298/4298/4298
f 4301/4301/4301 4300/4300/4300 4298/4298/4298
f 4304/4304/4304 4303/4303/4303 4302/4302/4302
f 4305/4305/4305 4304/4304/4304 4302/4302/4302
f 4308/4308/4308 4307/4307/4307 4306/4306/4306
f 4309/4309/4309 4308/4308/4308 4306/4306/4306
f 4312/4312/4312 4311/4311/4311 4310/4310/4310
f 4313/4313/4313 4312/4312/4312 4310/4310/4310
f 4316/4316/4316 4315/4315/4315 4314/4314/4314
f 4317/4317/4317 4316/4316/4316 4314/4314/4314
f 4320/4320/4320 4319/4319/4319 4318/4318/4318
f 4321/4321/4321 4320/4320/4320 4318/4318/4318
f 4324/4324/4324 4323/4323/4323 4322/4322/4322
f 4325/4325/4325 4324/4324/4324 4322/4322/4322
f 4328/4328/4328 4327/4327/4327 4326/4326/4326
f 4329/4329/4329 4328/4328/4328 4326/4326/4326
f 4329/4329/4329 4326/4326/4326 4330/4330/4330
f 4326/4326/4326 4331/4331/4331 4330/4330/4330
f 4330/4330/4330 4331/4331/4331 4332/4332/4332
f 4333/4333/4333 4330/4330/4330 4332/4332/4332
f 4336/4336/4336 4335/4335/4335 4334/4334/4334
f 4337/4337/4337 4336/4336/4336 4334/4334/4334
f 4337/4337/4337 4334/4334/4334 4338/4338/4338
f 4334/4334/4334 4339/4339/4339 4338/4338/4338
f 4338/4338/4338 4339/4339/4339 4340/4340/4340
f 4341/4341/4341 4338/4338/4338 4340/4340/4340
f 4344/4344/4344 4343/4343/4343 4342/4342/4342
f 4345/4345/4345 4344/4344/4344 4342/4342/4342
f 4345/4345/4345 4342/4342/4342 4346/4346/4346
f 4342/4342/4342 4347/4347/4347 4346/4346/4346
f 4346/4346/4346 4347/4347/4347 4348/4348/4348
f 4349/4349/4349 4346/4346/4346 4348/4348/4348
f 4352/4352/4352 4351/4351/4351 4350/4350/4350
f 4353/4353/4353 4352/4352/4352 4350/4350/4350
f 4353/4353/4353 4350/4350/4350 4354/4354/4354
f 4350/4350/4350 4355/4355/4355 4354/4354/4354
f 4354/4354/4354 4355/4355/4355 4356/4356/4356
f 4357/4357/4357 4354/4354/4354 4356/4356/4356
f 4360/4360/4360 4359/4359/4359 4358/4358/4358
f 4359/4359/4359 4361/4361/4361 4358/4358/4358
f 4362/4362/4362 4361/4361/4361 4359/4359/4359
f 4363/4363/4363 4362/4362/4362 4359/4359/4359
f 4363/4363/4363 4364/4364/4364 4362/4362/4362
f 4364/4364/4364 4365/4365/4365 4362/4362/4362
f 4368/4368/4368 4367/4367/4367 4366/4366/4366
f 4367/4367/4367 4369/4369/4369 4366/4366/4366
f 4370/4370/4370 4369/4369/4369 4367/4367/4367
f 4371/4371/4371 4370/4370/4370 4367/4367/4367
f 4371/4371/4371 4372/4372/4372 4370/4370/4370
f 4372/4372/4372 4373/4373/4373 4370/4370/4370
f 4376/4376/4376 4375/4375/4375 4374/4374/4374
f 4375/4375/4375 4377/4377/4377 4374/4374/4374
f 4378/4378/4378 4377/4377/4377 4375/4375/4375
f 4379/4379/4379 4378/4378/4378 4375/4375/4375
f 4379/4379/4379 4380/4380/4380 4378/4378/4378
f 4380/4380/4380 4381/4381/4381 4378/4378/4378
f 4384/4384/4384 4383/4383/4383 4382/4382/4382
f 4383/4383/4383 4385/4385/4385 4382/4382/4382
f 4386/4386/4386 4385/4385/4385 4383/4383/4383
f 4387/4387/4387 4386/4386/4386 4383/4383/4383
f 4387/4387/4387 4388/4388/4388 4386/4386/4386
f 4388/4388/4388 4389/4389/4389 4386/4386/4386
f 4392/4392/4392 4391/4391/4391 4390/4390/4390
f 4391/4391/4391 4393/4393/4393 4390/4390/4390
f 4394/4394/4394 4393/4393/4393 4391/4391/4391
f 4395/4395/4395 4394/4394/4394 4391/4391/4391
f 4395/4395/4395 4396/4396/4396 4394/4394/4394
f 4396/4396/4396 4397/4397/4397 4394/4394/4394
f 4400/4400/4400 4399/4399/4399 4398/4398/4398
f 4399/4399/4399 4401/4401/4401 4398/4398/4398
f 4402/4402/4402 4401/4401/4401 4399/4399/4399
f 4403/4403/4403 4402/4402/4402 4399/4399/4399
f 4403/4403/4403 4404/4404/4404 4402/4402/4402
f 4404/4404/4404 4405/4405/4405 4402/4402/4402
f 4408/4408/4408 4407/4407/4407 4406/4406/4406
f 4407/4407/4407 4409/4409/4409 4406/4406/4406
f 4410/4410/4410 4409/4409/4409 4407/4407/4407
f 4411/4411/4411 4410/4410/4410 4407/4407/4407
f 4411/4411/4411 4412/4412/4412 4410/4410/4410
f 4412/4412/4412 4413/4413/4413 4410/4410/4410
f 4416/4416/4416 4415/4415/4415 4414/4414/4414
f 4415/4415/4415 4417/4417/4417 4414/4414/4414
f 4418/4418/4418 4417/4417/4417 4415/4415/4415
f 4419/4419/4419 4418/4418/4418 4415/4415/4415
f 4419/4419/4419 4420/4420/4420 4418/4418/4418
f 4420/4420/4420 4421/4421/4421 4418/4418/4418
f 4424/4424/4424 4423/4423/4423 4422/4422/4422
f 4423/4423/4423 4425/4425/4425 4422/4422/4422
f 4426/4426/4426 4425/4425/4425 4423/4423/4423
f 4427/4427/4427 4426/4426/4426 4423/4423/4423
f 4427/4427/4427 4428/4428/4428 4426/4426/4426
f 4428/4428/4428 4429/4429/4429 4426/4426/4426
f 4432/4432/4432 4431/4431/4431 4430/4430/4430
f 4431/4431/4431 4433/4433/4433 4430/4430/4430
f 4434/4434/4434 4433/4433/4433 4431/4431/4431
f 4435/4435/4435 4434/4434/4434 4431/4431/4431
f 4435/4435/4435 4436/4436/4436 4434/4434/4434
f 4436/4436/4436 4437/4437/4437 4434/4434/4434
f 4440/4440/4440 4439/4439/4439 4438/4438/4438
f 4439/4439/4439 4441/4441/4441 4438/4438/4438
f 4442/4442/4442 4441/4441/4441 4439/4439/4439
f 4443/4443/4443 4442/4442/4442 4439/4439/4439
f 4443/4443/4443 4444/4444/4444 4442/4442/4442
f 4444/4444/4444 4445/4445/4445 4442/4442/4442
f 4448/4448/4448 4447/4447/4447 4446/4446/4446
f 4447/4447/4447 4449/4449/4449 4446/4446/4446
f 4450/4450/4450 4449/4449/4449 4447/4447/4447
f 4451/4451/4451 4450/4450/4450 4447/4447/4447
f 4451/4451/4451 4452/4452/4452 4450/4450/4450
f 4452/4452/4452 4453/4453/4453 4450/4450/4450
f 4456/4456/4456 4455/4455/4455 4454/4454/4454
f 4455/4455/4455 4457/4457/4457 4454/4454/4454
f 4458/4458/4458 4457/4457/4457 4455/4455/4455
f 4459/4459/4459 4458/4458/4458 4455/4455/4455
f 4459/4459/4459 4460/4460/4460 4458/4458/4458
f 4460/4460/4460 4461/4461/4461 4458/4458/4458
f 4464/4464/4464 4463/4463/4463 4462/4462/4462
f 4463/4463/4463 4465/4465/4465 4462/4462/4462
f 4466/4466/4466 4465/4465/4465 4463/4463/4463
f 4467/4467/4467 4466/4466/4466 4463/4463/4463
f 4467/4467/4467 4468/4468/4468 4466/4466/4466
f 4468/4468/4468 4469/4469/4469 4466/4466/4466
f 4472/4472/4472 4471/4471/4471 4470/4470/4470
f 4471/4471/4471 4473/4473/4473 4470/4470/4470
f 4474/4474/4474 4473/4473/4473 4471/4471/4471
f 4475/4475/4475 4474/4474/4474 4471/4471/4471
f 4475/4475/4475 4476/4476/4476 4474/4474/4474
f 4476/4476/4476 4477/4477/4477 4474/4474/4474
f 4480/4480/4480 4479/4479/4479 4478/4478/4478
f 4479/4479/4479 4481/4481/4481 4478/4478/4478
f 4482/4482/4482 4481/4481/4481 4479/4479/4479
f 4483/4483/4483 4482/4482/4482 4479/4479/4479
f 4483/4483/4483 4484/4484/4484 4482/4482/4482
f 4484/4484/4484 4485/4485/4485 4482/4482/4482
f 4488/4488/4488 4487/4487/4487 4486/4486/4486
f 4487/4487/4487 4489/4489/4489 4486/4486/4486
f 4490/4490/4490 4489/4489/4489 4487/4487/4487
f 4491/4491/4491 4490/4490/4490 4487/4487/4487
f 4491/4491/4491 4492/4492/4492 4490/4490/4490
f 4492/4492/4492 4493/4493/4493 4490/4490/4490
f 4496/4496/4496 4495/4495/4495 4494/4494/4494
f 4495/4495/4495 4497/4497/4497 4494/4494/4494
f 4498/4498/4498 4497/4497/4497 4495/4495/4495
f 4499/4499/4499 4498/4498/4498 4495/4495/4495
f 4499/4499/4499 4500/4500/4500 4498/4498/4498
f 4500/4500/4500 4501/4501/4501 4498/4498/4498
f 4504/4504/4504 4503/4503/4503 4502/4502/4502
f 4503/4503/4503 4505/4505/4505 4502/4502/4502
f 4506/4506/4506 4505/4505/4505 4503/4503/4503
f 4507/4507/4507 4506/4506/4506 4503/4503/4503
f 4507/4507/4507 4508/4508/4508 4506/4506/4506
f 4508/4508/4508 4509/4509/4509 4506/4506/4506
f 4512/4512/4512 4511/4511/4511 4510/4510/4510
f 4511/4511/4511 4513/4513/4513 4510/4510/4510
f 4514/4514/4514 4513/4513/4513 4511/4511/4511
f 4515/4515/4515 4514/4514/4514 4511/4511/4511
f 4515/4515/4515 4516/4516/4516 4514/4514/4514
f 4516/4516/4516 4517/4517/4517 4514/4514/4514
f 4520/4520/4520 4519/4519/4519 4518/4518/4518
f 4519/4519/4519 4521/4521/4521 4518/4518/4518
f 4522/4522/4522 4521/4521/4521 4519/4519/4519
f 4523/4523/4523 4522/4522/4522 4519/4519/4519
f 4523/4523/4523 4524/4524/4524 4522/4522/4522
f 4524/4524/4524 4525/4525/4525 4522/4522/4522
f 4528/4528/4528 4527/4527/4527 4526/4526/4526
f 4527/4527/4527 4529/4529/4529 4526/4526/4526
f 4530/4530/4530 4529/4529/4529 4527/4527/4527
f 4531/4531/4531 4530/4530/4530 4527/4527/4527
f 4531/4531/4531 4532/4532/4532 4530/4530/4530
f 4532/4532/4532 4533/4533/4533 4530/4530/4530
f 4536/4536/4536 4535/4535/4535 4534/4534/4534
f 4535/4535/4535 4537/4537/4537 4534/4534/4534
f 4538/4538/4538 4537/4537/4537 4535/4535/4535
f 4539/4539/4539 4538/4538/4538 4535/4535/4535
f 4539/4539/4539 4540/4540/4540 4538/4538/4538
f 4540/4540/4540 4541/4541/4541 4538/4538/4538
f 4544/4544/4544 4543/4543/4543 4542/4542/4542
f 4543/4543/4543 4545/4545/4545 4542/4542/4542
f 4546/4546/4546 4545/4545/4545 4543/4543/4543
f 4547/4547/4547 4546/4546/4546 4543/4543/4543
f 4547/4547/4547 4548/4548/4548 4546/4546/4546
f 4548/4548/4548 4549/4549/4549 4546/4546/4546
f 4552/4552/4552 4551/4551/4551 4550/4550/4550
f 4551/4551/4551 4553/4553/4553 4550/4550/4550
f 4554/4554/4554 4553/4553/4553 4551/4551/4551
f 4555/4555/4555 4554/4554/4554 4551/4551/4551
f 4555/4555/4555 4556/4556/4556 4554/4554/4554
f 4556/4556/4556 4557/4557/4557 4554/4554/4554
f 4560/4560/4560 4559/4559/4559 4558/4558/4558
f 4559/4559/4559 4561/4561/4561 4558/4558/4558
f 4562/4562/4562 4561/4561/4561 4559/4559/4559
f 4563/4563/4563 4562/4562/4562 4559/4559/4559
f 4563/4563/4563 4564/4564/4564 4562/4562/4562
f 4564/4564/4564 4565/4565/4565 4562/4562/4562
f 4568/4568/4568 4567/4567/4567 4566/4566/4566
f 4567/4567/4567 4569/4569/4569 4566/4566/4566
f 4570/4570/4570 4569/4569/4569 4567/4567/4567
f 4571/4571/4571 4570/4570/4570 4567/4567/4567
f 4571/4571/4571 4572/4572/4572 4570/4570/4570
f 4572/4572/4572 4573/4573/4573 4570/4570/4570
f 4576/4576/4576 4575/4575/4575 4574/4574/4574
f 4575/4575/4575 4577/4577/4577 4574/4574/4574
f 4578/4578/4578 4577/4577/4577 4575/4575/4575
f 4579/4579/4579 4578/4578/4578 4575/4575/4575
f 4579/4579/4579 4580/4580/4580 4578/4578/4578
f 4580/4580/4580 4581/4581/4581 4578/4578/4578
f 4584/4584/4584 4583/4583/4583 4582/4582/4582
f 4582/4582/4582 4585/4585/4585 4584/4584/4584
f 4585/4585/4585 4586/4586/4586 4584/4584/4584
f 4586/4586/4586 4587/4587/4587 4584/4584/4584
f 4590/4590/4590 4589/4589/4589 4588/4588/4588
f 4591/4591/4591 4590/4590/4590 4588/4588/4588
f 4592/4592/4592 4590/4590/4590 4591/4591/4591
f 4593/4593/4593 4592/4592/4592 4591/4591/4591
f 4594/4594/4594 4592/4592/4592 4593/4593/4593
f 4595/4595/4595 4594/4594/4594 4593/4593/4593
f 4596/4596/4596 4594/4594/4594 4595/4595/4595
f 4597/4597/4597 4596/4596/4596 4595/4595/4595
f 4600/4600/4600 4599/4599/4599 4598/4598/4598
f 4601/4601/4601 4600/4600/4600 4598/4598/4598
f 4602/4602/4602 4600/4600/4600 4601/4601/4601
f 4603/4603/4603 4602/4602/4602 4601/4601/4601
f 4604/4604/4604 4602/4602/4602 4603/4603/4603
f 4605/4605/4605 4604/4604/4604 4603/4603/4603
f 4606/4606/4606 4604/4604/4604 4605/4605/4605
f 4607/4607/4607 4606/4606/4606 4605/4605/4605
f 4610/4610/4610 4609/4609/4609 4608/4608/4608
f 4611/4611/4611 4610/4610/4610 4608/4608/4608
f 4612/4612/4612 4610/4610/4610 4611/4611/4611
f 4613/4613/4613 4612/4612/4612 4611/4611/4611
f 4614/4614/4614 4612/4612/4612 4613/4613/4613
f 4615/4615/4615 4614/4614/4614 4613/4613/4613
f 4616/4616/4616 4614/4614/4614 4615/4615/4615
f 4617/4617/4617 4616/4616/4616 4615/4615/4615
f 4620/4620/4620 4619/4619/4619 4618/4618/4618
f 4621/4621/4621 4620/4620/4620 4618/4618/4618
f 4622/4622/4622 4620/4620/4620 4621/4621/4621
f 4623/4623/4623 4622/4622/4622 4621/4621/4621
f 4624/4624/4624 4622/4622/4622 4623/4623/4623
f 4625/4625/4625 4624/4624/4624 4623/4623/4623
f 4626/4626/4626 4624/4624/4624 4625/4625/4625
f 4627/4627/4627 4626/4626/4626 4625/4625/4625
f 4630/4630/4630 4629/4629/4629 4628/4628/4628
f 4628/4628/4628 4631/4631/4631 4630/4630/4630
f 4628/4628/4628 4632/4632/4632 4631/4631/4631
f 4632/4632/4632 4633/4633/4633 4631/4631/4631
f 4636/4636/4636 4635/4635/4635 4634/4634/4634
f 4634/4634/4634 4637/4637/4637 4636/4636/4636
f 4637/4637/4637 4638/4638/4638 4636/4636/4636
f 4638/4638/4638 4639/4639/4639 4636/4636/4636
f 4642/4642/4642 4641/4641/4641 4640/4640/4640
f 4640/4640/4640 4643/4643/4643 4642/4642/4642
f 4640/4640/4640 4644/4644/4644 4643/4643/4643
f 4640/4640/4640 4645/4645/4645 4644/4644/4644
f 4648/4648/4648 4647/4647/4647 4646/4646/4646
f 4646/4646/4646 4649/4649/4649 4648/4648/4648
f 4646/4646/4646 4650/4650/4650 4649/4649/4649
f 4646/4646/4646 4651/4651/4651 4650/4650/4650
f 4654/4654/4654 4653/4653/4653 4652/4652/4652
f 4652/4652/4652 4655/4655/4655 4654/4654/4654
f 4655/4655/4655 4656/4656/4656 4654/4654/4654
f 4656/4656/4656 4657/4657/4657 4654/4654/4654
f 4660/4660/4660 4659/4659/4659 4658/4658/4658
f 4658/4658/4658 4661/4661/4661 4660/4660/4660
f 4661/4661/4661 4662/4662/4662 4660/4660/4660
f 4661/4661/4661 4663/4663/4663 4662/4662/4662
f 4666/4666/4666 4665/4665/4665 4664/4664/4664
f 4664/4664/4664 4667/4667/4667 4666/4666/4666
f 4664/4664/4664 4668/4668/4668 4667/4667/4667
f 4664/4664/4664 4669/4669/4669 4668/4668/4668
f 4672/4672/4672 4671/4671/4671 4670/4670/4670
f 4673/4673/4673 4672/4672/4672 4670/4670/4670
f 4670/4670/4670 4674/4674/4674 4673/4673/4673
f 4674/4674/4674 4675/4675/4675 4673/4673/4673
f 4678/4678/4678 4677/4677/4677 4676/4676/4676
f 4679/4679/4679 4678/4678/4678 4676/4676/4676
f 4676/4676/4676 4680/4680/4680 4679/4679/4679
f 4680/4680/4680 4681/4681/4681 4679/4679/4679
f 4684/4684/4684 4683/4683/4683 4682/4682/4682
f 4685/4685/4685 4684/4684/4684 4682/4682/4682
f 4682/4682/4682 4686/4686/4686 4685/4685/4685
f 4686/4686/4686 4687/4687/4687 4685/4685/4685
f 4690/4690/4690 4689/4689/4689 4688/4688/4688
f 4691/4691/4691 4690/4690/4690 4688/4688/4688
f 4688/4688/4688 4692/4692/4692 4691/4691/4691
f 4692/4692/4692 4693/4693/4693 4691/4691/4691
f 4696/4696/4696 4695/4695/4695 4694/4694/4694
f 4697/4697/4697 4696/4696/4696 4694/4694/4694
f 4694/4694/4694 4698/4698/4698 4697/4697/4697
f 4698/4698/4698 4699/4699/4699 4697/4697/4697
f 4702/4702/4702 4701/4701/4701 4700/4700/4700
f 4703/4703/4703 4702/4702/4702 4700/4700/4700
f 4700/4700/4700 4704/4704/4704 4703/4703/4703
f 4704/4704/4704 4705/4705/4705 4703/4703/4703
f 4708/4708/4708 4707/4707/4707 4706/4706/4706
f 4709/4709/4709 4708/4708/4708 4706/4706/4706
f 4706/4706/4706 4710/4710/4710 4709/4709/4709
f 4710/4710/4710 4711/4711/4711 4709/4709/4709
f 4714/4714/4714 4713/4713/4713 4712/4712/4712
f 4715/4715/4715 4714/4714/4714 4712/4712/4712
f 4712/4712/4712 4716/4716/4716 4715/4715/4715
f 4716/4716/4716 4717/4717/4717 4715/4715/4715
f 4720/4720/4720 4719/4719/4719 4718/4718/4718
f 4721/4721/4721 4720/4720/4720 4718/4718/4718
f 4718/4718/4718 4722/4722/4722 4721/4721/4721
f 4722/4722/4722 4723/4723/4723 4721/4721/4721
f 4726/4726/4726 4725/4725/4725 4724/4724/4724
f 4727/4727/4727 4726/4726/4726 4724/4724/4724
f 4724/4724/4724 4728/4728/4728 4727/4727/4727
f 4728/4728/4728 4729/4729/4729 4727/4727/4727
f 4732/4732/4732 4731/4731/4731 4730/4730/4730
f 4733/4733/4733 4732/4732/4732 4730/4730/4730
f 4730/4730/4730 4734/4734/4734 4733/4733/4733
f 4734/4734/4734 4735/4735/4735 4733/4733/4733
f 4738/4738/4738 4737/4737/4737 4736/4736/4736
f 4739/4739/4739 4738/4738/4738 4736/4736/4736
f 4736/4736/4736 4740/4740/4740 4739/4739/4739
f 4740/4740/4740 4741/4741/4741 4739/4739/4739
f 4744/4744/4744 4743/4743/4743 4742/4742/4742
f 4745/4745/4745 4744/4744/4744 4742/4742/4742
f 4742/4742/4742 4746/4746/4746 4745/4745/4745
f 4746/4746/4746 4747/4747/4747 4745/4745/4745
f 4750/4750/4750 4749/4749/4749 4748/4748/4748
f 4751/4751/4751 4750/4750/4750 4748/4748/4748
f 4748/4748/4748 4752/4752/4752 4751/4751/4751
f 4752/4752/4752 4753/4753/4753 4751/4751/4751
f 4756/4756/4756 4755/4755/4755 4754/4754/4754
f 4757/4757/4757 4756/4756/4756 4754/4754/4754
f 4754/4754/4754 4758/4758/4758 4757/4757/4757
f 4758/4758/4758 4759/4759/4759 4757/4757/4757
f 4762/4762/4762 4761/4761/4761 4760/4760/4760
f 4763/4763/4763 4762/4762/4762 4760/4760/4760
f 4760/4760/4760 4764/4764/4764 4763/4763/4763
f 4764/4764/4764 4765/4765/4765 4763/4763/4763
f 4768/4768/4768 4767/4767/4767 4766/4766/4766
f 4769/4769/4769 4768/4768/4768 4766/4766/4766
f 4769/4769/4769 4766/4766/4766 4770/4770/4770
f 4768/4768/4768 4771/4771/4771 4767/4767/4767
f 4768/4768/4768 4769/4769/4769 4771/4771/4771
f 4771/4771/4771 4772/4772/4772 4767/4767/4767
f 4773/4773/4773 4770/4770/4770 4772/4772/4772
f 4773/4773/4773 4769/4769/4769 4770/4770/4770
f 4769/4769/4769 4773/4773/4773 4771/4771/4771
f 4771/4771/4771 4773/4773/4773 4772/4772/4772
f 4776/4776/4776 4775/4775/4775 4774/4774/4774
f 4775/4775/4775 4777/4777/4777 4774/4774/4774
f 4774/4774/4774 4777/4777/4777 4778/4778/4778
f 4777/4777/4777 4779/4779/4779 4778/4778/4778
f 4777/4777/4777 4775/4775/4775 4779/4779/4779
f 4778/4778/4778 4779/4779/4779 4780/4780/4780
f 4781/4781/4781 4775/4775/4775 4776/4776/4776
f 4780/4780/4780 4781/4781/4781 4776/4776/4776
f 4775/4775/4775 4781/4781/4781 4779/4779/4779
f 4779/4779/4779 4781/4781/4781 4780/4780/4780
f 4784/4784/4784 4783/4783/4783 4782/4782/4782
f 4785/4785/4785 4784/4784/4784 4782/4782/4782
f 4785/4785/4785 4782/4782/4782 4786/4786/4786
f 4784/4784/4784 4787/4787/4787 4783/4783/4783
f 4784/4784/4784 4785/4785/4785 4787/4787/4787
f 4787/4787/4787 4788/4788/4788 4783/4783/4783
f 4789/4789/4789 4786/4786/4786 4788/4788/4788
f 4789/4789/4789 4785/4785/4785 4786/4786/4786
f 4785/4785/4785 4789/4789/4789 4787/4787/4787
f 4787/4787/4787 4789/4789/4789 4788/4788/4788
f 4792/4792/4792 4791/4791/4791 4790/4790/4790
f 4791/4791/4791 4793/4793/4793 4790/4790/4790
f 4790/4790/4790 4793/4793/4793 4794/4794/4794
f 4793/4793/4793 4795/4795/4795 4794/4794/4794
f 4793/4793/4793 4791/4791/4791 4795/4795/4795
f 4794/4794/4794 4795/4795/4795 4796/4796/4796
f 4797/4797/4797 4791/4791/4791 4792/4792/4792
f 4796/4796/4796 4797/4797/4797 4792/4792/4792
f 4791/4791/4791 4797/4797/4797 4795/4795/4795
f 4795/4795/4795 4797/4797/4797 4796/4796/4796
f 4800/4800/4800 4799/4799/4799 4798/4798/4798
f 4801/4801/4801 4800/4800/4800 4798/4798/4798
f 4801/4801/4801 4798/4798/4798 4802/4802/4802
f 4800/4800/4800 4803/4803/4803 4799/4799/4799
f 4800/4800/4800 4801/4801/4801 4803/4803/4803
f 4803/4803/4803 4804/4804/4804 4799/4799/4799
f 4805/4805/4805 4802/4802/4802 4804/4804/4804
f 4805/4805/4805 4801/4801/4801 4802/4802/4802
f 4801/4801/4801 4805/4805/4805 4803/4803/4803
f 4803/4803/4803 4805/4805/4805 4804/4804/4804
f 4808/4808/4808 4807/4807/4807 4806/4806/4806
f 4807/4807/4807 4809/4809/4809 4806/4806/4806
f 4806/4806/4806 4809/4809/4809 4810/4810/4810
f 4809/4809/4809 4811/4811/4811 4810/4810/4810
f 4809/4809/4809 4807/4807/4807 4811/4811/4811
f 4810/4810/4810 4811/4811/4811 4812/4812/4812
f 4813/4813/4813 4807/4807/4807 4808/4808/4808
f 4812/4812/4812 4813/4813/4813 4808/4808/4808
f 4807/4807/4807 4813/4813/4813 4811/4811/4811
f 4811/4811/4811 4813/4813/4813 4812/4812/4812
f 4816/4816/4816 4815/4815/4815 4814/4814/4814
f 4817/4817/4817 4816/4816/4816 4814/4814/4814
f 4817/4817/4817 4814/4814/4814 4818/4818/4818
f 4816/4816/4816 4819/4819/4819 4815/4815/4815
f 4816/4816/4816 4817/4817/4817 4819/4819/4819
f 4819/4819/4819 4820/4820/4820 4815/4815/4815
f 4821/4821/4821 4818/4818/4818 4820/4820/4820
f 4821/4821/4821 4817/4817/4817 4818/4818/4818
f 4817/4817/4817 4821/4821/4821 4819/4819/4819
f 4819/4819/4819 4821/4821/4821 4820/4820/4820
f 4824/4824/4824 4823/4823/4823 4822/4822/4822
f 4823/4823/4823 4825/4825/4825 4822/4822/4822
f 4822/4822/4822 4825/4825/4825 4826/4826/4826
f 4825/4825/4825 4827/4827/4827 4826/4826/4826
f 4825/4825/4825 4823/4823/4823 4827/4827/4827
f 4826/4826/4826 4827/4827/4827 4828/4828/4828
f 4829/4829/4829 4823/4823/4823 4824/4824/4824
f 4828/4828/4828 4829/4829/4829 4824/4824/4824
f 4823/4823/4823 4829/4829/4829 4827/4827/4827
f 4827/4827/4827 4829/4829/4829 4828/4828/4828
f 4832/4832/4832 4831/4831/4831 4830/4830/4830
f 4833/4833/4833 4832/4832/4832 4830/4830/4830
f 4833/4833/4833 4830/4830/4830 4834/4834/4834
f 4832/4832/4832 4835/4835/4835 4831/4831/4831
f 4832/4832/4832 4833/4833/4833 4835/4835/4835
f 4835/4835/4835 4836/4836/4836 4831/4831/4831
f 4837/4837/4837 4834/4834/4834 4836/4836/4836
f 4837/4837/4837 4833/4833/4833 4834/4834/4834
f 4833/4833/4833 4837/4837/4837 4835/4835/4835
f 4835/4835/4835 4837/4837/4837 4836/4836/4836
f 4840/4840/4840 4839/4839/4839 4838/4838/4838
f 4839/4839/4839 4841/4841/4841 4838/4838/4838
f 4838/4838/4838 4841/4841/4841 4842/4842/4842
f 4841/4841/4841 4843/4843/4843 4842/4842/4842
f 4841/4841/4841 4839/4839/4839 4843/4843/4843
f 4842/4842/4842 4843/4843/4843 4844/4844/4844
f 4845/4845/4845 4839/4839/4839 4840/4840/4840
f 4844/4844/4844 4845/4845/4845 4840/4840/4840
f 4839/4839/4839 4845/4845/4845 4843/4843/4843
f 4843/4843/4843 4845/4845/4845 4844/4844/4844
f 4848/4848/4848 4847/4847/4847 4846/4846/4846
f 4849/4849/4849 4848/4848/4848 4846/4846/4846
f 4849/4849/4849 4846/4846/4846 4850/4850/4850
f 4848/4848/4848 4851/4851/4851 4847/4847/4847
f 4848/4848/4848 4849/4849/4849 4851/4851/4851
f 4851/4851/4851 4852/4852/4852 4847/4847/4847
f 4853/4853/4853 4850/4850/4850 4852/4852/4852
f 4853/4853/4853 4849/4849/4849 4850/4850/4850
f 4849/4849/4849 4853/4853/4853 4851/4851/4851
f 4851/4851/4851 4853/4853/4853 4852/4852/4852
f 4856/4856/4856 4855/4855/4855 4854/4854/4854
f 4855/4855/4855 4857/4857/4857 4854/4854/4854
f 4854/4854/4854 4857/4857/4857 4858/4858/4858
f 4857/4857/4857 4859/4859/4859 4858/4858/4858
f 4857/4857/4857 4855/4855/4855 4859/4859/4859
f 4858/4858/4858 4859/4859/4859 4860/4860/4860
f 4861/4861/4861 4855/4855/4855 4856/4856/4856
f 4860/4860/4860 4861/4861/4861 4856/4856/4856
f 4855/4855/4855 4861/4861/4861 4859/4859/4859
f 4859/4859/4859 4861/4861/4861 4860/4860/4860
f 4864/4864/4864 4863/4863/4863 4862/4862/4862
f 4865/4865/4865 4864/4864/4864 4862/4862/4862
f 4865/4865/4865 4862/4862/4862 4866/4866/4866
f 4864/4864/4864 4867/4867/4867 4863/4863/4863
f 4864/4864/4864 4865/4865/4865 4867/4867/4867
f 4867/4867/4867 4868/4868/4868 4863/4863/4863
f 4869/4869/4869 4866/4866/4866 4868/4868/4868
f 4869/4869/4869 4865/4865/4865 4866/4866/4866
f 4865/4865/4865 4869/4869/4869 4867/4867/4867
f 4867/4867/4867 4869/4869/4869 4868/4868/4868
f 4872/4872/4872 4871/4871/4871 4870/4870/4870
f 4871/4871/4871 4873/4873/4873 4870/4870/4870
f 4870/4870/4870 4873/4873/4873 4874/4874/4874
f 4873/4873/4873 4875/4875/4875 4874/4874/4874
f 4873/4873/4873 4871/4871/4871 4875/4875/4875
f 4874/4874/4874 4875/4875/4875 4876/4876/4876
f 4877/4877/4877 4871/4871/4871 4872/4872/4872
f 4876/4876/4876 4877/4877/4877 4872/4872/4872
f 4871/4871/4871 4877/4877/4877 4875/4875/4875
f 4875/4875/4875 4877/4877/4877 4876/4876/4876
f 4880/4880/4880 4879/4879/4879 4878/4878/4878
f 4881/4881/4881 4880/4880/4880 4878/4878/4878
f 4881/4881/4881 4878/4878/4878 4882/4882/4882
f 4880/4880/4880 4883/4883/4883 4879/4879/4879
f 4880/4880/4880 4881/4881/4881 4883/4883/4883
f 4883/4883/4883 4884/4884/4884 4879/4879/4879
f 4885/4885/4885 4882/4882/4882 4884/4884/4884
f 4885/4885/4885 4881/4881/4881 4882/4882/4882
f 4881/4881/4881 4885/4885/4885 4883/4883/4883
f 4883/4883/4883 4885/4885/4885 4884/4884/4884
f 4888/4888/4888 4887/4887/4887 4886/4886/4886
f 4887/4887/4887 4889/4889/4889 4886/4886/4886
f 4886/4886/4886 4889/4889/4889 4890/4890/4890
f 4889/4889/4889 4891/4891/4891 4890/4890/4890
f 4889/4889/4889 4887/4887/4887 4891/4891/4891
f 4890/4890/4890 4891/4891/4891 4892/4892/4892
f 4893/4893/4893 4887/4887/4887 4888/4888/4888
f 4892/4892/4892 4893/4893/4893 4888/4888/4888
f 4887/4887/4887 4893/4893/4893 4891/4891/4891
f 4891/4891/4891 4893/4893/4893 4892/4892/4892
