g logistic-station-2
v 0.099999994 14.6481285 3.41546965
v -0.099999994 14.6481285 3.47957087
v -0 14.6481285 3.62434673
v -1.0225805 1.8397994 2.85347629
v -1.22171998 1.10387993 2.53725004
v -1.22171998 1.8397994 2.53725004
v -1.0225805 1.10387993 2.85347629
v 1.02258599 1.10387993 2.85347486
v 1.02258599 1.8397994 2.85347486
v 1.22172546 1.10387981 2.5372479
v 1.22172546 1.8397994 2.53724813
v -0.809457362 2.22366929 2.61944509
v -0.809457362 2.22366929 2.97823596
v -0.809457362 1.6653533 2.97823596
v -0.809457362 1.49574125 2.61944509
v -0.809457362 2.22366929 2.97823596
v 0.809462249 2.22366929 2.97823286
v 0.809462249 1.6653533 2.97823286
v -0.809457362 1.6653533 2.97823596
v -0.809457362 1.6653533 2.97823596
v 0.809462249 1.6653533 2.97823286
v 0.809459805 1.49574125 2.61944151
v -0.809457362 1.49574125 2.61944509
v -0.809457362 2.22366929 2.61944509
v 0.809459805 2.22366929 2.61944151
v 0.809462249 2.22366929 2.97823286
v -0.809457362 2.22366929 2.97823596
v 0.809459805 2.22366929 2.61944151
v 0.809459805 1.49574125 2.61944151
v 0.809462249 1.6653533 2.97823286
v 0.809462249 2.22366929 2.97823286
v 1.96637142 1.14987469 2.59089065
v 2.59089422 1.14987469 1.96636772
v 3.41318297 1.14987469 2.78865409
v 2.78866148 1.14987469 3.41317701
v 2.66354799 -2.01335814E-16 3.28806329
v 3.41318297 0.343255579 2.78865314
v 3.28806806 -1.63094831E-16 2.66354084
v 2.78866267 0.343255579 3.41317701
v 2.78866148 1.14987469 3.41317701
v 3.41318297 1.14987469 2.78865409
v 3.41318297 0.343255579 2.78865314
v 2.59089422 -1.20405297E-16 1.96636772
v 3.28806806 -1.63094831E-16 2.66354084
v 3.41318297 1.14987469 2.78865409
v 2.59089422 1.14987469 1.96636772
v 1.96637142 -1.58646306E-16 2.59089065
v 2.78866267 0.343255579 3.41317701
v 2.66354799 -2.01335814E-16 3.28806329
v 1.96637142 1.14987469 2.59089065
v 2.78866148 1.14987469 3.41317701
v 1.96359193 1.69193673 2.40439868
v 2.40440249 1.69193673 1.96358657
v 2.96951842 1.69193673 2.52869725
v 2.52870655 1.69193673 2.96951246
v 2.52870655 1.69193673 2.96951246
v 2.96951842 1.69193673 2.52869725
v 3.22807908 0.941180885 2.78725934
v 2.78726864 0.941180885 3.2280736
v 2.96951842 1.69193673 2.52869725
v 2.40440249 1.69193673 1.96358657
v 2.40440249 0.941180885 1.96358657
v 3.22807908 0.941180885 2.78725934
v 2.52870655 1.69193673 2.96951246
v 2.78726864 0.941180885 3.2280736
v 1.96359193 0.941180885 2.40439916
v 1.96359193 1.69193673 2.40439868
v 1.64839292 5.3166275 2.04146957
v 1.7466619 5.3166275 1.94319856
v 2.61227345 1.66393602 2.80880642
v 2.51400447 1.66393661 2.9070766
v 2.04147387 5.31662846 1.64838898
v 2.29458427 2.80186176 1.90149963
v 2.55336475 1.66393661 2.16027856
v 2.90708303 1.66393602 2.51399493
v 2.29458427 2.80186176 1.90149963
v 2.1963141 2.80186176 1.99976873
v 2.45509458 1.66393661 2.25854802
v 2.55336475 1.66393661 2.16027856
v 2.51400447 1.66393661 2.9070766
v 2.16028261 1.66393602 2.55335927
v 1.90150321 2.80186176 2.29457998
v 1.64839292 5.3166275 2.04146957
v 2.59089422 1.14987469 1.96636772
v 1.96637142 1.14987469 2.59089065
v 1.96637142 -1.58646306E-16 2.59089065
v 2.59089422 -1.20405297E-16 1.96636772
v 1.94320369 5.3166275 1.74665844
v 2.04147387 5.31662846 1.64838898
v 2.90708303 1.66393602 2.51399493
v 2.80881405 1.66393602 2.61226749
v 2.25855279 1.66393602 2.45508742
v 1.99977231 2.80186272 2.19630885
v 1.90150321 2.80186176 2.29457998
v 2.16028261 1.66393602 2.55335927
v 1.99977231 2.80186272 2.19630885
v 2.25855279 1.66393602 2.45508742
v 2.61227345 1.66393602 2.80880642
v 1.7466619 5.3166275 1.94319856
v 2.1963141 2.80186176 1.99976873
v 1.94320369 5.3166275 1.74665844
v 2.80881405 1.66393602 2.61226749
v 2.45509458 1.66393661 2.25854802
v 2.48756289 2.34102774 2.26658082
v 2.28781056 2.34102774 2.06682944
v 2.06683397 2.34102774 2.2878046
v 2.2665875 2.34102774 2.4875586
v 2.48756409 2.45082402 2.26658177
v 2.2665875 2.45082402 2.48755836
v 2.28781056 2.45082355 2.0668292
v 2.06683278 2.45082402 2.2878046
v 2.57572079 1.8397994 1.79380083
v 2.57571959 1.8397994 -4.96425798E-07
v 2.57571959 -1.37984467 -4.96425798E-07
v 2.57572079 -1.37984467 1.79380083
v 1.79380798 1.8397994 2.57571673
v 2.57572079 1.8397994 1.79380083
v 2.57572079 -1.37984467 1.79380083
v 1.79380798 -1.37984467 2.57571673
v -0 1.8397994 2.57571936
v -0 -1.37984467 2.57571936
v 1.52630794 1.83980012 2.57571745
v 1.36399472 1.67731965 2.89194393
v 1.52630913 1.83980012 2.89194393
v 1.36399353 1.67731905 2.57571745
v -0 1.67731905 2.57571959
v -0 1.67731965 2.89194608
v 1.52630913 1.83980012 2.89194393
v 1.36399472 1.67731965 2.89194393
v -0 1.67731965 2.89194608
v -0 1.83980012 2.89194608
v 2.57572079 1.83980012 1.52630031
v 2.8919487 1.83980012 1.52629936
v 2.8919487 1.67731965 1.36398494
v 2.57572079 1.67731905 1.36398578
v 2.89194632 1.67731965 -5.56002021E-07
v 2.57571959 1.67731905 -4.96425798E-07
v 2.8919487 1.83980012 1.52629936
v 2.89194632 1.83980012 -5.56002021E-07
v 2.89194632 1.67731965 -5.56002021E-07
v 2.8919487 1.67731965 1.36398494
v 2.34251642 6.34481192 1.23632348
v 1.53083062 6.58748055 -2.95041247E-07
v 2.34251404 6.34481192 -4.51479423E-07
v 1.53083193 6.58748055 0.807936251
v 1.23632991 6.34481192 2.34251189
v -0 6.5874815 4.0336691E-16
v 0.807941258 6.58748055 1.53082979
v -0 6.34481192 2.34251404
v -6.10351549E-07 6.58748055 1.53083098
v 1.23632991 6.34481192 2.34251189
v 2.34251642 6.34481192 1.23632348
v 2.89194632 1.83980012 1.52629936
v 1.52630794 1.83980012 2.89194369
v -0 6.06553555 2.19123125
v 0.848656595 6.06553698 2.19123006
v 0.928611457 4.84549141 2.34002662
v 0.688704193 4.40295649 2.39399815
v -0 1.8398025 2.70931792
v 0.835695148 1.83980012 2.70931625
v 1.23632991 6.34481192 2.34251189
v -0 6.15399599 2.36578608
v -0 6.34481192 2.34251404
v 0.947323561 6.15399599 2.36578465
v 1.03011537 4.86776495 2.52265334
v 1.52630794 1.83980012 2.89194369
v 0.786902428 4.42522955 2.57662463
v 0.937710524 1.83980012 2.89194393
v 0.937710524 1.83980012 2.89194393
v 0.835695148 1.83980012 2.70931625
v 0.688704193 4.40295649 2.39399815
v 0.786902428 4.42522955 2.57662463
v 0.928611457 4.84549141 2.34002662
v 1.03011537 4.86776495 2.52265334
v 0.848656595 6.06553698 2.19123006
v 0.947323561 6.15399599 2.36578465
v 0.947323561 6.15399599 2.36578465
v 0.848656595 6.06553698 2.19123006
v -0 6.06553555 2.19123125
v -0 6.15399599 2.36578608
v 2.1912322 6.06553698 0.84864974
v 2.19123101 6.06553555 -4.22322472E-07
v 2.34002852 4.84549141 0.928604126
v 2.39400077 4.40295649 0.688696563
v 2.70931816 1.8398025 -5.22174503E-07
v 2.70932055 1.83980012 0.835686922
v 2.34251642 6.34481192 1.23632348
v 2.34251404 6.34481192 -4.51479423E-07
v 2.36578679 6.15399599 -4.55964766E-07
v 2.36578679 6.15399599 0.947316051
v 2.52265549 4.86776495 1.0301075
v 2.89194632 1.83980012 1.52629936
v 2.57662773 4.42522955 0.786894202
v 2.89194632 1.83980012 0.937701464
v 2.89194632 1.83980012 0.937701464
v 2.39400077 4.40295649 0.688696563
v 2.70932055 1.83980012 0.835686922
v 2.57662773 4.42522955 0.786894202
v 2.34002852 4.84549141 0.928604126
v 2.52265549 4.86776495 1.0301075
v 2.1912322 6.06553698 0.84864974
v 2.36578679 6.15399599 0.947316051
v 2.36578679 6.15399599 0.947316051
v 2.36578679 6.15399599 -4.55964766E-07
v 2.19123101 6.06553555 -4.22322472E-07
v 2.1912322 6.06553698 0.84864974
v 2.89194632 1.83980012 1.52629936
v 2.89194512 1.83980012 -5.57372971E-07
v -0 1.83980012 1.12655263E-16
v 1.52630794 1.83980012 2.89194369
v -0 1.83980012 2.89194512
v -0.0589263886 6.86448908 2.01427126
v 6.10351549E-07 9.53543091 3.56968379
v -0 6.83742952 2.0795989
v -0.055985108 9.53543091 3.48776913
v -0 21.7151756 3.56968427
v 0.0471398905 6.87801933 1.98160672
v -0.055985108 21.7151756 3.48776913
v 0.0546093732 9.53543091 3.47136903
v -0 6.83742952 2.0795989
v 0.0546087623 21.7151756 3.47136903
v 6.10351549E-07 9.53543091 3.56968379
v -0 21.7151756 3.56968427
v -0.0986462384 6.92425728 2.25951934
v 0.0986444056 6.92425728 2.2595191
v 0.0986450166 7.0934701 1.89663911
v -0.0986456275 7.0934701 1.89663935
v -0.0986462384 7.08982515 2.336725
v -0.0986456275 7.25903845 1.97384512
v 0.0986450166 7.25903845 1.97384489
v 0.0986444056 7.08982515 2.33672476
v -0.0986462384 6.92425728 2.25951934
v -0.0986462384 7.08982515 2.336725
v 0.0986444056 7.08982515 2.33672476
v 0.0986444056 6.92425728 2.2595191
v 0.0986444056 6.92425728 2.2595191
v 0.0986444056 7.08982515 2.33672476
v 0.0986450166 7.25903845 1.97384489
v 0.0986450166 7.0934701 1.89663911
v 0.0986450166 7.0934701 1.89663911
v 0.0986450166 7.25903845 1.97384489
v -0.0986456275 7.25903845 1.97384512
v -0.0986456275 7.0934701 1.89663935
v -0.0986456275 7.0934701 1.89663935
v -0.0986456275 7.25903845 1.97384512
v -0.0986462384 7.08982515 2.336725
v -0.0986462384 6.92425728 2.25951934
v -0.0589263886 7.14442539 2.04292393
v -0 9.00692272 1.87409616
v -6.10351549E-07 7.15670443 2.11256003
v -0.0589257814 8.99464417 1.80445993
v 0.0471392795 7.13828659 2.00810552
v 0.0471398905 8.98850536 1.76964164
v -6.10351549E-07 7.15670443 2.11256003
v -0 9.00692272 1.87409616
v -6.10351549E-07 7.14307213 2.20203114
v -6.10351549E-07 7.71748209 2.51194715
v -6.10351549E-07 7.95173883 1.96549881
v -6.10351549E-07 7.17420197 2.10388041
v -6.10351549E-07 7.17420197 2.10388041
v -6.10351549E-07 7.95173883 1.96549881
v -6.10351549E-07 7.71748209 2.51194715
v -6.10351549E-07 7.14307213 2.20203114
v -0.250000596 20.4511356 2.62598252
v 0.249999389 21.713213 3.58202481
v 0.249998167 20.4511356 2.62598252
v -0.250001222 21.713213 3.58202481
v 0.249999389 21.8596573 3.54578304
v -0.250001222 21.8596573 3.54578304
v -0.250001222 21.9216595 3.38334346
v 0.249998167 21.9216595 3.38334346
v 0.249999389 21.3932457 2.27058268
v -0.250000596 21.3932457 2.27058268
v 0.249998167 20.4511356 2.62598252
v 0.249999389 21.713213 3.58202481
v 0.249999389 21.8596573 3.54578304
v 0.249999389 21.3932457 2.27058268
v 0.249998167 20.4511356 2.27058291
v 0.249998167 21.9216595 3.38334346
v -0.250000596 21.3932457 2.27058268
v -0.250001222 21.9216595 3.38334346
v -0.250001222 21.8596573 3.54578304
v -0.250001222 21.713213 3.58202481
v -0.250000596 20.4511356 2.62598252
v -0.250000596 20.4511356 2.27058268
v -0 6.46530628 1.70945358
v 6.10351549E-07 6.91846037 1.9207629
v -0.108252563 6.89204645 1.97740746
v -0.108252563 6.43889284 1.76609814
v -0.108252563 6.83921909 2.09069586
v -0.108252563 6.38606548 1.87938654
v 6.10351549E-07 6.81280565 2.14733982
v 6.10351549E-07 6.35965204 1.93603039
v 6.10351549E-07 6.35965204 1.93603039
v 6.10351549E-07 6.81280565 2.14733982
v 0.108253784 6.83921909 2.09069538
v 0.108253784 6.38606548 1.87938607
v 0.108253784 6.89204645 1.97740698
v 0.108253784 6.43889284 1.76609766
v 6.10351549E-07 6.91846037 1.9207629
v -0 6.46530628 1.70945358
v -0.108252563 6.89204645 1.97740746
v 6.10351549E-07 6.91846037 1.9207629
v 0.108253784 6.89204645 1.97740698
v 0.108253784 6.83921909 2.09069538
v -0.108252563 6.83921909 2.09069586
v 6.10351549E-07 6.81280565 2.14733982
v -0.124540403 15.7697716 3.60246706
v -0.124540403 15.7697716 3.32827139
v 0.124537349 15.7697716 3.32827139
v 0.124537349 15.7697716 3.60246706
v 0.124537349 15.0261898 3.32827139
v 0.124537349 15.7697716 3.32827139
v -0.124540403 15.7697716 3.32827139
v -0.124540403 15.0261898 3.32827139
v -0.124540403 15.0261898 3.32827139
v -0.124540403 15.7697716 3.32827139
v -0.124540403 15.7697716 3.60246706
v -0.124540403 15.619771 3.77027464
v -0.124540403 15.2550325 3.77027464
v -0.124540403 15.0261898 3.60246706
v -0.124540403 15.7697716 3.60246706
v 0.124537349 15.7697716 3.60246706
v 0.124537349 15.619771 3.77027464
v -0.124540403 15.619771 3.77027464
v -0.124540403 15.2550325 3.77027464
v 0.124537349 15.2550325 3.77027464
v 0.124537349 15.0261898 3.60246706
v -0.124540403 15.0261898 3.60246706
v 0.124537349 15.0261898 3.32827139
v 0.124537349 15.7697716 3.60246706
v 0.124537349 15.7697716 3.32827139
v 0.124537349 15.619771 3.77027464
v 0.124537349 15.2550325 3.77027464
v 0.124537349 15.0261898 3.60246706
v 0.124537349 15.0261898 3.60246706
v 0.124537349 15.0261898 3.32827139
v -0.124540403 15.0261898 3.32827139
v -0.124540403 15.0261898 3.60246706
v -0.099999994 14.8134308 3.47957087
v 0.099999994 14.6481285 3.41546965
v 0.099999994 14.8134308 3.41546965
v -0.099999994 14.6481285 3.47957087
v -0 14.8134308 3.62434673
v 0.099999994 14.8134308 3.41546965
v -0 14.6481285 3.62434673
v 0.099999994 14.8134308 3.41546965
v 0.099999994 14.6481285 3.41546965
v 1.19079399 10.1468039 3.0748024
v 1.28036678 10.1468039 3.20762348
v 1.5330987 10.1468039 3.07480216
v 1.5330987 10.1468039 3.207623
v 1.5330987 10.8070278 3.07480216
v 1.5330987 10.8070278 3.207623
v 1.28036678 10.8070278 3.20762348
v 1.19079399 10.8070278 3.0748024
v 1.28036678 10.8070278 3.20762348
v 1.5330987 10.8070278 3.207623
v 1.5330987 10.1468039 3.207623
v 1.28036678 10.1468039 3.20762348
v 1.19079399 10.8070278 3.0748024
v 1.19079399 10.1468039 3.0748024
v 2.07802296 10.1468039 2.53656578
v 1.80539727 10.1468039 2.6213553
v 1.89931571 10.1468039 2.7152741
v 2.04744196 10.1468039 2.37930989
v 2.04744196 10.8070278 2.37930989
v 2.07802296 10.8070278 2.53656578
v 1.80539727 10.8070278 2.6213553
v 1.89931571 10.8070278 2.7152741
v 1.89931571 10.8070278 2.7152741
v 2.07802296 10.1468039 2.53656578
v 1.89931571 10.1468039 2.7152741
v 2.07802296 10.8070278 2.53656578
v 2.04744196 10.1468039 2.37930989
v 2.04744196 10.8070278 2.37930989
v 3.07480168 10.1468039 1.53309953
v 3.20762253 10.1468039 1.53309965
v 3.20762253 10.1468039 1.28036821
v 3.07480168 10.1468039 1.19079554
v 3.20762253 10.8070278 1.53309965
v 3.07480168 10.8070278 1.53309953
v 3.07480168 10.8070278 1.19079554
v 3.20762253 10.8070278 1.28036821
v 3.20762253 10.8070278 1.53309965
v 3.20762253 10.1468039 1.28036821
v 3.20762253 10.1468039 1.53309965
v 3.20762253 10.8070278 1.28036821
v 3.07480168 10.1468039 1.19079554
v 3.07480168 10.8070278 1.19079554
v 2.37930965 10.1468039 2.04744339
v 2.53656554 10.1468039 2.07802463
v 2.7152741 10.1468039 1.89931619
v 2.62135434 10.1468039 1.80539751
v 2.62135434 10.8070278 1.80539751
v 2.7152741 10.8070278 1.89931619
v 2.53656554 10.8070278 2.07802463
v 2.37930965 10.8070278 2.04744339
v 2.53656554 10.8070278 2.07802463
v 2.7152741 10.8070278 1.89931619
v 2.7152741 10.1468039 1.89931619
v 2.53656554 10.1468039 2.07802463
v 2.37930965 10.8070278 2.04744339
v 2.37930965 10.1468039 2.04744339
v 1.09334528 9.44456291 1.67900956
v 1.02900934 9.44456291 1.74334455
v 1.50665581 9.44456291 2.22099042
v 1.57099056 9.44456291 2.15665531
v 1.50665581 11.2870398 2.22099042
v 1.02900934 11.2870398 1.74334455
v 1.09334528 11.2870398 1.67900956
v 1.57099056 11.2870398 2.15665531
v 1.02900934 11.2870398 1.74334455
v 1.50665581 11.2870398 2.22099042
v 1.50665581 9.44456291 2.22099042
v 1.02900934 9.44456291 1.74334455
v 1.57099056 11.2870398 2.15665531
v 1.09334528 11.2870398 1.67900956
v 1.09334528 9.44456291 1.67900956
v 1.57099056 9.44456291 2.15665531
v 2.22096992 9.44456291 1.50667548
v 1.74332452 9.44456291 1.02902961
v 1.67903006 9.44456291 1.09332347
v 2.15667653 9.44456291 1.57096922
v 2.22096992 11.2870398 1.50667548
v 2.15667653 11.2870398 1.57096922
v 1.67903006 11.2870398 1.09332347
v 1.74332452 11.2870398 1.02902961
v 1.67903006 11.2870398 1.09332347
v 2.15667653 11.2870398 1.57096922
v 2.15667653 9.44456291 1.57096922
v 1.67903006 9.44456291 1.09332347
v 2.22096992 11.2870398 1.50667548
v 1.74332452 11.2870398 1.02902961
v 1.74332452 9.44456291 1.02902961
v 2.22096992 9.44456291 1.50667548
v 1.29230893 11.5767651 2.84068966
v 1.38271177 11.5767651 3.05894303
v 1.31958306 11.3786068 3.12207246
v 1.20303035 11.3786068 2.84068966
v 1.31958306 11.3786068 2.55930662
v 1.38271296 11.5767651 2.62243557
v 1.6009661 11.5767651 2.53203201
v 1.6009661 11.3786068 2.44275403
v 1.88234925 11.3786068 2.55930662
v 1.81921935 11.5767651 2.62243581
v 1.6009661 11.5767651 3.14934683
v 1.31958306 11.3786068 3.12207246
v 1.38271177 11.5767651 3.05894303
v 1.6009661 11.3786068 3.23862481
v 1.88234925 11.3786068 3.12207246
v 1.81921935 11.5767651 3.05894303
v 1.90962338 11.5767651 2.84068942
v 1.6009661 9.65433121 3.23862481
v 1.31958306 9.65433121 3.12207246
v 1.88234925 9.65433121 3.12207246
v 1.6009661 9.51621151 3.12364554
v 1.40088558 9.51621151 3.04076958
v 1.80104673 9.51621151 3.04076958
v 1.99890196 9.65433121 2.84068942
v 1.8839227 9.51621151 2.84068942
v 1.99890196 11.3786068 2.84068942
v 1.88234925 9.65433121 2.55930662
v 1.80104673 9.51621151 2.64060903
v 1.88234925 11.3786068 2.55930662
v 1.81921935 11.5767651 2.62243581
v 1.6009661 11.5767651 2.84068942
v 1.29230893 11.5767651 2.84068966
v 1.38271296 11.5767651 2.62243557
v 1.38271177 11.5767651 3.05894303
v 1.38271177 11.5767651 3.05894303
v 1.6009661 11.5767651 2.84068942
v 1.6009661 11.5767651 3.14934683
v 1.81921935 11.5767651 3.05894303
v 1.6009661 9.51621151 3.12364554
v 1.6009661 9.51621151 2.84068942
v 1.40088558 9.51621151 3.04076958
v 1.80104673 9.51621151 3.04076958
v 1.6009661 11.5767651 2.53203201
v 1.6009661 11.5767651 2.84068942
v 1.38271296 11.5767651 2.62243557
v 1.81921935 11.5767651 2.62243581
v 1.6009661 11.5767651 2.84068942
v 1.81921935 11.5767651 2.62243581
v 1.90962338 11.5767651 2.84068942
v 1.81921935 11.5767651 3.05894303
v 1.8839227 9.51621151 2.84068942
v 1.80104673 9.51621151 2.64060903
v 1.6009661 9.51621151 2.84068942
v 1.80104673 9.51621151 3.04076958
v 3.12207198 11.3786068 1.31958437
v 3.05894208 11.5767651 1.38271344
v 2.84068894 11.5767651 1.29230952
v 2.84068894 11.3786068 1.20303154
v 2.55930591 11.3786068 1.31958437
v 2.62243462 11.5767651 1.38271308
v 2.53203177 11.5767651 1.60096717
v 2.44275331 11.3786068 1.60096717
v 2.55930591 11.3786068 1.88234997
v 2.62243462 11.5767651 1.81922066
v 3.14934635 11.5767651 1.60096717
v 3.05894208 11.5767651 1.38271344
v 3.12207198 11.3786068 1.31958437
v 3.23862362 11.3786068 1.60096717
v 3.12207198 9.65433121 1.31958437
v 3.12207198 11.3786068 1.88234997
v 3.05894208 11.5767651 1.81922066
v 2.84068894 11.5767651 1.90962446
v 3.23862362 9.65433121 1.60096717
v 3.12364554 9.51621151 1.60096705
v 3.04076958 9.51621151 1.40088665
v 3.04076958 9.51621151 1.80104733
v 3.12207198 9.65433121 1.88234997
v 2.84068894 11.3786068 1.99890244
v 2.84068894 9.65433121 1.99890244
v 2.84068894 9.51621151 1.88392317
v 2.55930591 11.3786068 1.88234997
v 2.62243462 11.5767651 1.81922066
v 2.55930591 9.65433121 1.88234997
v 2.64060855 9.51621151 1.80104733
v 2.84068894 11.5767651 1.29230952
v 2.84068894 11.5767651 1.60096693
v 2.62243462 11.5767651 1.38271308
v 3.05894208 11.5767651 1.38271344
v 3.14934635 11.5767651 1.60096717
v 2.84068894 11.5767651 1.60096693
v 3.05894208 11.5767651 1.38271344
v 3.05894208 11.5767651 1.81922066
v 3.12364554 9.51621151 1.60096705
v 3.04076958 9.51621151 1.40088665
v 2.84068894 9.51621151 1.60096705
v 3.04076958 9.51621151 1.80104733
v 2.53203177 11.5767651 1.60096717
v 2.62243462 11.5767651 1.38271308
v 2.84068894 11.5767651 1.60096693
v 2.62243462 11.5767651 1.81922066
v 2.84068894 11.5767651 1.90962446
v 2.62243462 11.5767651 1.81922066
v 2.84068894 11.5767651 1.60096693
v 3.05894208 11.5767651 1.81922066
v 2.84068894 9.51621151 1.88392317
v 2.84068894 9.51621151 1.60096705
v 2.64060855 9.51621151 1.80104733
v 3.04076958 9.51621151 1.80104733
v -0.711972058 9.08577251 3.32269788
v 0.711970806 9.08577251 1.69234645
v -0.711972058 9.08577251 1.69234598
v 0.711970806 9.08577251 3.32269764
v 0.711972058 9.36254597 3.84949565
v -0.711972058 9.36254597 3.84949613
v 0.711972058 10.1051855 3.84949565
v -0.711972058 10.1051855 3.84949613
v 0.711970806 10.3842688 3.32269764
v -0.711972058 10.3842688 3.32269788
v 0.711970806 10.3842688 3.32269764
v 0.711972058 9.36254597 3.84949565
v 0.711972058 10.1051855 3.84949565
v 0.711970806 9.08577251 3.32269764
v 0.711970806 9.08577251 1.69234645
v 0.711970806 11.6827631 1.69234645
v 0.711970806 11.6827631 3.32269764
v 0.711972058 11.4059896 3.84949565
v 0.711972058 10.6633511 3.84949565
v -0.711972058 10.3842688 3.32269788
v -0.711972058 10.1051855 3.84949613
v -0.711972058 9.36254597 3.84949613
v -0.711972058 9.08577251 3.32269788
v -0.711972058 9.08577251 1.69234598
v -0.711972058 11.6827631 1.69234598
v -0.711972058 11.6827631 3.32269788
v -0.711972058 10.6633511 3.84949613
v -0.711972058 11.4059896 3.84949613
v 0.711970806 11.6827631 3.32269764
v -0.711972058 11.6827631 1.69234598
v 0.711970806 11.6827631 1.69234645
v -0.711972058 11.6827631 3.32269788
v 0.711972058 11.4059896 3.84949565
v -0.711972058 11.4059896 3.84949613
v -0.711972058 10.6633511 3.84949613
v 0.711972058 10.6633511 3.84949565
v -0.711972058 10.3842688 3.32269788
v 0.711970806 10.3842688 3.32269764
v 4.15673637 19.7356663 2.03785563
v 2.03784966 19.7356663 4.15674019
v 1.75561702 19.7356663 3.47536969
v 3.47536683 19.7356663 1.75562251
v 3.47536683 18.9356651 1.75562251
v 1.75561702 18.9356651 3.47536969
v 2.03784966 18.9356651 4.15674019
v 4.15673637 18.9356651 2.03785563
v 2.03784966 18.9356651 4.15674019
v 1.09797299 18.9356651 4.15673971
v 1.09797299 19.7356663 4.15674067
v 2.03784966 19.7356663 4.15674019
v 4.15673637 18.9356651 2.03785563
v 4.15673637 19.7356663 2.03785563
v 4.15673637 19.7356663 1.09797823
v 4.15673637 18.9356651 1.09797823
v 2.03784966 19.7356663 4.15674019
v 1.09797299 19.7356663 4.15674067
v 1.0979718 19.7356663 3.47536922
v 1.75561702 19.7356663 3.47536969
v 1.75561702 19.7356663 3.47536969
v 1.0979718 19.7356663 3.47536922
v 1.0979718 18.9356651 3.47536922
v 1.75561702 18.9356651 3.47536969
v 3.47536683 19.7356663 1.75562251
v 3.47536683 18.9356651 1.75562251
v 3.47536683 18.9356651 1.09797752
v 3.47536683 19.7356663 1.09797752
v 1.75561702 18.9356651 3.47536969
v 1.0979718 18.9356651 3.47536922
v 1.09797299 18.9356651 4.15673971
v 2.03784966 18.9356651 4.15674019
v 3.47536683 19.7356663 1.09797752
v 4.15673637 19.7356663 1.09797823
v 4.15673637 19.7356663 2.03785563
v 3.47536683 19.7356663 1.75562251
v 4.15673637 18.9356651 1.09797823
v 3.47536683 18.9356651 1.09797752
v 3.47536683 18.9356651 1.75562251
v 4.15673637 18.9356651 2.03785563
v 1.09797299 19.7356663 4.15674067
v 1.09797299 18.9356651 4.15673971
v 1.0979718 18.9356651 3.47536922
v 1.0979718 19.7356663 3.47536922
v 4.15673637 18.9356651 1.09797823
v 4.15673637 19.7356663 1.09797823
v 3.47536683 19.7356663 1.09797752
v 3.47536683 18.9356651 1.09797752
v 2.49786925 19.0356655 3.07426357
v 3.07425833 19.0356655 2.49787569
v 2.16883969 19.0356655 1.5924542
v 1.59245169 19.0356655 2.16884208
v 2.49786925 19.6356659 3.07426357
v 1.59245169 19.6356659 2.16884208
v 2.16883969 19.6356659 1.5924542
v 3.07425833 19.6356659 2.49787569
v 3.07425833 19.0356655 2.49787569
v 3.07425833 19.6356659 2.49787569
v 2.16883969 19.6356659 1.5924542
v 2.16883969 19.0356655 1.5924542
v 1.9271282 18.5356655 3.79677844
v 1.9271282 18.9356651 3.79677844
v 2.27060723 18.9356651 3.781322
v 2.27060723 18.5356655 3.781322
v 3.7813189 18.9356651 2.27061105
v 3.7813189 18.5356655 2.27061105
v 3.79677534 18.9356651 1.92713106
v 3.79677534 18.5356655 1.92713106
v 3.79677534 18.5356655 1.92713106
v 3.79677534 18.9356651 1.92713106
v 1.9271282 18.9356651 3.79677844
v 1.9271282 18.5356655 3.79677844
v 1.59245169 19.0356655 2.16884208
v 1.59245169 19.6356659 2.16884208
v 2.49786925 19.6356659 3.07426357
v 2.49786925 19.0356655 3.07426357
v 4.15673637 18.6356659 2.03785563
v 2.03784966 18.6356659 4.15674019
v 1.75561702 18.6356659 3.47536969
v 3.47536683 18.6356659 1.75562251
v 3.47536683 17.8356667 1.75562251
v 1.75561702 17.8356667 3.47536969
v 2.03784966 17.8356667 4.15674019
v 4.15673637 17.8356667 2.03785563
v 2.03784966 17.8356667 4.15674019
v 1.09797299 17.8356667 4.15673971
v 1.09797299 18.6356659 4.15674067
v 2.03784966 18.6356659 4.15674019
v 4.15673637 17.8356667 2.03785563
v 4.15673637 18.6356659 2.03785563
v 4.1567378 18.6356659 1.09797847
v 4.1567378 17.8356667 1.09797847
v 2.03784966 18.6356659 4.15674019
v 1.09797299 18.6356659 4.15674067
v 1.0979718 18.6356659 3.47536922
v 1.75561702 18.6356659 3.47536969
v 1.75561702 18.6356659 3.47536969
v 1.0979718 18.6356659 3.47536922
v 1.0979718 17.8356667 3.47536922
v 1.75561702 17.8356667 3.47536969
v 3.47536683 18.6356659 1.75562251
v 3.47536683 17.8356667 1.75562251
v 3.47536683 17.8356667 1.09797752
v 3.47536683 18.6356659 1.09797752
v 1.75561702 17.8356667 3.47536969
v 1.0979718 17.8356667 3.47536922
v 1.09797299 17.8356667 4.15673971
v 2.03784966 17.8356667 4.15674019
v 3.47536683 18.6356659 1.09797752
v 4.1567378 18.6356659 1.09797847
v 4.15673637 18.6356659 2.03785563
v 3.47536683 18.6356659 1.75562251
v 4.1567378 17.8356667 1.09797847
v 3.47536683 17.8356667 1.09797752
v 3.47536683 17.8356667 1.75562251
v 4.15673637 17.8356667 2.03785563
v 1.09797299 18.6356659 4.15674067
v 1.09797299 17.8356667 4.15673971
v 1.0979718 17.8356667 3.47536922
v 1.0979718 18.6356659 3.47536922
v 4.1567378 17.8356667 1.09797847
v 4.1567378 18.6356659 1.09797847
v 3.47536683 18.6356659 1.09797752
v 3.47536683 17.8356667 1.09797752
v 2.49786925 17.935667 3.07426381
v 3.07425833 17.935667 2.49787569
v 2.16883969 17.935667 1.5924542
v 1.59245169 17.935667 2.16884232
v 2.49786925 18.5356655 3.07426381
v 1.59245169 18.5356655 2.16884232
v 2.16883969 18.5356655 1.5924542
v 3.07425833 18.5356655 2.49787569
v 3.07425833 17.935667 2.49787569
v 3.07425833 18.5356655 2.49787569
v 2.16883969 18.5356655 1.5924542
v 2.16883969 17.935667 1.5924542
v 1.59245169 17.935667 2.16884232
v 1.59245169 18.5356655 2.16884232
v 2.49786925 18.5356655 3.07426381
v 2.49786925 17.935667 3.07426381
v -0 5.47894621 2.33312249
v 0.328618765 5.47893953 2.33281732
v -0 4.49676752 2.45164108
v 0.328619987 4.49676752 2.45133686
v 0.328618765 5.47893953 2.33281732
v 0.393845826 5.53206301 2.23009658
v 0.393844604 4.49674702 2.34533548
v 0.328619987 4.49676752 2.45133686
v -0 5.47894621 2.33312249
v -0 5.53207874 2.23040104
v 0.393845826 5.53206301 2.23009658
v 0.328618765 5.47893953 2.33281732
v 0.335238636 4.49674702 2.48357987
v 0.419452518 4.54618692 2.35636902
v 0.419452518 2.08110523 2.64339256
v 0.335252076 2.08061576 2.776407
v 0.693831146 5.95896101 2.30664277
v 0.773196399 6.03137112 2.16878867
v 0.834445179 5.15353489 2.25019097
v 0.737398028 5.15545511 2.40308976
v 0.419452518 4.49674702 2.35636902
v 0.335238636 4.49674702 2.48357987
v -0 5.9590888 2.30776024
v 0.693831146 5.95896101 2.30664277
v 0.603475928 5.86733818 2.32404304
v -0 5.86743259 2.32493758
v 0.637755752 5.15547419 2.40332961
v 0.603475928 5.86733818 2.32404304
v 0.693831146 5.95896101 2.30664277
v 0.737398028 5.15545511 2.40308976
v 0.176718131 4.49675655 2.48383737
v 0.637755752 5.15547419 2.40332961
v 0.737398028 5.15545511 2.40308976
v 0.335238636 4.49674702 2.48357987
v 0.495628029 5.86733818 2.29258657
v 0.578330696 5.86733818 2.29250717
v 0.328618765 5.47893953 2.33281732
v 0.243184194 5.47892952 2.33289814
v 0.243184194 5.47892952 2.33289814
v 0.243185416 5.53206301 2.23019099
v 0.45162046 5.86733818 2.17701626
v 0.495628029 5.86733818 2.29258657
v 0.578330696 5.86733818 2.29250717
v 0.650497437 5.86733818 2.1769371
v 0.393845826 5.47932959 2.23009658
v 0.328618765 5.47893953 2.33281732
v 0.603475928 5.86733818 2.32404304
v 0.518704236 5.76869488 2.18623567
v -0 5.76872015 2.18655658
v -0 5.86743259 2.32493758
v -0 5.9590888 2.30776024
v -0 6.03141165 2.1691885
v 0.773196399 6.03137112 2.16878867
v 0.693831146 5.95896101 2.30664277
v 0.637755752 5.15547419 2.40332961
v 0.518704236 5.76869488 2.18623567
v 0.603475928 5.86733818 2.32404304
v 0.545130014 5.15353489 2.25027752
v 0.176718131 4.49675655 2.48383737
v 0.135110468 4.54618692 2.34864712
v -0 2.08072186 2.77694249
v -0 4.49676752 2.48412466
v 0.335238636 4.49674702 2.48357987
v -0 2.08067799 2.77694798
v 0.335252076 2.08061576 2.776407
v -0 4.49676752 2.48412466
v -0 4.54618692 2.35656738
v 0.419452518 4.54618692 2.35636902
v 0.335238636 4.49674702 2.48357987
v 2.33312321 5.47894621 -1.01984334E-07
v 2.45164108 4.49676752 -1.07164816E-07
v 2.33281803 5.47893953 0.328619272
v 2.45133734 4.49676752 0.328620493
v 2.33281803 5.47893953 0.328619272
v 2.45133734 4.49676752 0.328620493
v 2.34533501 4.49674702 0.393845081
v 2.23009706 5.53206301 0.393846303
v 2.33312321 5.47894621 -1.01984334E-07
v 2.33281803 5.47893953 0.328619272
v 2.23009706 5.53206301 0.393846303
v 2.23040104 5.53207874 -9.74940448E-08
v 2.48357964 4.49674702 0.335239142
v 2.77640676 2.08061576 0.335252553
v 2.6433928 2.08110523 0.419452995
v 2.35636902 4.54618692 0.419452995
v 2.30664229 5.95896101 0.693831682
v 2.25019097 5.15353489 0.834445715
v 2.16878843 6.03137112 0.773196936
v 2.40308905 5.15545511 0.737398565
v 2.35636902 4.49674702 0.419452995
v 2.48357964 4.49674702 0.335239142
v 2.30776048 5.9590888 -1.00875475E-07
v 2.32493711 5.86743259 -1.01626206E-07
v 2.32404232 5.86733818 0.603476405
v 2.30664229 5.95896101 0.693831682
v 2.40332937 5.15547419 0.637756228
v 2.40308905 5.15545511 0.737398565
v 2.30664229 5.95896101 0.693831682
v 2.32404232 5.86733818 0.603476405
v 2.48383713 4.49675655 0.176718026
v 2.48357964 4.49674702 0.335239142
v 2.40308905 5.15545511 0.737398565
v 2.40332937 5.15547419 0.637756228
v 2.29258609 5.86733818 0.495628536
v 2.33289862 5.47892952 0.243184716
v 2.33281803 5.47893953 0.328619272
v 2.29250669 5.86733818 0.578331172
v 2.33289862 5.47892952 0.243184716
v 2.29258609 5.86733818 0.495628536
v 2.17701602 5.86733818 0.451620996
v 2.23019099 5.53206301 0.243185937
v 2.29250669 5.86733818 0.578331172
v 2.33281803 5.47893953 0.328619272
v 2.23009706 5.47932959 0.393846303
v 2.17693663 5.86733818 0.650497973
v 2.32404232 5.86733818 0.603476405
v 2.32493711 5.86743259 -1.01626206E-07
v 2.18655705 5.76872015 -9.55775619E-08
v 2.1862359 5.76869488 0.518704712
v 2.30776048 5.9590888 -1.00875475E-07
v 2.30664229 5.95896101 0.693831682
v 2.16878843 6.03137112 0.773196936
v 2.16918874 6.03141165 -9.48183825E-08
v 2.40332937 5.15547419 0.637756228
v 2.32404232 5.86733818 0.603476405
v 2.1862359 5.76869488 0.518704712
v 2.25027776 5.15353489 0.545130491
v 2.48383713 4.49675655 0.176718026
v 2.34864688 4.54618692 0.135110363
v 2.77694273 2.08072186 -1.21384076E-07
v 2.48357964 4.49674702 0.335239142
v 2.48412418 4.49676752 -1.08584494E-07
v 2.7769475 2.08067799 -1.2138436E-07
v 2.77640676 2.08061576 0.335252553
v 2.48412418 4.49676752 -1.08584494E-07
v 2.48357964 4.49674702 0.335239142
v 2.35636902 4.54618692 0.419452995
v 2.35656786 4.54618692 -1.03008929E-07
v 1.14963591 1.19999957 3.92995715
v -0 1.19999957 3.92995882
v -0 1.10332596 3.92995882
v 1.14963591 1.10332596 3.92995715
v 2.09962988 1.19999957 3.67260766
v 1.03175628 1.19999969 2.5757165
v 1.84671962 1.19999969 2.5757165
v 1.14963591 1.19999957 3.92995715
v 2.09963226 1.19999945 4.49999857
v -0 1.19999945 4.50000143
v -0 1.19999957 3.92995882
v 1.03175628 1.19999969 2.5757165
v 1.14963591 1.19999957 3.92995715
v 1.14963591 1.10332596 3.92995715
v 1.03175628 1.10332608 2.57571673
v 2.09963226 1.19999945 4.49999857
v 2.09962988 1.19999957 3.67260766
v 2.09963226 1.07559288 4.49999857
v 2.09963226 0.749957263 4.09999943
v 2.09963226 -1.49999487 4.099998
v 2.09962988 -1.49999487 3.67260695
v 1.84671962 -1.49999475 2.57571578
v 1.84671962 1.19999969 2.5757165
v -0 1.19999945 4.50000143
v 2.09963226 1.19999945 4.49999857
v 2.09963226 1.07559288 4.49999857
v 1.95000052 1.07559276 4.50000095
v -0 1.07559288 4.50000143
v 2.09963226 -1.49999487 4.099998
v 1.94963157 -1.49999487 4.099998
v 1.94963145 0.749957263 4.09999943
v 2.09963226 0.749957263 4.09999943
v 1.95000052 1.07559276 4.50000095
v 2.09963226 1.07559288 4.49999857
v 1.94963157 -1.49999487 4.099998
v 1.94963157 -1.49999511 2.57571459
v 1.94963145 0.749957025 2.5757165
v 1.94963145 0.749957263 4.09999943
v 1.94963157 1.07559264 2.57571673
v 1.95000052 1.07559276 4.50000095
v 1.95000052 1.07559276 4.50000095
v 1.95000052 1.07559276 3.03405261
v -0 1.07559288 3.03405309
v -0 1.07559288 4.50000143
v 0.508667767 0.925784349 4.50000095
v 0.416633248 1.07559276 4.50000095
v 0.883366704 1.07559276 4.50000095
v 0.791332245 0.925784349 4.50000095
v 0.791332245 0.925784349 4.50000095
v 0.883366704 1.07559276 4.50000095
v 0.883366704 1.07559276 3.03405309
v 0.791332245 0.92578429 3.03405237
v 0.508667767 0.925784349 4.50000095
v 0.508667827 0.92578429 3.03405237
v 0.416633248 1.07559276 4.50000095
v 0.416633278 1.07559276 3.03405309
v 1.80866849 0.925784349 4.50000095
v 1.95000076 0.925784349 4.50000143
v 1.95000076 0.92578429 3.03405309
v 1.80866849 0.92578429 3.03405261
v 1.71663392 1.07559276 4.50000095
v 1.71663392 1.07559276 3.03405333
v 1.80866849 0.925784349 4.50000095
v 1.71663392 1.07559276 4.50000095
v 1.95000076 1.07559288 4.50000095
v 1.95000076 0.925784349 4.50000143
v -0 1.11881816 2.57571793
v 1.16050875 1.11881816 2.5757184
v 1.16051018 1.11881793 3.92995691
v -0 1.11881793 3.92995691
v -1.14963591 1.19999957 3.92995715
v -1.14963591 1.10332596 3.92995715
v -0 1.10332596 3.92995882
v -0 1.19999957 3.92995882
v -2.09962988 1.19999957 3.67260766
v -1.84671962 1.19999969 2.5757165
v -1.03175628 1.19999969 2.5757165
v -1.14963591 1.19999957 3.92995715
v -2.09963226 1.19999945 4.49999857
v -0 1.19999945 4.50000143
v -0 1.19999957 3.92995882
v -1.03175628 1.19999969 2.5757165
v -1.03175628 1.10332608 2.57571673
v -1.14963591 1.10332596 3.92995715
v -1.14963591 1.19999957 3.92995715
v -2.09963226 1.19999945 4.49999857
v -2.09963226 1.07559288 4.49999857
v -2.09962988 1.19999957 3.67260766
v -2.09963226 0.749957263 4.09999943
v -2.09962988 -1.49999487 3.67260695
v -2.09963226 -1.49999487 4.099998
v -1.84671962 -1.49999475 2.57571578
v -1.84671962 1.19999969 2.5757165
v -2.09963226 1.19999945 4.49999857
v -0 1.19999945 4.50000143
v -0 1.07559288 4.50000143
v -1.95000052 1.07559276 4.50000095
v -2.09963226 1.07559288 4.49999857
v -2.09963226 -1.49999487 4.099998
v -1.94963145 0.749957263 4.09999943
v -1.94963157 -1.49999487 4.099998
v -2.09963226 0.749957263 4.09999943
v -1.95000052 1.07559276 4.50000095
v -2.09963226 1.07559288 4.49999857
v -1.94963157 -1.49999487 4.099998
v -1.94963145 0.749957025 2.5757165
v -1.94963157 -1.49999511 2.57571459
v -1.94963145 0.749957263 4.09999943
v -1.94963157 1.07559264 2.57571673
v -1.95000052 1.07559276 4.50000095
v -1.95000052 1.07559276 4.50000095
v -0 1.07559288 4.50000143
v -0 1.07559288 3.03405309
v -1.95000052 1.07559276 3.03405261
v -0.508667767 0.925784349 4.50000095
v -0.791332245 0.925784349 4.50000095
v -0.883366704 1.07559276 4.50000095
v -0.416633248 1.07559276 4.50000095
v -0.791332245 0.925784349 4.50000095
v -0.883366704 1.07559276 3.03405309
v -0.883366704 1.07559276 4.50000095
v -0.791332245 0.92578429 3.03405237
v -0.508667767 0.925784349 4.50000095
v -0.508667827 0.92578429 3.03405237
v -0.416633248 1.07559276 4.50000095
v -0.416633278 1.07559276 3.03405309
v -1.80866849 0.925784349 4.50000095
v -1.95000076 0.92578429 3.03405309
v -1.95000076 0.925784349 4.50000143
v -1.80866849 0.92578429 3.03405261
v -1.71663392 1.07559276 4.50000095
v -1.71663392 1.07559276 3.03405333
v -1.80866849 0.925784349 4.50000095
v -1.95000076 0.925784349 4.50000143
v -1.95000076 1.07559288 4.50000095
v -1.71663392 1.07559276 4.50000095
v -0 1.11881816 2.57571793
v -0 1.11881793 3.92995691
v -1.16051018 1.11881793 3.92995691
v -1.16050875 1.11881816 2.5757184
v 3.50965381 0.149999753 2.0497632
v 2.56032944 0.149999782 1.82910705
v 1.82815123 0.149999693 2.56128812
v 2.05674171 0.149999574 3.50268435
v 2.56032944 0.149999782 1.82910705
v 2.56323361 0.849999726 1.8262043
v 1.82720685 0.849999666 2.56223345
v 1.82815123 0.149999693 2.56128812
v 2.56323361 0.849999726 1.8262043
v 3.5051074 0.849999726 2.05431008
v 1.94332945 0.849999547 3.61609769
v 1.82720685 0.849999666 2.56223345
v 3.5051074 0.849999726 2.05431008
v 3.50965381 0.149999753 2.0497632
v 2.05674171 0.149999574 3.50268435
v 1.94332945 0.849999547 3.61609769
v 1.95000076 1.07559288 4.50000095
v 1.95000052 1.07559276 3.03405261
v 1.95000076 0.92578429 3.03405309
v 1.95000076 0.925784349 4.50000143
v -1.95000076 0.925784349 4.50000143
v -1.95000076 0.92578429 3.03405309
v -1.95000052 1.07559276 3.03405261
v -1.95000076 1.07559288 4.50000095
v -1.94963324 0.079999961 4.099998
v -1.94962883 0.0999997333 0.630001307
v 1.94962943 0.100000106 0.629998863
v 1.94963396 0.0800001696 4.099998
v 1.94963396 0.0800001696 4.099998
v 1.94963396 -0.426492035 4.099998
v -1.94963348 -0.426492363 4.099998
v -1.94963324 0.079999961 4.099998
v -1.99450004 1.11759281 4.07162046
v 1.99450004 1.11759281 4.07162046
v 1.99450004 0.0800004527 4.07161999
v -1.99450004 0.0800004527 4.07161999
vt 0.122609109 0.569381058
vt 0.128955334 0.581346571
vt 0.116263479 0.581346214
vt 0.61328125 0.476433873
vt 0.64293313 0.4921875
vt 0.613281131 0.492187381
vt 0.642933249 0.476433873
vt 0.642933249 0.390218616
vt 0.613281488 0.390218616
vt 0.64293313 0.374465108
vt 0.613281488 0.374464989
vt 0.826910734 0.671993077
vt 0.836063623 0.671993077
vt 0.836063623 0.656738222
vt 0.826910734 0.656738222
vt 0.129128888 0.947990119
vt 0.0928048044 0.947990119
vt 0.0928048044 0.935786366
vt 0.129128888 0.935786366
vt 0.0928047895 0.93441534
vt 0.129128888 0.934414923
vt 0.129128888 0.929874778
vt 0.0928047895 0.929874778
vt 0.0928048044 0.957117915
vt 0.129128888 0.957117915
vt 0.129128888 0.949795902
vt 0.0928048044 0.949795783
vt 0.826910734 0.671993077
vt 0.826910734 0.656738222
vt 0.836063981 0.656738222
vt 0.836063623 0.671993077
vt 0.154688329 0.95966804
vt 0.13561812 0.95966804
vt 0.13561821 0.932969749
vt 0.154688329 0.932969749
vt 0.185526833 0.964310169
vt 0.158283755 0.97425729
vt 0.158283755 0.964310169
vt 0.185526833 0.97425729
vt 0.185526833 0.99609375
vt 0.158283755 0.99609375
vt 0.221850947 0.973391235
vt 0.190067351 0.964310169
vt 0.217310444 0.964310169
vt 0.221850947 0.99609375
vt 0.190067351 0.99609375
vt 0.190067351 0.964310169
vt 0.221850947 0.973391712
vt 0.217310444 0.964310169
vt 0.190067351 0.99609375
vt 0.221850947 0.99609375
vt 0.176834151 0.932501674
vt 0.158672094 0.932501674
vt 0.158672094 0.959744811
vt 0.176834151 0.959744811
vt 0.179097638 0.959759295
vt 0.197603583 0.959759295
vt 0.197603479 0.934114218
vt 0.179097638 0.934114218
vt 0.201330021 0.937725782
vt 0.201330021 0.959769011
vt 0.225303933 0.959769011
vt 0.225303933 0.927803755
vt 0.201330021 0.937725782
vt 0.225303933 0.927803755
vt 0.225303933 0.959769011
vt 0.201330021 0.959769011
vt 0.208482891 0.89987576
vt 0.208482891 0.897282064
vt 0.120106503 0.897282064
vt 0.120106503 0.899875879
vt 0.208455801 0.925634742
vt 0.150500625 0.915722251
vt 0.123437375 0.915722251
vt 0.120106503 0.925634742
vt 0.139833003 0.914758861
vt 0.139833003 0.91335845
vt 0.127789035 0.91335845
vt 0.127789035 0.914758861
vt 0.120106503 0.925634742
vt 0.123437375 0.915722251
vt 0.150500625 0.915722251
vt 0.208455801 0.925634742
vt 0.147300705 0.964406133
vt 0.147300705 0.972608566
vt 0.136364013 0.972608566
vt 0.136364013 0.964406133
vt 0.208482891 0.899875879
vt 0.208482891 0.897282064
vt 0.120106503 0.897282064
vt 0.120106503 0.899876237
vt 0.127789035 0.914758861
vt 0.139833122 0.914758861
vt 0.139833003 0.91335845
vt 0.127789035 0.91335845
vt 0.150501087 0.912499309
vt 0.123437479 0.912499309
vt 0.120106503 0.902587116
vt 0.208455801 0.902587116
vt 0.150501087 0.912499309
vt 0.208455801 0.902587116
vt 0.120106503 0.902587116
vt 0.123437479 0.912499309
vt 0.198525801 0.918374956
vt 0.205685154 0.918374956
vt 0.205685005 0.909665644
vt 0.198525667 0.909665883
vt 0.195742697 0.918374956
vt 0.195742697 0.909665883
vt 0.188266233 0.918374956
vt 0.188266233 0.909665644
vt 0.040230196 0.932526529
vt 0.00390625 0.932526529
vt 0.00390625 0.868959367
vt 0.040230196 0.868959367
vt 0.0402302593 0.932526529
vt 0.0629329383 0.932526529
vt 0.0629329383 0.868959367
vt 0.0402302593 0.868959367
vt 0.00390625 0.932526529
vt 0.00390625 0.868959367
vt 0.675923944 0.475860953
vt 0.660485983 0.460422516
vt 0.660485983 0.475860059
vt 0.675923944 0.460422516
vt 0.675923944 0.406389594
vt 0.660485983 0.406389594
vt 0.681328654 0.480423748
vt 0.689740539 0.472431719
vt 0.689740539 0.406076521
vt 0.681328654 0.406076521
vt 0.660485983 0.475859702
vt 0.675923944 0.475860059
vt 0.675923944 0.460422158
vt 0.660485983 0.460422158
vt 0.675923944 0.406389594
vt 0.660485983 0.406389594
vt 0.681328654 0.480423093
vt 0.681328654 0.406076521
vt 0.689740539 0.406076521
vt 0.689740539 0.472431421
vt 0.244553566 0.740551353
vt 0.221850976 0.773608565
vt 0.244553566 0.773608565
vt 0.221850976 0.752065837
vt 0.214532435 0.710041404
vt 0.1809863 0.773608565
vt 0.202505961 0.732743859
vt 0.1809863 0.710041404
vt 0.1809863 0.732743859
vt 0.117419124 0.888652563
vt 0.117419124 0.855033815
vt 0.221850976 0.850797355
vt 0.221850976 0.891684115
vt 0.245482177 0.896202505
vt 0.245482177 0.878550291
vt 0.271521419 0.876446307
vt 0.281239629 0.881824195
vt 0.335363835 0.896202505
vt 0.335363835 0.87928164
vt 0.230931967 0.855337858
vt 0.2354334 0.888640523
vt 0.230931967 0.888640523
vt 0.2354334 0.862874746
vt 0.264893025 0.862874746
vt 0.335363835 0.855337858
vt 0.275062919 0.868959367
vt 0.335363835 0.868959367
vt 0.335363835 0.876321733
vt 0.335363835 0.87148422
vt 0.277727515 0.87148422
vt 0.277727515 0.876321733
vt 0.267253906 0.867585838
vt 0.267253906 0.872451067
vt 0.239413872 0.867585838
vt 0.241970122 0.872451067
vt 0.237910569 0.873836637
vt 0.242457718 0.876129508
vt 0.242457718 0.896233857
vt 0.237910569 0.896233857
vt 0.245482177 0.878550291
vt 0.245482177 0.896202505
vt 0.271521419 0.876446307
vt 0.281239629 0.881824195
vt 0.335363835 0.896202505
vt 0.335363835 0.87928164
vt 0.230931967 0.855337858
vt 0.230931967 0.888640523
vt 0.2354334 0.888640523
vt 0.2354334 0.862874746
vt 0.264893025 0.862874746
vt 0.335363835 0.855337858
vt 0.275062919 0.868959367
vt 0.335363835 0.868959367
vt 0.335363835 0.876321733
vt 0.277727515 0.87148422
vt 0.335363835 0.87148422
vt 0.277727515 0.876321733
vt 0.267253906 0.867585838
vt 0.267253906 0.872451067
vt 0.239413872 0.867585838
vt 0.241970122 0.872451067
vt 0.237910569 0.873836815
vt 0.237910569 0.896233857
vt 0.242457718 0.896233857
vt 0.242457718 0.876129627
vt 0.177988917 0.910422623
vt 0.181490391 0.910422623
vt 0.181490391 0.917093575
vt 0.174819499 0.913592041
vt 0.174819499 0.917093575
vt 0.683716893 0.66623503
vt 0.662118554 0.672287703
vt 0.683716893 0.672287703
vt 0.662118554 0.66623503
vt 0.639626741 0.672287703
vt 0.683716893 0.659475505
vt 0.639626741 0.66623503
vt 0.662118554 0.659475505
vt 0.683716893 0.652742684
vt 0.639626741 0.659475505
vt 0.662118554 0.652742684
vt 0.639626741 0.652742684
vt 0.717152715 0.65797013
vt 0.717152715 0.669311345
vt 0.692333221 0.669311345
vt 0.692333221 0.65797013
vt 0.717152715 0.65797013
vt 0.69233346 0.65797013
vt 0.69233346 0.669311345
vt 0.717152715 0.669311345
vt 0.524434865 0.566117823
vt 0.513094008 0.566117823
vt 0.513094008 0.578347921
vt 0.524434865 0.578347921
vt 0.745254815 0.686492562
vt 0.745254815 0.675133824
vt 0.720434964 0.675133824
vt 0.720434964 0.686492562
vt 0.524434865 0.566117823
vt 0.513094008 0.566117823
vt 0.513094008 0.578347921
vt 0.524434865 0.578347921
vt 0.745254815 0.686492562
vt 0.745254815 0.675133824
vt 0.720434964 0.675133824
vt 0.720434964 0.686492562
vt 0.683716893 0.66623503
vt 0.639626741 0.672287703
vt 0.683716893 0.672287703
vt 0.639626741 0.66623503
vt 0.683716893 0.659475505
vt 0.639626741 0.659475505
vt 0.683716893 0.652742684
vt 0.639626741 0.652742684
vt 0.876727104 0.71484375
vt 0.89453125 0.71484375
vt 0.89453125 0.727604687
vt 0.876367927 0.715833366
vt 0.876368284 0.715833187
vt 0.89453125 0.727604508
vt 0.89453125 0.71484375
vt 0.876727104 0.71484375
vt 0.875685036 0.959769666
vt 0.925332904 0.937067091
vt 0.875685036 0.937067091
vt 0.925332904 0.959769666
vt 0.930048883 0.937067091
vt 0.930048883 0.959769666
vt 0.935483694 0.959769666
vt 0.935483694 0.937067091
vt 0.969410002 0.937067091
vt 0.969410002 0.959769666
vt 0.783326268 0.463458329
vt 0.813004255 0.502636611
vt 0.811879754 0.507181823
vt 0.770398498 0.486819953
vt 0.770398498 0.463457972
vt 0.806837559 0.509107172
vt 0.770398498 0.486819953
vt 0.806837559 0.509106815
vt 0.811879754 0.507181466
vt 0.813004255 0.502635419
vt 0.783326268 0.463457972
vt 0.770398498 0.463457972
vt 0.226316929 0.90446806
vt 0.226316929 0.922630191
vt 0.221776426 0.922630191
vt 0.221776426 0.90446806
vt 0.217235893 0.922630191
vt 0.217235893 0.90446806
vt 0.212695405 0.922630191
vt 0.212695405 0.90446806
vt 0.212695405 0.90446806
vt 0.212695405 0.922630191
vt 0.217235893 0.922630191
vt 0.217235893 0.90446806
vt 0.221776426 0.922630191
vt 0.221776426 0.90446806
vt 0.226316929 0.922630191
vt 0.226316929 0.90446806
vt 0.98659569 0.641848564
vt 0.99325949 0.641847968
vt 0.996591032 0.636077344
vt 0.993259847 0.630306661
vt 0.98326391 0.636077702
vt 0.986596048 0.630306661
vt 0.971202552 0.889901698
vt 0.971202552 0.899912834
vt 0.962108791 0.899912834
vt 0.962108791 0.889901698
vt 0.843603313 0.937067091
vt 0.862063527 0.937067091
vt 0.862063527 0.945926011
vt 0.843603313 0.945926011
vt 0.948839307 0.7421875
vt 0.90625 0.7421875
vt 0.90625 0.726483047
vt 0.914841652 0.716871977
vt 0.935732841 0.716871262
vt 0.948839664 0.726482689
vt 0.722358704 0.590643823
vt 0.722358704 0.58155036
vt 0.730575681 0.58155036
vt 0.730575681 0.590643823
vt 0.743891597 0.590643823
vt 0.743891597 0.58155036
vt 0.754251719 0.58155036
vt 0.754251719 0.590643823
vt 0.948839307 0.7421875
vt 0.90625 0.72648412
vt 0.90625 0.742188573
vt 0.914841652 0.716872692
vt 0.935732603 0.716871262
vt 0.948839068 0.726482391
vt 0.962108791 0.899913192
vt 0.962108791 0.889901698
vt 0.971202552 0.889901698
vt 0.971202552 0.899913192
vt 0.116263479 0.581346214
vt 0.102719754 0.591592908
vt 0.102719754 0.581346214
vt 0.116263121 0.591592908
vt 0.128955334 0.581346571
vt 0.122608751 0.569381416
vt 0.128955334 0.591592908
vt 0.142499298 0.581346571
vt 0.142499298 0.591592908
vt 0.313695848 0.213151485
vt 0.317471445 0.218750387
vt 0.328124642 0.213151485
vt 0.328124642 0.218750387
vt 0.328124642 0.213151485
vt 0.328124642 0.218750268
vt 0.317471445 0.218750387
vt 0.313695848 0.213151485
vt 0.348722398 0.195413083
vt 0.359375 0.195413083
vt 0.359375 0.22265625
vt 0.348722398 0.22265625
vt 0.341969758 0.195412815
vt 0.341969758 0.222656131
vt 0.317471445 0.218750268
vt 0.328124285 0.213151187
vt 0.328124642 0.218750387
vt 0.313695848 0.213151485
vt 0.313695848 0.213151187
vt 0.317471445 0.218750268
vt 0.328124642 0.213151187
vt 0.328124642 0.218750387
vt 0.359375 0.195413083
vt 0.348722398 0.22265625
vt 0.359375 0.22265625
vt 0.348722398 0.195413083
vt 0.341969758 0.222656131
vt 0.341969758 0.195412815
vt 0.328124642 0.213151485
vt 0.328124642 0.218750387
vt 0.317471445 0.218750268
vt 0.313695848 0.213151485
vt 0.328124642 0.218750387
vt 0.328124285 0.213151187
vt 0.313695848 0.213151485
vt 0.317471445 0.218750268
vt 0.359375 0.19541353
vt 0.34872216 0.22265625
vt 0.359375 0.22265625
vt 0.34872216 0.19541353
vt 0.341969758 0.222656131
vt 0.341969758 0.195413083
vt 0.313695848 0.213151485
vt 0.317471445 0.218750268
vt 0.328124642 0.218750387
vt 0.328124642 0.213151485
vt 0.328124642 0.213151485
vt 0.328124642 0.218750387
vt 0.317471445 0.218750268
vt 0.313695848 0.213151187
vt 0.34872216 0.19541353
vt 0.359375 0.19541353
vt 0.359375 0.22265625
vt 0.34872216 0.22265625
vt 0.341969758 0.195413083
vt 0.341969758 0.222656131
vt 0.768113911 0.832635939
vt 0.768113673 0.83099103
vt 0.780334234 0.830991149
vt 0.780334234 0.832636237
vt 0.768113673 0.83099103
vt 0.780334234 0.830991149
vt 0.780334234 0.832636237
vt 0.768113911 0.832635939
vt 0.780525446 0.87349987
vt 0.768182397 0.87349987
vt 0.768182397 0.841076612
vt 0.780525446 0.841076612
vt 0.780525446 0.873499572
vt 0.768182576 0.873499572
vt 0.768182576 0.841076612
vt 0.780525446 0.841076612
vt 0.780334234 0.832636237
vt 0.768113911 0.832635939
vt 0.768113673 0.830993116
vt 0.780334234 0.830993116
vt 0.768113911 0.832635939
vt 0.768113673 0.830993116
vt 0.780334234 0.830993354
vt 0.780334234 0.832636237
vt 0.780525446 0.87349987
vt 0.768182576 0.87349987
vt 0.768182576 0.841076612
vt 0.780525446 0.841076612
vt 0.780525446 0.873499572
vt 0.768182576 0.873499572
vt 0.768182576 0.841076612
vt 0.780525446 0.841076612
vt 0.437945753 0.927986026
vt 0.44641009 0.927986026
vt 0.44641012 0.934776604
vt 0.437945783 0.934776604
vt 0.429481417 0.934776604
vt 0.429481387 0.927986026
vt 0.421017051 0.927986026
vt 0.421017081 0.934776604
vt 0.412552625 0.934776604
vt 0.412552595 0.927986026
vt 0.437945753 0.927986026
vt 0.44641012 0.934776604
vt 0.44641009 0.927986026
vt 0.437945783 0.934776604
vt 0.429481417 0.934776604
vt 0.429481387 0.927986026
vt 0.421017051 0.927986026
vt 0.437945753 0.990455389
vt 0.44641006 0.990455389
vt 0.429481357 0.990455389
vt 0.437945753 0.99609375
vt 0.44641006 0.99609375
vt 0.429481357 0.99609375
vt 0.421017051 0.990455389
vt 0.421017051 0.99609375
vt 0.421017081 0.934776604
vt 0.412552595 0.990455389
vt 0.412552595 0.99609375
vt 0.412552625 0.934776604
vt 0.412552595 0.927986026
vt 0.428315252 0.923445463
vt 0.439644337 0.912117183
vt 0.444336236 0.923445463
vt 0.428314954 0.907424867
vt 0.428315252 0.907424867
vt 0.428315252 0.923445463
vt 0.439644337 0.912117183
vt 0.444336236 0.923445463
vt 0.408133686 0.912190914
vt 0.419388324 0.923446417
vt 0.403471828 0.923445463
vt 0.419387728 0.907529712
vt 0.439644068 0.912117183
vt 0.428315252 0.923445463
vt 0.444336236 0.923445463
vt 0.428314954 0.907424688
vt 0.428315252 0.923445463
vt 0.428315252 0.907424688
vt 0.4396438 0.912117183
vt 0.444336236 0.923445463
vt 0.408133179 0.912191153
vt 0.403471291 0.923445463
vt 0.419388324 0.923446417
vt 0.419387728 0.907529712
vt 0.412553161 0.934776604
vt 0.412553132 0.927986026
vt 0.421017051 0.927986026
vt 0.421017081 0.934776604
vt 0.429481626 0.934776604
vt 0.429481596 0.927986026
vt 0.437945753 0.927986026
vt 0.437945783 0.934776604
vt 0.446409881 0.934776604
vt 0.446409822 0.927986026
vt 0.421017051 0.927986026
vt 0.412552595 0.927986026
vt 0.412552625 0.934776604
vt 0.421017081 0.934776604
vt 0.412552595 0.990455389
vt 0.429481417 0.934776604
vt 0.429481387 0.927986026
vt 0.437945753 0.927986026
vt 0.421017051 0.990455389
vt 0.421017051 0.99609375
vt 0.412552595 0.99609375
vt 0.429481357 0.99609375
vt 0.429481357 0.990455389
vt 0.437945783 0.934776604
vt 0.437945753 0.990455389
vt 0.437945753 0.99609375
vt 0.44641012 0.934776604
vt 0.44641009 0.927986026
vt 0.44641006 0.990455389
vt 0.44641006 0.99609375
vt 0.439644068 0.912117183
vt 0.428315252 0.923445463
vt 0.444336236 0.923445463
vt 0.428314954 0.907425225
vt 0.439644337 0.912117183
vt 0.428315252 0.923445463
vt 0.428315252 0.907425225
vt 0.444336236 0.923445463
vt 0.408133477 0.912191153
vt 0.403471291 0.923445463
vt 0.419388324 0.923446417
vt 0.419388026 0.907529712
vt 0.439644068 0.912117183
vt 0.444336236 0.923445463
vt 0.428315252 0.923445463
vt 0.428315252 0.907424688
vt 0.439644068 0.912117183
vt 0.428315252 0.907424688
vt 0.428315252 0.923445463
vt 0.444336236 0.923445463
vt 0.408133686 0.912190914
vt 0.419388324 0.923446417
vt 0.403471828 0.923445463
vt 0.419388026 0.907529712
vt 0.488484561 0.996093869
vt 0.51994139 0.966859698
vt 0.51994139 0.99609375
vt 0.488484561 0.966859698
vt 0.477871537 0.966859698
vt 0.477871537 0.996093988
vt 0.463897198 0.966859698
vt 0.463897198 0.99609375
vt 0.453416705 0.966859698
vt 0.453416705 0.99609375
vt 0.479251206 0.926088274
vt 0.458923399 0.915204942
vt 0.473698258 0.915204942
vt 0.453417242 0.926088154
vt 0.453417242 0.959769666
vt 0.505085528 0.959769666
vt 0.505085528 0.926088154
vt 0.499578714 0.915205181
vt 0.484804004 0.915205181
vt 0.479251206 0.926088274
vt 0.473698258 0.915204942
vt 0.458923399 0.915204942
vt 0.453417242 0.926088154
vt 0.453417242 0.959769666
vt 0.505085528 0.959769666
vt 0.505085528 0.926088154
vt 0.484804004 0.915205181
vt 0.499578714 0.915205181
vt 0.488484561 0.966860056
vt 0.51994139 0.996093988
vt 0.51994139 0.966859937
vt 0.488484561 0.996093988
vt 0.477871537 0.966859698
vt 0.477872103 0.996093988
vt 0.463897765 0.99609375
vt 0.463897765 0.966859818
vt 0.453417242 0.99609375
vt 0.453417242 0.966859818
vt 0.12379235 0.70549947
vt 0.00390597247 0.705499947
vt 0.0151976738 0.678240299
vt 0.112500936 0.678239524
vt 0.0151976738 0.678240299
vt 0.112500936 0.678239524
vt 0.12379235 0.705499172
vt 0.00390597247 0.705499947
vt 0.66894871 0.160452843
vt 0.66894871 0.197287321
vt 0.63671875 0.197287321
vt 0.63671875 0.160452843
vt 0.66894865 0.0407407284
vt 0.63671875 0.0407407284
vt 0.63671875 0.00390625
vt 0.66894865 0.00390625
vt 0.242343411 0.714565814
vt 0.280876249 0.714564383
vt 0.280876517 0.741824269
vt 0.253635108 0.741825283
vt 0.0311493389 0.455863416
vt 0.00390625 0.455863416
vt 0.00390625 0.492187083
vt 0.031149473 0.492187083
vt 0.131040961 0.455863416
vt 0.131040961 0.492187083
vt 0.158283755 0.492187083
vt 0.158283755 0.455863416
vt 0.253635406 0.741826653
vt 0.280876249 0.741824389
vt 0.280876249 0.714564383
vt 0.242343962 0.714566469
vt 0.280876249 0.741823852
vt 0.280876011 0.714563966
vt 0.242343694 0.714566231
vt 0.253635406 0.741826653
vt 0.280876249 0.714564383
vt 0.280876517 0.74182409
vt 0.253635108 0.741825283
vt 0.242343694 0.714565396
vt 0.285156548 0.328125
vt 0.311834842 0.328125
vt 0.311834842 0.309068859
vt 0.285156548 0.309068859
vt 0.311834842 0.309068859
vt 0.28515625 0.309068859
vt 0.28515625 0.328124881
vt 0.311834842 0.328125
vt 0.335363805 0.741824925
vt 0.335363865 0.714582145
vt 0.289958745 0.714581847
vt 0.289959013 0.741824627
vt 0.335363716 0.741824627
vt 0.289958775 0.741824925
vt 0.289959371 0.714581847
vt 0.335363835 0.714581847
vt 0.35548684 0.737284303
vt 0.378741503 0.737284303
vt 0.378741503 0.783793628
vt 0.35548684 0.783793628
vt 0.465372533 0.41228348
vt 0.465372533 0.396536887
vt 0.479185432 0.396536887
vt 0.479185879 0.412283182
vt 0.557516217 0.396536887
vt 0.557516515 0.412283182
vt 0.571271658 0.396536887
vt 0.571271896 0.412283182
vt 0.34765625 0.411642224
vt 0.34765625 0.395895571
vt 0.453555703 0.395895213
vt 0.453555703 0.411641747
vt 0.35548684 0.783793569
vt 0.378741503 0.783793569
vt 0.378741503 0.737284243
vt 0.35548684 0.737284243
vt 0.12379235 0.70549947
vt 0.00390597247 0.705499947
vt 0.0151976738 0.678240299
vt 0.112500936 0.678239524
vt 0.0151976738 0.678240299
vt 0.112500936 0.678239524
vt 0.12379235 0.705499172
vt 0.00390597247 0.705499947
vt 0.66894871 0.160452843
vt 0.66894871 0.197287738
vt 0.63671875 0.197287738
vt 0.63671875 0.160452843
vt 0.66894865 0.0407407284
vt 0.63671875 0.0407407284
vt 0.63671875 0.00390625
vt 0.66894865 0.00390625
vt 0.242343694 0.714565396
vt 0.280876249 0.714564383
vt 0.280876517 0.741824269
vt 0.253635108 0.741825283
vt 0.0311493389 0.455863416
vt 0.00390625 0.455863416
vt 0.00390625 0.492187083
vt 0.031149473 0.492187083
vt 0.131040663 0.455863416
vt 0.131040663 0.492187083
vt 0.158283755 0.492187083
vt 0.158283755 0.455863416
vt 0.253635406 0.741826653
vt 0.280876249 0.741824389
vt 0.280876249 0.714564383
vt 0.242343962 0.714566469
vt 0.280876249 0.741823852
vt 0.280876011 0.714563966
vt 0.242343694 0.714566231
vt 0.253635406 0.741826653
vt 0.280876249 0.714564383
vt 0.280876517 0.74182409
vt 0.253635108 0.741825283
vt 0.242343411 0.714565814
vt 0.285156548 0.328124881
vt 0.311834842 0.328125
vt 0.311834842 0.309068859
vt 0.285156548 0.309068859
vt 0.311834842 0.309068859
vt 0.285156548 0.309068859
vt 0.285156548 0.328124881
vt 0.311834842 0.328125
vt 0.335363805 0.741824925
vt 0.335363209 0.714582145
vt 0.289958745 0.714581847
vt 0.289958745 0.741824627
vt 0.335363716 0.741824627
vt 0.289958775 0.741824925
vt 0.289959371 0.714581847
vt 0.335363835 0.714581847
vt 0.35548684 0.737284303
vt 0.378741503 0.737284303
vt 0.378741503 0.783793628
vt 0.35548684 0.783793628
vt 0.35548684 0.783793569
vt 0.378741503 0.783793569
vt 0.378741503 0.737284243
vt 0.35548684 0.737284243
vt 0.547685683 0.9597646
vt 0.547685683 0.967132926
vt 0.569957852 0.9597646
vt 0.569957852 0.967132926
vt 0.544756889 0.969654441
vt 0.543264031 0.971913755
vt 0.566796005 0.971913755
vt 0.567108393 0.969654441
vt 0.546113014 0.9597646
vt 0.543792069 0.9597646
vt 0.543792069 0.968668342
vt 0.546113014 0.967194557
vt 0.533651829 0.992654562
vt 0.532240629 0.99609375
vt 0.595807791 0.99609375
vt 0.595807791 0.992654562
vt 0.561512351 0.976085842
vt 0.559483707 0.979168892
vt 0.579592347 0.979168892
vt 0.579592347 0.976085842
vt 0.59460175 0.979168892
vt 0.59460175 0.976085842
vt 0.533698499 0.9597646
vt 0.533698499 0.975363553
vt 0.535806358 0.973321378
vt 0.535804152 0.9597646
vt 0.591267288 0.9597646
vt 0.575005293 0.9597646
vt 0.572989702 0.962302685
vt 0.591267288 0.962302685
vt 0.591109097 0.964310169
vt 0.573105216 0.964310169
vt 0.572184861 0.966843069
vt 0.589758635 0.966843069
vt 0.542325735 0.973754942
vt 0.541321635 0.975356996
vt 0.551754236 0.975356996
vt 0.552791834 0.973754942
vt 0.532499731 0.979753494
vt 0.533897877 0.977617741
vt 0.541549206 0.97708112
vt 0.541321635 0.979753494
vt 0.545538425 0.976862729
vt 0.544363678 0.979552984
vt 0.554943144 0.979552984
vt 0.556007922 0.976862729
vt 0.538473606 0.973391235
vt 0.541593969 0.97147578
vt 0.541593969 0.9597646
vt 0.538473606 0.9597646
vt 0.531226099 0.961752474
vt 0.527700126 0.961752594
vt 0.527700126 0.979224443
vt 0.531222463 0.977427185
vt 0.584313631 0.973684371
vt 0.570140541 0.970364392
vt 0.568337262 0.973684371
vt 0.584313631 0.970364392
vt 0.599510908 0.973684371
vt 0.598004997 0.970364392
vt 0.595806658 0.982472062
vt 0.533779144 0.982472241
vt 0.533779144 0.990047216
vt 0.595807791 0.982472062
vt 0.595807791 0.990047216
vt 0.53057605 0.982472003
vt 0.527700126 0.982471943
vt 0.527700126 0.991553307
vt 0.53057605 0.989650488
vt 0.547685683 0.9597646
vt 0.569957852 0.9597646
vt 0.547685683 0.967132926
vt 0.569957852 0.967132926
vt 0.544756889 0.969654441
vt 0.567108393 0.969654441
vt 0.566796005 0.971913755
vt 0.543264031 0.971913755
vt 0.546113014 0.9597646
vt 0.546113014 0.967194557
vt 0.543792069 0.968668342
vt 0.543792069 0.9597646
vt 0.533651829 0.992654562
vt 0.595807791 0.992654562
vt 0.595807791 0.99609375
vt 0.532240629 0.99609375
vt 0.561512351 0.976085842
vt 0.579592347 0.979168892
vt 0.559483707 0.979168892
vt 0.579592347 0.976085842
vt 0.59460175 0.979168892
vt 0.59460175 0.976085842
vt 0.533698499 0.9597646
vt 0.535804152 0.9597646
vt 0.535806358 0.973321378
vt 0.533698499 0.975363553
vt 0.591267288 0.9597646
vt 0.591267288 0.962302685
vt 0.572989702 0.962302685
vt 0.575005293 0.9597646
vt 0.591109097 0.964310169
vt 0.589758635 0.966843069
vt 0.572184861 0.966843069
vt 0.573105216 0.964310169
vt 0.542325735 0.973754942
vt 0.552791834 0.973754942
vt 0.551754236 0.975356996
vt 0.541321635 0.975356996
vt 0.532499731 0.979753494
vt 0.541321635 0.979753494
vt 0.541549206 0.97708112
vt 0.533897877 0.977617741
vt 0.545538425 0.976862729
vt 0.556007922 0.976862729
vt 0.554943144 0.979552984
vt 0.544363678 0.979552984
vt 0.538473606 0.973391235
vt 0.538473606 0.9597646
vt 0.541593969 0.9597646
vt 0.541593969 0.97147578
vt 0.531226099 0.961752474
vt 0.531222463 0.977427185
vt 0.527700126 0.979224443
vt 0.527700126 0.961752594
vt 0.584313631 0.973684371
vt 0.568337262 0.973684371
vt 0.570140541 0.970364392
vt 0.584313631 0.970364392
vt 0.599510908 0.973684371
vt 0.598004997 0.970364392
vt 0.595806658 0.982472062
vt 0.533779144 0.990047216
vt 0.533779144 0.982472241
vt 0.595807791 0.982472062
vt 0.595807791 0.990047216
vt 0.53057605 0.982472003
vt 0.53057605 0.989650488
vt 0.527700126 0.991553307
vt 0.527700126 0.982471943
vt 0.0499242358 0.957010508
vt 0.0556763969 0.957010508
vt 0.0556763969 0.956461728
vt 0.0499242358 0.956461728
vt 0.0901758224 0.97977829
vt 0.109523743 0.99609375
vt 0.095402047 0.99609375
vt 0.107346848 0.975227058
vt 0.0901760161 0.964310169
vt 0.12443386 0.964310169
vt 0.12443386 0.975227058
vt 0.112878606 0.99609375
vt 0.121959627 0.996093512
vt 0.121959627 0.995443225
vt 0.112878606 0.995443463
vt 0.801149428 0.395904094
vt 0.816373467 0.395904094
vt 0.801149428 0.398204714
vt 0.808546126 0.404226214
vt 0.808546126 0.445831805
vt 0.816373467 0.445831805
vt 0.837264955 0.445831805
vt 0.837264955 0.395904094
vt 0.835093737 0.513497651
vt 0.835093737 0.467597693
vt 0.832373857 0.467597693
vt 0.832373857 0.470868796
vt 0.832373857 0.513497651
vt 0.843329251 0.44852972
vt 0.840049982 0.44852972
vt 0.840049982 0.497715622
vt 0.843329132 0.497715622
vt 0.840058029 0.508991361
vt 0.843329132 0.508991361
vt 0.794632435 0.397619665
vt 0.766445756 0.397619665
vt 0.766445756 0.439224899
vt 0.794632435 0.439224899
vt 0.766445756 0.445246637
vt 0.802029133 0.445246637
vt 0.801953852 0.389945179
vt 0.801953852 0.362837225
vt 0.765894949 0.362837225
vt 0.765894949 0.389945179
vt 0.800664306 0.453893095
vt 0.796208143 0.450968266
vt 0.796208143 0.4623909
vt 0.800664306 0.459078342
vt 0.812048256 0.459538311
vt 0.807592094 0.462850869
vt 0.834596336 0.462850869
vt 0.834596336 0.459538311
vt 0.812048256 0.454353064
vt 0.834596336 0.454353064
vt 0.807592094 0.451428235
vt 0.834596336 0.451428235
vt 0.812048256 0.459538311
vt 0.812048256 0.457006365
vt 0.834596336 0.457006365
vt 0.834596336 0.459538311
vt 0.807592094 0.462850869
vt 0.834596336 0.462850869
vt 0.800664306 0.459078342
vt 0.796208143 0.4623909
vt 0.796208143 0.456546396
vt 0.800664306 0.456546396
vt 0.149202734 0.99609375
vt 0.131040663 0.99609375
vt 0.131040663 0.977931738
vt 0.149202734 0.977931738
vt 0.0499242358 0.957010508
vt 0.0499242358 0.956461728
vt 0.0556763969 0.956461728
vt 0.0556763969 0.957010508
vt 0.0901758224 0.97977829
vt 0.095402047 0.99609375
vt 0.109523743 0.99609375
vt 0.107346848 0.975227058
vt 0.0901760161 0.964310169
vt 0.12443386 0.964310169
vt 0.12443386 0.975227058
vt 0.112878606 0.99609375
vt 0.112878606 0.995443463
vt 0.121959627 0.995443225
vt 0.121959627 0.996093512
vt 0.801149428 0.395904094
vt 0.801149428 0.398204714
vt 0.816373467 0.395904094
vt 0.808546126 0.404226214
vt 0.816373467 0.445831805
vt 0.808546126 0.445831805
vt 0.837264955 0.445831805
vt 0.837264955 0.395904094
vt 0.835093737 0.467597693
vt 0.835093737 0.513497651
vt 0.832373857 0.513497651
vt 0.832373857 0.470868796
vt 0.832373857 0.467597693
vt 0.843329251 0.44852972
vt 0.840049982 0.497715622
vt 0.840049982 0.44852972
vt 0.843329132 0.497715622
vt 0.840058029 0.508991361
vt 0.843329132 0.508991361
vt 0.794632435 0.397619665
vt 0.766445756 0.439224899
vt 0.766445756 0.397619665
vt 0.794632435 0.439224899
vt 0.766445756 0.445246637
vt 0.802029133 0.445246637
vt 0.801953852 0.389945179
vt 0.765894949 0.389945179
vt 0.765894949 0.362837225
vt 0.801953852 0.362837225
vt 0.800664306 0.453893095
vt 0.800664306 0.459078342
vt 0.796208143 0.4623909
vt 0.796208143 0.450968266
vt 0.812048256 0.459538311
vt 0.834596336 0.462850869
vt 0.807592094 0.462850869
vt 0.834596336 0.459538311
vt 0.812048256 0.454353064
vt 0.834596336 0.454353064
vt 0.807592094 0.451428235
vt 0.834596336 0.451428235
vt 0.812048256 0.459538311
vt 0.834596336 0.457006365
vt 0.812048256 0.457006365
vt 0.834596336 0.459538311
vt 0.807592094 0.462850869
vt 0.834596336 0.462850869
vt 0.800664306 0.459078342
vt 0.800664306 0.456546396
vt 0.796208143 0.456546396
vt 0.796208143 0.4623909
vt 0.149202734 0.99609375
vt 0.149202734 0.977931738
vt 0.131040663 0.977931738
vt 0.131040663 0.99609375
vt 0.0901759714 0.91267705
vt 0.0720139593 0.90072459
vt 0.0720139593 0.87802887
vt 0.0901758 0.866381168
vt 0.0776174217 0.941607594
vt 0.0776439011 0.946148098
vt 0.0709335953 0.946148098
vt 0.0709422082 0.941607654
vt 0.0720139593 0.900814593
vt 0.0901759714 0.91253221
vt 0.0901757851 0.862767339
vt 0.0720139593 0.877999604
vt 0.0947165489 0.907983124
vt 0.110031277 0.908128142
vt 0.110031277 0.8617962
vt 0.0947165489 0.858179629
vt 0.798084438 0.469791144
vt 0.828672528 0.469791144
vt 0.828672528 0.466665298
vt 0.798084438 0.466665298
vt 0.828672528 0.466665298
vt 0.798084438 0.466665298
vt 0.798084438 0.469791144
vt 0.828672528 0.469791144
vt 0.713674188 0.363266468
vt 0.713674307 0.397344172
vt 0.751967072 0.397344202
vt 0.751967072 0.363266468
vt 0.752164364 0.404349148
vt 0.752164364 0.399375141
vt 0.713871479 0.399375141
vt 0.713871479 0.404349148
vt -1.4008286 0.817539096
vt -0.4008286 0.817539096
vt -0.4008286 -0.182460874
vt -1.4008286 -0.182460874
vn 0.630563796 -0.547660232 -0.549961567
vn -0.782096684 -0.563432336 -0.266211808
vn 0.0656437427 -0.554829478 0.82937032
vn -0 0 1
vn -0.846191704 0 0.532878697
vn -0.846191704 0 0.532878697
vn -0 0 1
vn -0 0 1
vn -0 0 1
vn 0.84619236 -1.10965999E-07 0.532877624
vn 0.84619236 -1.10965985E-07 0.532877564
vn -1 0 0
vn -1 0 0
vn -1 0 0
vn -1 0 0
vn 1.88505817E-06 0 1
vn 1.88505817E-06 0 1
vn 1.88505817E-06 0 1
vn 1.88505817E-06 0 1
vn 8.88233728E-07 -0.904070616 0.427383184
vn 8.88233728E-07 -0.904070616 0.427383184
vn 8.88233842E-07 -0.904070616 0.427383184
vn 8.88233728E-07 -0.904070616 0.427383184
vn -0 1 0
vn -0 1 0
vn -0 1 0
vn -0 1 0
vn 1 0 -6.80452695E-06
vn 1 0 -6.80452695E-06
vn 1 0 -6.80452695E-06
vn 1 0 -6.80452695E-06
vn -0 1 0
vn -0 1 0
vn -0 1 0
vn -0 1 0
vn 0.628519952 -0.458179951 0.628517151
vn 0.687180459 -0.235733271 0.687177479
vn 0.628519952 -0.458179981 0.628517091
vn 0.687180459 -0.23573333 0.68717736
vn 0.7071082 1.32794582E-07 0.707105279
vn 0.707108259 1.32794597E-07 0.707105279
vn 0.707105815 -1.19664412E-06 -0.707107723
vn 0.707105637 -5.93701714E-07 -0.707107842
vn 0.707106352 -4.68899589E-06 -0.707107186
vn 0.707105517 3.21917241E-07 -0.707108021
vn 0.707105517 3.21917213E-07 -0.707107961
vn -0.707104802 -2.89243502E-07 0.707108676
vn -0.707104862 -1.82934116E-07 0.707108676
vn -0.707104802 4.32829779E-07 0.707108736
vn -0.707104862 -4.50683387E-07 0.707108676
vn -0.707104862 -4.50683387E-07 0.707108676
vn -0 1 0
vn -0 1 0
vn -0 1 0
vn -0 1 0
vn 0.635714948 0.437880665 0.635709763
vn 0.635715067 0.437880725 0.635709822
vn 0.635714948 0.437880635 0.635709763
vn 0.635714948 0.437880665 0.635709822
vn 0.707104445 -1.44048772E-06 -0.707109094
vn 0.707104445 -1.44048749E-06 -0.707109094
vn 0.707104445 -1.44048749E-06 -0.707109094
vn 0.707104445 -1.44048738E-06 -0.707109034
vn -0.707105875 0 0.707107663
vn -0.707105935 0 0.707107604
vn -0.707105935 0 0.707107604
vn -0.707105935 0 0.707107604
vn 0.67046237 0.31776759 0.670450568
vn 0.67046231 0.31776762 0.670450568
vn 0.67046231 0.31776762 0.670450568
vn 0.67046231 0.31776762 0.670450568
vn 0.707104266 -4.47292535E-07 -0.707109272
vn 0.707104325 -4.47292535E-07 -0.707109272
vn 0.707104325 -4.47292479E-07 -0.707109213
vn 0.707104325 -4.47292535E-07 -0.707109272
vn -0.673146665 -0.306167036 -0.673153341
vn -0.673146665 -0.306167036 -0.673153341
vn -0.673146546 -0.306167006 -0.673153341
vn -0.673146546 -0.306167036 -0.673153341
vn -0.707103193 1.00672924E-06 0.707110286
vn -0.707103193 1.00672912E-06 0.707110286
vn -0.707103193 1.00672912E-06 0.707110286
vn -0.707103252 1.00672912E-06 0.707110286
vn -0.707106948 0 -0.70710659
vn -0.707106948 0 -0.70710659
vn -0.707106948 0 -0.70710659
vn -0.707106948 0 -0.70710659
vn 0.670460701 0.317767262 0.670452416
vn 0.670460701 0.317767233 0.670452416
vn 0.670460701 0.317767262 0.670452416
vn 0.670460701 0.317767262 0.670452416
vn -0.673155665 -0.30616644 -0.673144579
vn -0.673155665 -0.30616641 -0.673144579
vn -0.673155606 -0.30616641 -0.673144639
vn -0.673155665 -0.306166381 -0.673144579
vn 0.707104325 -2.76459218E-07 -0.707109153
vn 0.707104385 -2.7645919E-07 -0.707109094
vn 0.707104385 -2.76459218E-07 -0.707109094
vn 0.707104385 -2.76459218E-07 -0.707109094
vn -0.707105935 0 0.707107544
vn -0.707106054 0 0.707107544
vn -0.707106054 0 0.707107544
vn -0.707106054 0 0.707107484
vn 0.499999642 -0.707109272 0.499996781
vn -0 -1 0
vn -0 -1 0
vn 0.500000715 -0.707107663 0.499997884
vn 0.500003159 0.707104623 0.499999762
vn 0.50000298 0.707104802 0.499999642
vn -0 1 -7.27200018E-07
vn -0 1 -7.27199961E-07
vn 1 0 0
vn 1 0 -1.75906379E-07
vn 1 0 -1.75906379E-07
vn 1 0 0
vn -0 0 1
vn 1 0 0
vn 1 0 0
vn -0 0 1
vn -0 0 1
vn -0 0 1
vn 0.707468808 -0.706744552 -2.04847993E-06
vn -0 -1 0
vn 0.707468808 -0.706744611 -2.04848016E-06
vn -0 -1 0
vn -0 -1 0
vn -0 -1 0
vn 1.47820481E-06 -7.38347126E-07 1
vn 1.47820481E-06 -7.38347126E-07 1
vn 1.47820469E-06 -7.38347126E-07 1
vn 1.47820469E-06 -7.38347126E-07 1
vn 2.55270834E-06 -0.70674479 0.707468629
vn 2.55270811E-06 -0.70674479 0.707468629
vn -0 -1 0
vn -0 -1 0
vn -0 -1 0
vn -0 -1 0
vn 1 8.43830776E-07 -1.68938777E-06
vn 1 8.43830719E-07 -1.68938777E-06
vn 1 8.43830719E-07 -1.68938777E-06
vn 1 8.43830719E-07 -1.68938777E-06
vn 0.235179335 0.966591418 0.101940282
vn -0 1 0
vn 0.286441773 0.958097696 -5.11016424E-07
vn -0 1 0
vn 0.101940989 0.966591299 0.235179141
vn -0 1 0
vn -0 1 0
vn 4.89868398E-07 0.958097577 0.286441892
vn -0 1 0
vn 0.701049328 0.130624577 0.701047182
vn 0.701049328 0.130624592 0.701047182
vn 0.701049328 0.130624592 0.701047301
vn 0.701049328 0.130624607 0.701047301
vn 0.000383987586 0.121218979 0.992625654
vn 1.43215539E-06 0.12106286 0.992644787
vn 1.20318225E-06 0.121062696 0.992644787
vn 0.00104073563 0.121576019 0.992581606
vn 0.00025764585 0.122031517 0.992526174
vn 2.16891908E-06 0.122099131 0.992517829
vn 2.47497655E-06 0.121063471 0.992644787
vn 1.66464417E-06 0.121064156 0.992644668
vn 1.66464417E-06 0.121064156 0.992644668
vn 2.33383594E-06 0.12106365 0.992644668
vn 1.61529977E-06 0.121063128 0.992644787
vn 5.32488514E-07 0.121063046 0.992644787
vn -4.20499447E-07 0.121062793 0.992644787
vn 5.14666112E-07 0.121063069 0.992644787
vn -0.877079725 0.00809675269 0.480276555
vn -0.877079725 0.00809675269 0.480276495
vn -0.864319623 0.234533668 0.444910794
vn -0.85886848 0.26544103 0.438047945
vn -0.857447982 0.263034463 0.442262203
vn -0.862680972 0.231314436 0.449750155
vn -0.872726142 0.00286998902 0.488201559
vn -0.872726142 0.00286998879 0.488201559
vn 1.29814066E-06 -0.891997993 0.452039272
vn 1.29814055E-06 -0.891997993 0.452039212
vn 1.29814055E-06 -0.891997993 0.452039272
vn 1.29814066E-06 -0.891997993 0.452039272
vn 0.992644906 0.121062577 -1.60196282E-06
vn 0.992625654 0.121219061 0.000381136662
vn 0.992644668 0.121063709 0
vn 0.992581487 0.121576473 0.00103759952
vn 0.992526174 0.12203186 0.00025307422
vn 0.992517829 0.122099511 -2.55662962E-06
vn 0.992644906 0.121062264 -3.71980764E-06
vn 0.992645025 0.121061534 -1.1098457E-06
vn 0.992645025 0.121061541 -1.10984581E-06
vn 0.992644906 0.12106207 -3.11696817E-06
vn 0.992644906 0.121062621 -2.75334355E-06
vn 0.992644787 0.121062838 -1.06718431E-07
vn 0.992644787 0.121063247 1.48501476E-06
vn 0.992644787 0.12106283 0
vn 0.480275273 0.00809689984 -0.877080381
vn 0.444908768 0.234534621 -0.864320278
vn 0.480275273 0.00809690077 -0.877080441
vn 0.438045979 0.265441716 -0.858869255
vn 0.442259938 0.263035089 -0.857448936
vn 0.449747831 0.231315285 -0.862681925
vn 0.488199592 0.00286994735 -0.872727334
vn 0.488199562 0.00286994758 -0.872727215
vn 0.452038914 -0.891998231 2.98487493E-07
vn 0.452038914 -0.891998231 2.98487493E-07
vn 0.452038914 -0.891998231 2.98487464E-07
vn 0.452038914 -0.891998231 2.98487493E-07
vn -0 -1 0
vn -0 -1 0
vn -0 -1 0
vn -0 -1 0
vn -0 -1 0
vn -0.922807992 0.189443946 -0.335464418
vn 0.0622058772 -0.216741666 0.974245131
vn 0.102791749 -0.482525021 0.869829595
vn -0.96940428 0.0313290134 -0.243462205
vn 0.0462445207 0 0.998930156
vn 0.761277974 0.314352334 -0.567131758
vn -0.916313589 0 -0.400461525
vn 0.876873136 0.108642295 -0.468284458
vn 0.102791749 -0.482525021 0.869829595
vn 0.822217643 0 -0.569173336
vn 0.0622058772 -0.216741666 0.974245131
vn 0.0462445207 0 0.998930156
vn -6.37441701E-07 -0.906308234 -0.422617346
vn -6.37441644E-07 -0.906308234 -0.422617346
vn -6.37441701E-07 -0.906308234 -0.422617346
vn -6.37441644E-07 -0.906308234 -0.422617346
vn 6.37441701E-07 0.906308234 0.422617346
vn 6.37441644E-07 0.906308234 0.422617346
vn 6.37441701E-07 0.906308234 0.422617346
vn 6.37441644E-07 0.906308234 0.422617346
vn 1.40238785E-06 -0.422618598 0.906307697
vn 1.40238774E-06 -0.422618598 0.906307697
vn 1.40238785E-06 -0.422618598 0.906307697
vn 1.40238774E-06 -0.422618598 0.906307697
vn 1 -6.44230965E-07 1.38155656E-06
vn 1 -6.44230965E-07 1.38155656E-06
vn 1 -6.44230965E-07 1.38155656E-06
vn 1 -6.44230965E-07 1.38155656E-06
vn -1.40238774E-06 0.422618598 -0.906307697
vn -1.40238785E-06 0.422618598 -0.906307697
vn -1.40238774E-06 0.422618598 -0.906307697
vn -1.40238785E-06 0.422618598 -0.906307697
vn -1 6.44230965E-07 -1.38155656E-06
vn -1 6.44230965E-07 -1.38155656E-06
vn -1 6.44230965E-07 -1.38155656E-06
vn -1 6.44230965E-07 -1.38155656E-06
vn -0.955140769 -0.0378558673 -0.293722689
vn 0.134377241 0.126667425 0.982801199
vn 0.141217038 0.126545787 0.981857419
vn -0.967977822 -0.0320887789 -0.248976395
vn 0.726784766 -0.0878000259 -0.681230605
vn 0.753666699 -0.0840152949 -0.651865005
vn 0.141217038 0.126545787 0.981857419
vn 0.134377241 0.126667425 0.982801199
vn 1 0 0
vn 1 0 0
vn 1 0 0
vn 1 0 0
vn -1 0 0
vn -1 0 0
vn -1 0 0
vn -1 0 0
vn -0 -0.603826761 0.797115624
vn -0 -0.201457202 0.979497313
vn -0 -0.603826702 0.797115624
vn -0 -0.201457262 0.979497313
vn -0 0.66267544 0.748906791
vn -0 0.662676215 0.748905957
vn -0 0.999225616 -0.0393470339
vn -0 0.999225616 -0.0393462814
vn -0 0.903324187 -0.428958565
vn -0 0.903324187 -0.428958625
vn 1 -1.17530169E-06 1.143666E-07
vn 1 -1.03090349E-06 2.51519992E-07
vn 1 2.60938396E-06 -1.03870707E-06
vn 1 -5.68153041E-07 0
vn 1 -1.29570935E-06 0
vn 1 1.00539655E-05 -3.67728967E-06
vn -1 -1.48750004E-07 -3.4277889E-07
vn -1 -6.40354983E-07 -2.44418658E-07
vn -1 -3.1367378E-07 -3.67609971E-07
vn -1 -1.53931609E-07 -4.27848619E-07
vn -1 0 -1.94543532E-07
vn -1 0 0
vn -2.76039168E-06 0.422618568 -0.906307697
vn -2.54131737E-06 0.422618568 -0.906307697
vn -0.866026342 0.211308777 -0.453152359
vn -0.866026163 0.211308911 -0.453152657
vn -0.866024613 -0.21130994 0.453154951
vn -0.866024792 -0.211309865 0.453154743
vn 1.16111482E-06 -0.422618777 0.906307578
vn 1.73071817E-06 -0.422618836 0.906307578
vn 1.73071817E-06 -0.422618836 0.906307578
vn 1.16111482E-06 -0.422618777 0.906307578
vn 0.866025269 -0.211309537 0.453154117
vn 0.866025627 -0.211309224 0.453153431
vn 0.866024911 0.211309537 -0.453154802
vn 0.866024911 0.211309493 -0.453154653
vn -2.54131737E-06 0.422618568 -0.906307697
vn -2.76039168E-06 0.422618568 -0.906307697
vn 8.95062215E-07 0.906307459 0.422618866
vn 8.95062215E-07 0.906307459 0.422618866
vn 8.95062215E-07 0.906307459 0.422618866
vn 8.95062215E-07 0.906307459 0.422618866
vn 8.95062101E-07 0.906307459 0.422618866
vn 8.95062215E-07 0.906307459 0.422618866
vn -0 1 0
vn -0 1 0
vn -0 1 0
vn -0 1 0
vn -0 0 -1
vn -0 0 -1
vn -0 0 -1
vn -0 0 -1
vn -1 0 0
vn -1 0 0
vn -1 0 0
vn -1 0 0
vn -1 0 0
vn -1 0 0
vn -0 0.745558441 0.666440308
vn -0 0.745558441 0.666440308
vn -0 0.408386856 0.912808895
vn -0 0.408386856 0.912808895
vn -0 -0.311108887 0.950374305
vn -0 -0.311108887 0.950374305
vn -0 -0.591339767 0.806422532
vn -0 -0.591339767 0.806422532
vn 1 0 0
vn 1 0 0
vn 1 0 0
vn 1 0 0
vn 1 0 0
vn 1 0 0
vn -0 -1 0
vn -0 -1 0
vn -0 -1 0
vn -0 -1 0
vn -0.782096684 0.563432336 -0.266211808
vn 0.630563796 -0.547660232 -0.549961567
vn 0.630563796 0.547660232 -0.549961567
vn -0.782096684 -0.563432336 -0.266211808
vn 0.0656437427 0.554829478 0.82937032
vn 0.630563796 0.547660232 -0.549961567
vn 0.0656437427 -0.554829478 0.82937032
vn 0.630563796 0.547660232 -0.549961567
vn 0.630563796 -0.547660232 -0.549961567
vn -0 -1 0
vn -0 -1 0
vn -0 -1 0
vn -0 -1 0
vn -0 1 0
vn -0 1 0
vn -0 1 0
vn -0 1 0
vn -0.469507456 0 0.882928491
vn 2.41501562E-06 0 1
vn 2.41501562E-06 0 1
vn -0.469507456 0 0.882928491
vn -0.829084396 0 0.559123456
vn -0.829084396 0 0.559123456
vn -0 -1 0
vn -0 -1 0
vn -0 -1 0
vn -0 -1 0
vn -0 1 0
vn -0 1 0
vn -0 1 0
vn -0 1 0
vn 0.707108617 0 0.707104862
vn 0.956317306 0 0.292330682
vn 0.707108617 0 0.707104862
vn 0.956317306 0 0.292330682
vn 0.981611311 0 -0.1908907
vn 0.981611311 0 -0.1908907
vn -0 -1 0
vn -0 -1 0
vn -0 -1 0
vn -0 -1 0
vn -0 1 0
vn -0 1 0
vn -0 1 0
vn -0 1 0
vn 1 0 0
vn 0.882927895 0 -0.469508678
vn 1 0 0
vn 0.882927895 0 -0.469508678
vn 0.559123158 0 -0.829084635
vn 0.559123158 0 -0.829084635
vn -0 -1 0
vn -0 -1 0
vn -0 -1 0
vn -0 -1 0
vn -0 1 0
vn -0 1 0
vn -0 1 0
vn -0 1 0
vn 0.292331129 0 0.956317127
vn 0.707106471 0 0.707107067
vn 0.707106471 0 0.707107067
vn 0.292331129 0 0.956317127
vn -0.190891802 0 0.981611133
vn -0.190891802 0 0.981611133
vn -0 -1 0
vn -0 -1 0
vn -0 -1 0
vn -0 -1 0
vn -0 1 0
vn -0 1 0
vn -0 1 0
vn -0 1 0
vn -0.707106233 0 0.707107246
vn -0.707106233 0 0.707107246
vn -0.707106233 0 0.707107246
vn -0.707106233 0 0.707107246
vn 0.707107127 0 -0.707106352
vn 0.707107127 0 -0.707106352
vn 0.707107127 0 -0.707106352
vn 0.707107127 0 -0.707106352
vn -0 -1 0
vn -0 -1 0
vn -0 -1 0
vn -0 -1 0
vn -0 1 0
vn -0 1 0
vn -0 1 0
vn -0 1 0
vn -0.707106233 0 0.707107306
vn -0.707106233 0 0.707107306
vn -0.707106233 0 0.707107306
vn -0.707106233 0 0.707107306
vn 0.707107306 0 -0.707106233
vn 0.707107306 0 -0.707106233
vn 0.707107306 0 -0.707106233
vn 0.707107306 0 -0.707106233
vn -0.911736667 0.410775244 -6.45004832E-07
vn -0.644695938 0.410774082 0.644695163
vn -0.56839186 0.267729461 0.777979195
vn -0.911736667 0.410775244 -5.29839383E-07
vn -0.644695401 0.410775274 -0.644694924
vn -0.644694328 0.410775304 -0.644695938
vn 2.39573296E-07 0.410774708 -0.911736965
vn 1.80370762E-07 0.410774678 -0.911736965
vn 0.777978659 0.267730474 -0.568392098
vn 0.644694388 0.410775661 -0.644695699
vn 4.05431678E-07 0.410774171 0.911737144
vn -0.56839186 0.267729461 0.777979195
vn -0.644695938 0.410774082 0.644695163
vn 1.5388602E-07 0.200261846 0.979742467
vn 0.692782283 0.200262472 0.692782521
vn 0.644694567 0.410775512 0.644695699
vn 0.911736071 0.410776705 -2.21144475E-07
vn -0 -0.316234887 0.948680937
vn -0.365731895 -0.294326276 0.882956505
vn 0.670818448 -0.316234827 0.670819044
vn -0 -0.639790952 0.768548965
vn -0.303342968 -0.60964489 0.732336044
vn 0.543446124 -0.639790952 0.543446302
vn 0.948680937 -0.316234648 -1.22649737E-07
vn 0.768549204 -0.639790654 -1.03212734E-07
vn 0.97974211 0.200263023 -1.64878045E-07
vn 0.882956147 -0.294325948 -0.365732908
vn 0.732336164 -0.609644413 -0.303343892
vn 0.777978659 0.267730474 -0.568392098
vn 0.644694388 0.410775661 -0.644695699
vn -0 1 0
vn -0 1 0
vn -0 1 0
vn -0 1 0
vn -0 1 0
vn -0 1 0
vn -0 1 0
vn -0 1 0
vn -0 -1 0
vn -0 -1 0
vn -0 -1 0
vn -0 -1 0
vn -0 1 0
vn -0 1 0
vn -0 1 0
vn -0 1 0
vn -0 1 0
vn -0 1 0
vn -0 1 0
vn -0 1 0
vn -0 -1 0
vn -0 -1 0
vn -0 -1 0
vn -0 -1 0
vn 0.777980268 0.267729521 -0.568390369
vn 0.644695878 0.410774201 -0.644695103
vn 5.71290286E-07 0.410773575 -0.911737323
vn 4.39653775E-07 0.410773605 -0.911737323
vn -0.644695938 0.410773516 -0.64469558
vn -0.644696176 0.410773456 -0.644695342
vn -0.911737263 0.410773754 2.58001961E-07
vn -0.911737263 0.410773754 2.0291715E-07
vn -0.56839186 0.267729431 0.777979195
vn -0.644695997 0.410774052 0.644695163
vn 0.911737263 0.410774022 1.65858452E-07
vn 0.644695878 0.410774201 -0.644695103
vn 0.777980268 0.267729521 -0.568390369
vn 0.979742467 0.200261787 1.15414352E-07
vn 0.882957816 -0.294324547 -0.365730196
vn 0.692783296 0.20026195 0.692781746
vn 0.644695401 0.41077444 0.644695401
vn 3.68574263E-07 0.410774082 0.911737144
vn 0.948681414 -0.316233635 1.46011203E-07
vn 0.76855129 -0.63978827 -1.20414938E-07
vn 0.732338488 -0.609642148 -0.30334276
vn 0.543447375 -0.639789939 0.543446302
vn 0.670819461 -0.316234261 0.67081821
vn 1.37398246E-07 0.200261846 0.979742467
vn -0 -0.316234708 0.948680937
vn -0 -0.639790654 0.768549323
vn -0.56839186 0.267729431 0.777979195
vn -0.644695997 0.410774052 0.644695163
vn -0.365731776 -0.294326067 0.882956624
vn -0.303342879 -0.609644532 0.732336402
vn -0 1 0
vn -0 1 0
vn -0 1 0
vn -0 1 0
vn -0 1 0
vn -0 1 0
vn -0 1 0
vn -0 1 0
vn -0 -1 0
vn -0 -1 0
vn -0 -1 0
vn -0 -1 0
vn -0 1 0
vn -0 1 0
vn -0 1 0
vn -0 1 0
vn -0 1 0
vn -0 1 0
vn -0 1 0
vn -0 1 0
vn -0 -1 0
vn -0 -1 0
vn -0 -1 0
vn -0 -1 0
vn -0 -0.970890343 0.239524186
vn -0 -1 0
vn -0 -1 0
vn -0 -0.970890343 0.23952432
vn 1.84111371E-07 -0.517153621 0.855892539
vn 1.84111329E-07 -0.517153919 0.85589236
vn 1.83814663E-07 0.51568526 0.856778085
vn 1.83814649E-07 0.515685558 0.856777906
vn 1.00659413E-07 0.883655965 0.468136847
vn 1.00659406E-07 0.883655965 0.468136817
vn 1 0 -9.4596021E-07
vn 1 0 -2.31721242E-06
vn 1 0 -2.31721242E-06
vn 1 0 -9.4772912E-07
vn 1 0 0
vn 1 0 0
vn 1 0 -9.4772912E-07
vn 1 0 -2.31721242E-06
vn 1 0 -2.31721242E-06
vn -1 0 0
vn -1 0 0
vn -1 0 0
vn -1 0 0
vn -1 0 0
vn -1 0 0
vn -1 0 0
vn -1 0 0
vn -1 0 0
vn -0 0.970890343 0.23952432
vn -0 1 0
vn -0 1 0
vn -0 0.970890343 0.239524186
vn 1.83059385E-07 0.517153621 0.855892539
vn 1.83059356E-07 0.517153919 0.85589236
vn 1.83814805E-07 -0.515686333 0.856777489
vn 1.83814848E-07 -0.515686035 0.856777668
vn 1.00659513E-07 -0.8836568 0.468135297
vn 1.00659513E-07 -0.8836568 0.468135297
vn -0 1 0
vn -0 1 0
vn -0 1 0
vn -0 1 0
vn -0 -1 0
vn -0 -1 0
vn -0 -1 0
vn -0 -1 0
vn 0.70863235 0 0.70557791
vn -1.6234884E-07 -5.72204613E-07 1
vn -1.6234884E-07 -5.72204613E-07 1
vn 0.70863235 0 0.70557791
vn 0.70863235 0 0.70557791
vn 0.70863235 0 0.70557791
vn 1 0 0
vn 1 0 0
vn -0 1 0
vn -0 1 0
vn -0 1 0
vn -0 1 0
vn -0.382682681 0 -0.923879802
vn 9.28086365E-07 0 -1
vn 9.28086365E-07 0 -1
vn -0.382682681 0 -0.923879802
vn -0.923879445 0 -0.382683784
vn -0.923879445 0 -0.382683784
vn -1 0 0
vn -1 0 0
vn -0 -1 0
vn -0 -1 0
vn -0 -1 0
vn -0 -1 0
vn -0 1 0
vn -0 1 0
vn -0 1 0
vn -0 1 0
vn -0 -1 0
vn -0 -1 0
vn -0 -1 0
vn -0 -1 0
vn -1 0 1.79153949E-06
vn -1 0 1.79153972E-06
vn -1 0 1.79153972E-06
vn -1 0 1.79153972E-06
vn 1.11971451E-06 0 -1
vn 1.11971451E-06 0 -1
vn 1.11971451E-06 0 -1
vn 1.11971451E-06 0 -1
vn -0 -1 0
vn -0 -1 0
vn -0 -1 0
vn -0 -1 0
vn -0 1 0
vn -0 1 0
vn -0 1 0
vn -0 1 0
vn 0.707107842 0 -0.707105637
vn 0.707107842 0 -0.707105637
vn 0.707107842 0 -0.707105637
vn 0.707107842 0 -0.707105637
vn 0.0449544713 0 0.998989046
vn 0.0449544713 0 0.998989046
vn 0.707106769 0 0.707106769
vn 0.707106769 0 0.707106769
vn 0.70634526 0 0.707867444
vn 0.70634526 0 0.707867444
vn 0.998989046 0 0.0449543335
vn 0.998989046 0 0.0449543335
vn -0.707106888 0 -0.70710665
vn -0.707106888 0 -0.70710665
vn -0.707106888 0 -0.70710665
vn -0.707106888 0 -0.70710665
vn -0.707108259 0 0.707105219
vn -0.707108259 0 0.707105219
vn -0.707108259 0 0.707105219
vn -0.707108259 0 0.707105219
vn -0 1 0
vn -0 1 0
vn -0 1 0
vn -0 1 0
vn -0 -1 0
vn -0 -1 0
vn -0 -1 0
vn -0 -1 0
vn 0.70863235 0 0.70557791
vn -1.6234884E-07 -5.72204613E-07 1
vn -1.6234884E-07 -5.72204613E-07 1
vn 0.70863235 0 0.70557791
vn 0.70863235 0 0.70557791
vn 0.70863235 0 0.70557791
vn 1 0 1.29879004E-06
vn 1 0 1.29879004E-06
vn -0 1 0
vn -0 1 0
vn -0 1 0
vn -0 1 0
vn -0.382682681 0 -0.923879802
vn 9.28086365E-07 0 -1
vn 9.28086365E-07 0 -1
vn -0.382682681 0 -0.923879802
vn -0.923879445 0 -0.382683784
vn -0.923879445 0 -0.382683784
vn -1 0 0
vn -1 0 0
vn -0 -1 0
vn -0 -1 0
vn -0 -1 0
vn -0 -1 0
vn -0 1 0
vn -0 1 0
vn -0 1 0
vn -0 1 0
vn -0 -1 0
vn -0 -1 0
vn -0 -1 0
vn -0 -1 0
vn -1 0 1.79153949E-06
vn -1 0 1.79153972E-06
vn -1 0 1.79153972E-06
vn -1 0 1.79153972E-06
vn 1.34365507E-06 0 -1
vn 1.34365507E-06 0 -1
vn 1.34365507E-06 0 -1
vn 1.34365507E-06 0 -1
vn -0 -1 0
vn -0 -1 0
vn -0 -1 0
vn -0 -1 0
vn -0 1 0
vn -0 1 0
vn -0 1 0
vn -0 1 0
vn 0.707107782 0 -0.707105696
vn 0.707107782 0 -0.707105696
vn 0.707107782 0 -0.707105696
vn 0.707107782 0 -0.707105696
vn -0.707108378 0 0.70710516
vn -0.707108378 0 0.70710516
vn -0.707108378 0 0.70710516
vn -0.707108378 0 0.70710516
vn 0.000924421125 0.119799882 0.992797673
vn 0.000923355867 0.119800217 0.992797673
vn 0.000920269173 0.119801238 0.992797434
vn 0.000919203856 0.119801581 0.992797434
vn 0.839097083 0.0626101121 0.54036665
vn 0.839097083 0.0626101121 0.54036665
vn 0.839097083 0.0626101121 0.54036665
vn 0.839097023 0.0626101121 0.54036665
vn 0.000415373128 0.888177276 0.459500641
vn 0.00041537307 0.888177276 0.459500581
vn 0.00041537307 0.888177276 0.459500581
vn 0.000415373128 0.888177276 0.459500641
vn 0.831945479 0.0654548407 0.550982952
vn 0.831945479 0.0654548407 0.550982952
vn 0.831945598 0.0654548407 0.550983012
vn 0.831945598 0.0654548407 0.550983012
vn 0.83794558 0.108807854 0.534797311
vn 0.83794558 0.108807847 0.534797311
vn 0.83572799 -0.112137713 0.537572265
vn 0.825660706 -0.186269239 0.53252995
vn 0.766262114 -0.405226558 0.498631805
vn 0.766262114 -0.405226558 0.498631805
vn 0.00155587448 0.184649959 0.982803106
vn 0.0189345647 0.150391817 0.988445163
vn 0.01860594 0.151042297 0.988352239
vn 0.00155587448 0.184649944 0.982803106
vn 0.0163562819 0.11874447 0.992790103
vn 0.01860594 0.151042297 0.988352239
vn 0.0189345647 0.150391817 0.988445163
vn 0.0221198928 0.118211977 0.992741942
vn 0.00192609301 0.120060012 0.992764771
vn 0.0163562819 0.11874447 0.992790103
vn 0.0221198928 0.118211977 0.992741942
vn 0.00192609301 0.120060012 0.992764771
vn 0.000940623635 0.102629952 0.994719148
vn 0.000940623635 0.102629967 0.994719148
vn 0.000940623693 0.102629967 0.994719148
vn 0.000940623693 0.102629974 0.994719148
vn -0.789581895 0.540403187 0.290731668
vn -0.789581895 0.540403128 0.290731579
vn -0.789581895 0.540403128 0.290731579
vn -0.789581895 0.540403068 0.290731639
vn 0.760889769 -0.438683063 0.478125542
vn 0.760889709 -0.438683063 0.478125572
vn 0.760889769 -0.438683063 0.478125542
vn 0.760889709 -0.438682973 0.478125572
vn 0.000542723399 -0.813702643 0.581281006
vn 0.000542723341 -0.813702643 0.581281006
vn 0.000542723399 -0.813702762 0.581281066
vn 0.000542723399 -0.813702643 0.581281006
vn 0.000581245171 0.885843337 0.463983953
vn 0.000581245229 0.885843456 0.463983953
vn 0.000581245229 0.885843337 0.463983953
vn 0.000581245229 0.885843337 0.463983953
vn -0.822240293 0.285649657 0.492265403
vn -0.856164455 0.0166131407 0.516436219
vn -0.856164455 0.0166131388 0.516436279
vn -0.817614615 0.303583592 0.489227444
vn -0.716648579 0.553084314 0.424867809
vn -0.716648579 0.553084314 0.424867809
vn 0.00162306346 0.120316267 0.992734313
vn 0.00162090163 0.120316498 0.992734313
vn 0.00162109849 0.120316483 0.992734313
vn 0.00162316207 0.12031626 0.992734313
vn 0.00162316207 0.12031626 0.992734313
vn 0.000381641032 0.932229877 0.361866504
vn 0.000381641032 0.932229877 0.361866504
vn 0.000381641003 0.932229877 0.361866504
vn 0.000381640944 0.932229877 0.361866474
vn 0.992797673 0.119799398 0.000924419437
vn 0.992797554 0.119801037 0.000919533719
vn 0.992797673 0.119799837 0.000923165935
vn 0.992797434 0.119801439 0.000918280217
vn 0.540364325 0.062609598 0.839098573
vn 0.540364325 0.062609598 0.839098573
vn 0.540364385 0.0626096055 0.839098573
vn 0.540364325 0.062609598 0.839098573
vn 0.459498972 0.888178229 0.000415176852
vn 0.459498972 0.88817811 0.000415176823
vn 0.459498972 0.88817811 0.000415176823
vn 0.459498972 0.88817811 0.000415176823
vn 0.550983906 0.0654549897 0.831944942
vn 0.550983906 0.0654549971 0.831944942
vn 0.550983906 0.0654549897 0.831944942
vn 0.550983906 0.0654549897 0.831945002
vn 0.534798503 0.108807825 0.837944746
vn 0.537573457 -0.112137362 0.835727215
vn 0.534798384 0.10880781 0.837944746
vn 0.532531261 -0.18626897 0.82565999
vn 0.498633176 -0.405225933 0.766261637
vn 0.498633176 -0.405225933 0.766261637
vn 0.982804298 0.184643313 0.00155656703
vn 0.982804418 0.184643328 0.00155656715
vn 0.988352716 0.151038885 0.0186066907
vn 0.98844564 0.150388494 0.0189353321
vn 0.992790103 0.118743986 0.0163579602
vn 0.992741942 0.118211612 0.0221213326
vn 0.98844564 0.150388494 0.0189353321
vn 0.988352716 0.151038885 0.0186066907
vn 0.99276489 0.120059192 0.0019284311
vn 0.99276489 0.120059192 0.0019284311
vn 0.992741942 0.118211612 0.0221213326
vn 0.992790103 0.118743986 0.0163579602
vn 0.99471879 0.102633037 0.000939734455
vn 0.99471879 0.102633037 0.000939734397
vn 0.99471879 0.102633029 0.000939734397
vn 0.99471879 0.102633029 0.000939734397
vn 0.290731341 0.540403426 -0.789581835
vn 0.290731341 0.540403426 -0.789581895
vn 0.290731341 0.540403426 -0.789581835
vn 0.290731341 0.540403426 -0.789581895
vn 0.478125632 -0.438682228 0.760890126
vn 0.478125632 -0.438682169 0.760890186
vn 0.478125632 -0.438682169 0.760890126
vn 0.478125632 -0.438682169 0.760890126
vn 0.58128351 -0.813700914 0.000543043425
vn 0.581283569 -0.813700914 0.000543043425
vn 0.58128351 -0.813700914 0.000543043425
vn 0.58128351 -0.813700914 0.000543043425
vn 0.463984102 0.885843337 0.000581631553
vn 0.463984132 0.885843277 0.00058163167
vn 0.463984102 0.885843337 0.000581631553
vn 0.463984132 0.885843277 0.00058163167
vn 0.492266476 0.285649955 -0.822239459
vn 0.516438007 0.0166135505 -0.856163442
vn 0.516438067 0.0166135486 -0.856163323
vn 0.489228368 0.303584099 -0.81761378
vn 0.424868077 0.553084612 -0.716648221
vn 0.424868047 0.553084612 -0.716648161
vn 0.992734313 0.120315984 0.00162472401
vn 0.992734194 0.120316774 0.00162005052
vn 0.992734194 0.120316841 0.00161958183
vn 0.992734313 0.120315954 0.00162495824
vn 0.992734313 0.120315947 0.00162495836
vn 0.361867815 0.93222934 0.000381713005
vn 0.361867815 0.93222934 0.000381713005
vn 0.361867815 0.93222934 0.000381713005
vn 0.361867875 0.93222934 0.000381713005
vn -1.32727143E-06 0 -1
vn -0 0 -1
vn -0 0 -1
vn -1.32727143E-06 0 -1
vn -0 1 0
vn -0 1 0
vn -0 1 0
vn -0 1 1.59543731E-07
vn -0 1 1.36289401E-07
vn -0 1 2.20323912E-07
vn -0 1 2.20323898E-07
vn -0.996232927 1.39334475E-07 0.0867169201
vn -0.996232927 1.39334475E-07 0.0867169201
vn -0.996232927 1.39334475E-07 0.0867169127
vn -0.996232927 1.39334475E-07 0.0867169127
vn 1 -1.22652568E-06 -2.95072823E-06
vn 0.993587613 1.50067805E-07 -0.113065027
vn 1 -6.24748338E-07 -3.74467618E-06
vn 1 4.028104E-07 -5.10037307E-06
vn 1 4.028104E-07 -5.10037307E-06
vn 0.993587613 2.27969352E-07 -0.113065153
vn 0.974433661 0 -0.224675268
vn 0.974433661 0 -0.224675253
vn -0 9.02552165E-06 1
vn 1.30812532E-06 9.02552165E-06 1
vn 1.30812532E-06 9.02552165E-06 1
vn 1.30812555E-06 9.02552165E-06 1
vn -0 9.02552165E-06 1
vn -0 -6.78182744E-07 1
vn -0 -6.78182744E-07 1
vn 2.95098585E-06 -0.429242641 0.903189301
vn 2.95165773E-06 -0.429340303 0.903142691
vn 5.33153889E-06 -0.775510848 0.631334245
vn 5.33153798E-06 -0.775510848 0.631334186
vn -1 0 0
vn -1 0 0
vn -1 0.000250604266 5.34942483E-05
vn -1 0.000305822032 6.52779054E-05
vn -0.999999881 0.000501276692 0.000106988562
vn -0.999999881 0.000501276692 0.000106988562
vn -0 -1 0
vn -0 -1 0
vn -0 -1 0
vn -0 -1 0
vn -0 2.03710692E-06 1
vn -0 2.03710692E-06 1
vn -0 2.03710692E-06 1
vn -0 2.03710692E-06 1
vn 0.488130629 -0.872770548 0
vn 0.85205251 -0.523456335 0
vn 0.85205251 -0.523456335 0
vn 0.48813042 -0.872770727 0
vn -0.488130569 -0.872770548 0
vn -0.488130271 -0.872770846 0
vn -0.852052331 -0.523456573 0
vn -0.852052331 -0.523456514 0
vn -0.488130003 -0.872770905 0
vn -0 -1 0
vn -0 -1 0
vn -0.48813042 -0.872770727 0
vn -0.852052212 -0.523456991 0
vn -0.852052212 -0.523456991 0
vn -8.14456314E-07 2.80547965E-06 1
vn -8.144562E-07 2.80547965E-06 1
vn -8.14456314E-07 2.80547965E-06 1
vn -8.144562E-07 2.80547965E-06 1
vn -0 1 1.69011443E-07
vn -0 1 1.69011443E-07
vn -0 1 1.69011429E-07
vn -0 1 1.69011415E-07
vn 1.32727143E-06 0 -1
vn 1.32727143E-06 0 -1
vn -0 0 -1
vn -0 0 -1
vn -0 1 0
vn -0 1 0
vn -0 1 0
vn -0 1 1.59543731E-07
vn -0 1 1.36289401E-07
vn -0 1 2.20323912E-07
vn -0 1 2.20323898E-07
vn 0.996232927 1.39334475E-07 0.0867169201
vn 0.996232927 1.39334475E-07 0.0867169127
vn 0.996232927 1.39334475E-07 0.0867169127
vn 0.996232927 1.39334475E-07 0.0867169201
vn -1 -1.22652568E-06 -2.95072823E-06
vn -1 -6.24748338E-07 -3.74467618E-06
vn -0.993587613 1.50067805E-07 -0.113065027
vn -1 4.028104E-07 -5.10037307E-06
vn -0.993587613 2.27969352E-07 -0.113065153
vn -1 4.028104E-07 -5.10037307E-06
vn -0.974433661 0 -0.224675268
vn -0.974433661 0 -0.224675253
vn -1.30812555E-06 9.02552165E-06 1
vn -0 9.02552165E-06 1
vn -0 9.02552165E-06 1
vn -1.30812555E-06 9.02552165E-06 1
vn -1.30812555E-06 9.02552165E-06 1
vn -0 -6.78182744E-07 1
vn -2.95098585E-06 -0.429242581 0.903189301
vn -0 -6.78182744E-07 1
vn -2.95165773E-06 -0.429340303 0.903142691
vn -5.33153843E-06 -0.775510788 0.631334245
vn -5.33153843E-06 -0.775510788 0.631334245
vn 1 0 0
vn 1 0.000250604295 5.34942483E-05
vn 1 0 0
vn 1 0.000305822061 6.52779054E-05
vn 0.999999881 0.000501276692 0.000106988562
vn 0.999999881 0.000501276692 0.000106988562
vn -0 -1 0
vn -0 -1 0
vn -0 -1 0
vn -0 -1 0
vn -0 2.03710692E-06 1
vn -0 2.03710692E-06 1
vn -0 2.03710692E-06 1
vn -0 2.03710692E-06 1
vn -0.488130629 -0.872770548 0
vn -0.85205251 -0.523456335 0
vn -0.85205251 -0.523456335 0
vn -0.48813042 -0.872770727 0
vn 0.488130569 -0.872770548 0
vn 0.488130271 -0.872770846 0
vn 0.852052331 -0.523456573 0
vn 0.852052331 -0.523456514 0
vn 0.488130003 -0.872770905 0
vn -0 -1 0
vn -0 -1 0
vn 0.48813042 -0.872770727 0
vn 0.852052093 -0.52345705 0
vn 0.852052093 -0.523456931 0
vn 8.14456314E-07 2.80547965E-06 1
vn 8.14456314E-07 2.80547965E-06 1
vn 8.14456314E-07 2.80547965E-06 1
vn 8.14456314E-07 2.80547965E-06 1
vn -0 1 1.69011443E-07
vn -0 1 1.69011415E-07
vn -0 1 1.69011429E-07
vn -0 1 1.69011443E-07
vn -0 -1 -1.20453151E-07
vn -0 -1 -1.20453151E-07
vn -0 -1 -1.20453151E-07
vn -0 -1 -1.20453151E-07
vn -0.707108021 1.22620304E-06 -0.707105517
vn -0.707108021 1.22620304E-06 -0.707105517
vn -0.707108021 1.22620315E-06 -0.707105517
vn -0.707108021 1.22620315E-06 -0.707105517
vn -0 1 1.25258936E-07
vn -0 1 1.25258936E-07
vn -0 1 1.2525895E-07
vn -0 1 1.25258936E-07
vn 0.707108974 -3.92666834E-07 0.707104564
vn 0.707108915 -3.92666777E-07 0.707104564
vn 0.707108974 -3.92666777E-07 0.707104564
vn 0.707108915 -3.92666834E-07 0.707104564
vn 1 5.0927639E-07 0
vn 1 5.09276333E-07 0
vn 1 5.09276333E-07 0
vn 1 5.09276333E-07 0
vn -1 5.09276333E-07 0
vn -1 5.09276333E-07 0
vn -1 5.09276333E-07 0
vn -1 5.0927639E-07 0
vn 0.0824810788 0.996592581 0
vn 0.0824810714 0.996592581 0
vn 0.164399758 0.986393869 0
vn 0.164399773 0.986393869 0
vn 1 0 0
vn 1 0 0
vn 1 0 0
vn 1 0 0
vn -0 -2.94119161E-07 1
vn -0 -2.94119161E-07 1
vn -0 -2.94119161E-07 1
vn -0 -2.94119161E-07 1
g logistic-station-2_0
f 3/3/3 2/2/2 1/1/1
f 6/6/6 5/5/5 4/4/4
f 5/5/5 7/7/7 4/4/4
f 7/7/7 8/8/8 4/4/4
f 8/8/8 9/9/9 4/4/4
f 8/8/8 10/10/10 9/9/9
f 10/10/10 11/11/11 9/9/9
f 14/14/14 13/13/13 12/12/12
f 15/15/15 14/14/14 12/12/12
f 18/18/18 17/17/17 16/16/16
f 19/19/19 18/18/18 16/16/16
f 22/22/22 21/21/21 20/20/20
f 23/23/23 22/22/22 20/20/20
f 26/26/26 25/25/25 24/24/24
f 27/27/27 26/26/26 24/24/24
f 30/30/30 29/29/29 28/28/28
f 31/31/31 30/30/30 28/28/28
f 34/34/34 33/33/33 32/32/32
f 35/35/35 34/34/34 32/32/32
f 38/38/38 37/37/37 36/36/36
f 37/37/37 39/39/39 36/36/36
f 39/39/39 37/37/37 40/40/40
f 37/37/37 41/41/41 40/40/40
f 44/44/44 43/43/43 42/42/42
f 42/42/42 43/43/43 45/45/45
f 43/43/43 46/46/46 45/45/45
f 49/49/49 48/48/48 47/47/47
f 47/47/47 48/48/48 50/50/50
f 48/48/48 51/51/51 50/50/50
f 54/54/54 53/53/53 52/52/52
f 55/55/55 54/54/54 52/52/52
f 58/58/58 57/57/57 56/56/56
f 59/59/59 58/58/58 56/56/56
f 62/62/62 61/61/61 60/60/60
f 63/63/63 62/62/62 60/60/60
f 66/66/66 65/65/65 64/64/64
f 67/67/67 66/66/66 64/64/64
f 70/70/70 69/69/69 68/68/68
f 71/71/71 70/70/70 68/68/68
f 74/74/74 73/73/73 72/72/72
f 75/75/75 74/74/74 72/72/72
f 78/78/78 77/77/77 76/76/76
f 79/79/79 78/78/78 76/76/76
f 82/82/82 81/81/81 80/80/80
f 83/83/83 82/82/82 80/80/80
f 86/86/86 85/85/85 84/84/84
f 87/87/87 86/86/86 84/84/84
f 90/90/90 89/89/89 88/88/88
f 91/91/91 90/90/90 88/88/88
f 94/94/94 93/93/93 92/92/92
f 95/95/95 94/94/94 92/92/92
f 98/98/98 97/97/97 96/96/96
f 99/99/99 98/98/98 96/96/96
f 102/102/102 101/101/101 100/100/100
f 103/103/103 102/102/102 100/100/100
f 106/106/106 105/105/105 104/104/104
f 107/107/107 106/106/106 104/104/104
f 107/107/107 104/104/104 108/108/108
f 109/109/109 107/107/107 108/108/108
f 108/108/108 110/110/110 109/109/109
f 110/110/110 111/111/111 109/109/109
f 114/114/114 113/113/113 112/112/112
f 115/115/115 114/114/114 112/112/112
f 118/118/118 117/117/117 116/116/116
f 119/119/119 118/118/118 116/116/116
f 119/119/119 116/116/116 120/120/120
f 121/121/121 119/119/119 120/120/120
f 124/124/124 123/123/123 122/122/122
f 123/123/123 125/125/125 122/122/122
f 125/125/125 123/123/123 126/126/126
f 123/123/123 127/127/127 126/126/126
f 130/130/130 129/129/129 128/128/128
f 131/131/131 130/130/130 128/128/128
f 134/134/134 133/133/133 132/132/132
f 135/135/135 134/134/134 132/132/132
f 134/134/134 135/135/135 136/136/136
f 135/135/135 137/137/137 136/136/136
f 140/140/140 139/139/139 138/138/138
f 141/141/141 140/140/140 138/138/138
f 144/144/144 143/143/143 142/142/142
f 143/143/143 145/145/145 142/142/142
f 146/146/146 142/142/142 145/145/145
f 143/143/143 147/147/147 145/145/145
f 148/148/148 146/146/146 145/145/145
f 145/145/145 147/147/147 148/148/148
f 149/149/149 146/146/146 148/148/148
f 148/148/148 147/147/147 150/150/150
f 150/150/150 149/149/149 148/148/148
f 153/153/153 152/152/152 151/151/151
f 154/154/154 153/153/153 151/151/151
f 157/157/157 156/156/156 155/155/155
f 158/158/158 157/157/157 155/155/155
f 159/159/159 158/158/158 155/155/155
f 160/160/160 158/158/158 159/159/159
f 163/163/163 162/162/162 161/161/161
f 162/162/162 164/164/164 161/161/161
f 164/164/164 165/165/165 161/161/161
f 161/161/161 165/165/165 166/166/166
f 165/165/165 167/167/167 166/166/166
f 166/166/166 167/167/167 168/168/168
f 171/171/171 170/170/170 169/169/169
f 172/172/172 171/171/171 169/169/169
f 173/173/173 171/171/171 172/172/172
f 174/174/174 173/173/173 172/172/172
f 175/175/175 173/173/173 174/174/174
f 176/176/176 175/175/175 174/174/174
f 179/179/179 178/178/178 177/177/177
f 180/180/180 179/179/179 177/177/177
f 183/183/183 182/182/182 181/181/181
f 184/184/184 182/182/182 183/183/183
f 184/184/184 185/185/185 182/182/182
f 186/186/186 185/185/185 184/184/184
f 189/189/189 188/188/188 187/187/187
f 190/190/190 189/189/189 187/187/187
f 190/190/190 187/187/187 191/191/191
f 191/191/191 187/187/187 192/192/192
f 193/193/193 191/191/191 192/192/192
f 193/193/193 192/192/192 194/194/194
f 197/197/197 196/196/196 195/195/195
f 196/196/196 198/198/198 195/195/195
f 196/196/196 199/199/199 198/198/198
f 199/199/199 200/200/200 198/198/198
f 199/199/199 201/201/201 200/200/200
f 201/201/201 202/202/202 200/200/200
f 205/205/205 204/204/204 203/203/203
f 206/206/206 205/205/205 203/203/203
f 209/209/209 208/208/208 207/207/207
f 207/207/207 210/210/210 209/209/209
f 211/211/211 209/209/209 210/210/210
f 214/214/214 213/213/213 212/212/212
f 213/213/213 215/215/215 212/212/212
f 213/213/213 216/216/216 215/215/215
f 212/212/212 215/215/215 217/217/217
f 216/216/216 218/218/218 215/215/215
f 215/215/215 219/219/219 217/217/217
f 215/215/215 218/218/218 219/219/219
f 217/217/217 219/219/219 220/220/220
f 218/218/218 221/221/221 219/219/219
f 219/219/219 222/222/222 220/220/220
f 219/219/219 221/221/221 222/222/222
f 221/221/221 223/223/223 222/222/222
f 226/226/226 225/225/225 224/224/224
f 227/227/227 226/226/226 224/224/224
f 230/230/230 229/229/229 228/228/228
f 231/231/231 230/230/230 228/228/228
f 234/234/234 233/233/233 232/232/232
f 235/235/235 234/234/234 232/232/232
f 238/238/238 237/237/237 236/236/236
f 239/239/239 238/238/238 236/236/236
f 242/242/242 241/241/241 240/240/240
f 243/243/243 242/242/242 240/240/240
f 246/246/246 245/245/245 244/244/244
f 247/247/247 246/246/246 244/244/244
f 250/250/250 249/249/249 248/248/248
f 249/249/249 251/251/251 248/248/248
f 248/248/248 251/251/251 252/252/252
f 251/251/251 253/253/253 252/252/252
f 252/252/252 253/253/253 254/254/254
f 253/253/253 255/255/255 254/254/254
f 258/258/258 257/257/257 256/256/256
f 259/259/259 258/258/258 256/256/256
f 262/262/262 261/261/261 260/260/260
f 263/263/263 262/262/262 260/260/260
f 266/266/266 265/265/265 264/264/264
f 265/265/265 267/267/267 264/264/264
f 265/265/265 268/268/268 267/267/267
f 268/268/268 269/269/269 267/267/267
f 270/270/270 269/269/269 268/268/268
f 271/271/271 270/270/270 268/268/268
f 270/270/270 271/271/271 272/272/272
f 273/273/273 270/270/270 272/272/272
f 276/276/276 275/275/275 274/274/274
f 277/277/277 276/276/276 274/274/274
f 278/278/278 277/277/277 274/274/274
f 279/279/279 276/276/276 277/277/277
f 282/282/282 281/281/281 280/280/280
f 283/283/283 282/282/282 280/280/280
f 284/284/284 283/283/283 280/280/280
f 280/280/280 285/285/285 284/284/284
f 288/288/288 287/287/287 286/286/286
f 289/289/289 288/288/288 286/286/286
f 290/290/290 288/288/288 289/289/289
f 291/291/291 290/290/290 289/289/289
f 292/292/292 290/290/290 291/291/291
f 293/293/293 292/292/292 291/291/291
f 296/296/296 295/295/295 294/294/294
f 297/297/297 296/296/296 294/294/294
f 298/298/298 296/296/296 297/297/297
f 299/299/299 298/298/298 297/297/297
f 300/300/300 298/298/298 299/299/299
f 301/301/301 300/300/300 299/299/299
f 304/304/304 303/303/303 302/302/302
f 302/302/302 305/305/305 304/304/304
f 302/302/302 306/306/306 305/305/305
f 306/306/306 307/307/307 305/305/305
f 310/310/310 309/309/309 308/308/308
f 311/311/311 310/310/310 308/308/308
f 314/314/314 313/313/313 312/312/312
f 315/315/315 314/314/314 312/312/312
f 318/318/318 317/317/317 316/316/316
f 319/319/319 318/318/318 316/316/316
f 320/320/320 319/319/319 316/316/316
f 321/321/321 320/320/320 316/316/316
f 324/324/324 323/323/323 322/322/322
f 325/325/325 324/324/324 322/322/322
f 324/324/324 325/325/325 326/326/326
f 327/327/327 324/324/324 326/326/326
f 327/327/327 326/326/326 328/328/328
f 326/326/326 329/329/329 328/328/328
f 332/332/332 331/331/331 330/330/330
f 331/331/331 333/333/333 330/330/330
f 330/330/330 333/333/333 334/334/334
f 335/335/335 330/330/330 334/334/334
f 338/338/338 337/337/337 336/336/336
f 339/339/339 338/338/338 336/336/336
f 342/342/342 341/341/341 340/340/340
f 341/341/341 343/343/343 340/340/340
f 340/340/340 343/343/343 344/344/344
f 345/345/345 340/340/340 344/344/344
f 343/343/343 346/346/346 344/344/344
f 344/344/344 346/346/346 347/347/347
f 346/346/346 348/348/348 347/347/347
f 351/351/351 350/350/350 349/349/349
f 351/351/351 352/352/352 350/350/350
f 355/355/355 354/354/354 353/353/353
f 353/353/353 356/356/356 355/355/355
f 359/359/359 358/358/358 357/357/357
f 360/360/360 359/359/359 357/357/357
f 360/360/360 357/357/357 361/361/361
f 362/362/362 360/360/360 361/361/361
f 365/365/365 364/364/364 363/363/363
f 364/364/364 366/366/366 363/363/363
f 369/369/369 368/368/368 367/367/367
f 369/369/369 370/370/370 368/368/368
f 373/373/373 372/372/372 371/371/371
f 372/372/372 374/374/374 371/371/371
f 372/372/372 375/375/375 374/374/374
f 375/375/375 376/376/376 374/374/374
f 379/379/379 378/378/378 377/377/377
f 380/380/380 379/379/379 377/377/377
f 383/383/383 382/382/382 381/381/381
f 384/384/384 383/383/383 381/381/381
f 387/387/387 386/386/386 385/385/385
f 386/386/386 388/388/388 385/385/385
f 386/386/386 389/389/389 388/388/388
f 389/389/389 390/390/390 388/388/388
f 393/393/393 392/392/392 391/391/391
f 394/394/394 393/393/393 391/391/391
f 397/397/397 396/396/396 395/395/395
f 398/398/398 397/397/397 395/395/395
f 401/401/401 400/400/400 399/399/399
f 402/402/402 401/401/401 399/399/399
f 402/402/402 399/399/399 403/403/403
f 404/404/404 402/402/402 403/403/403
f 407/407/407 406/406/406 405/405/405
f 408/408/408 407/407/407 405/405/405
f 411/411/411 410/410/410 409/409/409
f 412/412/412 411/411/411 409/409/409
f 415/415/415 414/414/414 413/413/413
f 416/416/416 415/415/415 413/413/413
f 419/419/419 418/418/418 417/417/417
f 420/420/420 419/419/419 417/417/417
f 423/423/423 422/422/422 421/421/421
f 424/424/424 423/423/423 421/421/421
f 427/427/427 426/426/426 425/425/425
f 428/428/428 427/427/427 425/425/425
f 431/431/431 430/430/430 429/429/429
f 432/432/432 431/431/431 429/429/429
f 435/435/435 434/434/434 433/433/433
f 436/436/436 435/435/435 433/433/433
f 439/439/439 438/438/438 437/437/437
f 440/440/440 439/439/439 437/437/437
f 441/441/441 440/440/440 437/437/437
f 442/442/442 441/441/441 437/437/437
f 441/441/441 442/442/442 443/443/443
f 444/444/444 441/441/441 443/443/443
f 444/444/444 443/443/443 445/445/445
f 443/443/443 446/446/446 445/445/445
f 449/449/449 448/448/448 447/447/447
f 448/448/448 450/450/450 447/447/447
f 450/450/450 451/451/451 447/447/447
f 451/451/451 452/452/452 447/447/447
f 453/453/453 452/452/452 451/451/451
f 454/454/454 450/450/450 448/448/448
f 455/455/455 454/454/454 448/448/448
f 454/454/454 456/456/456 450/450/450
f 456/456/456 451/451/451 450/450/450
f 457/457/457 454/454/454 455/455/455
f 456/456/456 454/454/454 457/457/457
f 458/458/458 457/457/457 455/455/455
f 459/459/459 456/456/456 457/457/457
f 456/456/456 459/459/459 460/460/460
f 456/456/456 460/460/460 451/451/451
f 459/459/459 461/461/461 460/460/460
f 462/462/462 453/453/453 451/451/451
f 460/460/460 462/462/462 451/451/451
f 463/463/463 460/460/460 461/461/461
f 460/460/460 463/463/463 462/462/462
f 464/464/464 463/463/463 461/461/461
f 463/463/463 465/465/465 462/462/462
f 462/462/462 465/465/465 453/453/453
f 465/465/465 466/466/466 453/453/453
f 469/469/469 468/468/468 467/467/467
f 467/467/467 468/468/468 470/470/470
f 473/473/473 472/472/472 471/471/471
f 474/474/474 472/472/472 473/473/473
f 477/477/477 476/476/476 475/475/475
f 475/475/475 476/476/476 478/478/478
f 481/481/481 480/480/480 479/479/479
f 479/479/479 480/480/480 482/482/482
f 485/485/485 484/484/484 483/483/483
f 485/485/485 483/483/483 486/486/486
f 489/489/489 488/488/488 487/487/487
f 489/489/489 487/487/487 490/490/490
f 493/493/493 492/492/492 491/491/491
f 494/494/494 493/493/493 491/491/491
f 494/494/494 495/495/495 493/493/493
f 495/495/495 496/496/496 493/493/493
f 496/496/496 495/495/495 497/497/497
f 495/495/495 498/498/498 497/497/497
f 498/498/498 499/499/499 497/497/497
f 499/499/499 500/500/500 497/497/497
f 503/503/503 502/502/502 501/501/501
f 504/504/504 503/503/503 501/501/501
f 505/505/505 503/503/503 504/504/504
f 504/504/504 501/501/501 506/506/506
f 501/501/501 507/507/507 506/506/506
f 506/506/506 507/507/507 508/508/508
f 509/509/509 505/505/505 504/504/504
f 509/509/509 504/504/504 506/506/506
f 505/505/505 509/509/509 510/510/510
f 511/511/511 505/505/505 510/510/510
f 512/512/512 510/510/510 509/509/509
f 513/513/513 509/509/509 506/506/506
f 513/513/513 512/512/512 509/509/509
f 514/514/514 506/506/506 508/508/508
f 513/513/513 506/506/506 514/514/514
f 512/512/512 513/513/513 515/515/515
f 515/515/515 513/513/513 514/514/514
f 516/516/516 512/512/512 515/515/515
f 517/517/517 514/514/514 508/508/508
f 515/515/515 514/514/514 517/517/517
f 518/518/518 517/517/517 508/508/508
f 519/519/519 515/515/515 517/517/517
f 516/516/516 515/515/515 519/519/519
f 520/520/520 516/516/516 519/519/519
f 523/523/523 522/522/522 521/521/521
f 521/521/521 522/522/522 524/524/524
f 527/527/527 526/526/526 525/525/525
f 525/525/525 526/526/526 528/528/528
f 531/531/531 530/530/530 529/529/529
f 531/531/531 529/529/529 532/532/532
f 535/535/535 534/534/534 533/533/533
f 535/535/535 533/533/533 536/536/536
f 539/539/539 538/538/538 537/537/537
f 537/537/537 540/540/540 539/539/539
f 543/543/543 542/542/542 541/541/541
f 541/541/541 542/542/542 544/544/544
f 547/547/547 546/546/546 545/545/545
f 546/546/546 548/548/548 545/545/545
f 548/548/548 549/549/549 545/545/545
f 549/549/549 550/550/550 545/545/545
f 550/550/550 549/549/549 551/551/551
f 552/552/552 550/550/550 551/551/551
f 552/552/552 551/551/551 553/553/553
f 554/554/554 552/552/552 553/553/553
f 557/557/557 556/556/556 555/555/555
f 556/556/556 558/558/558 555/555/555
f 558/558/558 559/559/559 555/555/555
f 559/559/559 560/560/560 555/555/555
f 555/555/555 560/560/560 561/561/561
f 555/555/555 561/561/561 562/562/562
f 563/563/563 555/555/555 562/562/562
f 566/566/566 565/565/565 564/564/564
f 567/567/567 566/566/566 564/564/564
f 567/567/567 564/564/564 568/568/568
f 568/568/568 564/564/564 569/569/569
f 564/564/564 570/570/570 569/569/569
f 564/564/564 571/571/571 570/570/570
f 571/571/571 572/572/572 570/570/570
f 575/575/575 574/574/574 573/573/573
f 574/574/574 576/576/576 573/573/573
f 573/573/573 576/576/576 577/577/577
f 576/576/576 578/578/578 577/577/577
f 578/578/578 579/579/579 577/577/577
f 579/579/579 580/580/580 577/577/577
f 580/580/580 579/579/579 581/581/581
f 582/582/582 580/580/580 581/581/581
f 585/585/585 584/584/584 583/583/583
f 586/586/586 585/585/585 583/583/583
f 589/589/589 588/588/588 587/587/587
f 590/590/590 589/589/589 587/587/587
f 593/593/593 592/592/592 591/591/591
f 594/594/594 593/593/593 591/591/591
f 594/594/594 591/591/591 595/595/595
f 596/596/596 594/594/594 595/595/595
f 596/596/596 595/595/595 597/597/597
f 595/595/595 598/598/598 597/597/597
f 601/601/601 600/600/600 599/599/599
f 602/602/602 601/601/601 599/599/599
f 605/605/605 604/604/604 603/603/603
f 606/606/606 605/605/605 603/603/603
f 606/606/606 603/603/603 607/607/607
f 608/608/608 606/606/606 607/607/607
f 608/608/608 607/607/607 609/609/609
f 607/607/607 610/610/610 609/609/609
f 613/613/613 612/612/612 611/611/611
f 614/614/614 613/613/613 611/611/611
f 617/617/617 616/616/616 615/615/615
f 618/618/618 617/617/617 615/615/615
f 621/621/621 620/620/620 619/619/619
f 622/622/622 621/621/621 619/619/619
f 625/625/625 624/624/624 623/623/623
f 626/626/626 625/625/625 623/623/623
f 629/629/629 628/628/628 627/627/627
f 630/630/630 629/629/629 627/627/627
f 633/633/633 632/632/632 631/631/631
f 634/634/634 633/633/633 631/631/631
f 637/637/637 636/636/636 635/635/635
f 638/638/638 637/637/637 635/635/635
f 641/641/641 640/640/640 639/639/639
f 642/642/642 641/641/641 639/639/639
f 645/645/645 644/644/644 643/643/643
f 646/646/646 645/645/645 643/643/643
f 647/647/647 645/645/645 646/646/646
f 648/648/648 647/647/647 646/646/646
f 649/649/649 647/647/647 648/648/648
f 650/650/650 649/649/649 648/648/648
f 653/653/653 652/652/652 651/651/651
f 654/654/654 653/653/653 651/651/651
f 657/657/657 656/656/656 655/655/655
f 658/658/658 657/657/657 655/655/655
f 661/661/661 660/660/660 659/659/659
f 662/662/662 661/661/661 659/659/659
f 665/665/665 664/664/664 663/663/663
f 666/666/666 665/665/665 663/663/663
f 669/669/669 668/668/668 667/667/667
f 670/670/670 669/669/669 667/667/667
f 670/670/670 667/667/667 671/671/671
f 672/672/672 670/670/670 671/671/671
f 672/672/672 671/671/671 673/673/673
f 671/671/671 674/674/674 673/673/673
f 677/677/677 676/676/676 675/675/675
f 678/678/678 677/677/677 675/675/675
f 681/681/681 680/680/680 679/679/679
f 682/682/682 681/681/681 679/679/679
f 682/682/682 679/679/679 683/683/683
f 684/684/684 682/682/682 683/683/683
f 684/684/684 683/683/683 685/685/685
f 683/683/683 686/686/686 685/685/685
f 689/689/689 688/688/688 687/687/687
f 690/690/690 689/689/689 687/687/687
f 693/693/693 692/692/692 691/691/691
f 694/694/694 693/693/693 691/691/691
f 697/697/697 696/696/696 695/695/695
f 698/698/698 697/697/697 695/695/695
f 701/701/701 700/700/700 699/699/699
f 702/702/702 701/701/701 699/699/699
f 705/705/705 704/704/704 703/703/703
f 706/706/706 705/705/705 703/703/703
f 709/709/709 708/708/708 707/707/707
f 710/710/710 709/709/709 707/707/707
f 713/713/713 712/712/712 711/711/711
f 714/714/714 713/713/713 711/711/711
f 717/717/717 716/716/716 715/715/715
f 718/718/718 717/717/717 715/715/715
f 721/721/721 720/720/720 719/719/719
f 722/722/722 721/721/721 719/719/719
f 725/725/725 724/724/724 723/723/723
f 726/726/726 724/724/724 725/725/725
f 729/729/729 728/728/728 727/727/727
f 730/730/730 729/729/729 727/727/727
f 733/733/733 732/732/732 731/731/731
f 734/734/734 733/733/733 731/731/731
f 737/737/737 736/736/736 735/735/735
f 738/738/738 737/737/737 735/735/735
f 741/741/741 740/740/740 739/739/739
f 742/742/742 741/741/741 739/739/739
f 743/743/743 741/741/741 742/742/742
f 744/744/744 743/743/743 742/742/742
f 747/747/747 746/746/746 745/745/745
f 748/748/748 747/747/747 745/745/745
f 751/751/751 750/750/750 749/749/749
f 752/752/752 751/751/751 749/749/749
f 755/755/755 754/754/754 753/753/753
f 756/756/756 755/755/755 753/753/753
f 759/759/759 758/758/758 757/757/757
f 760/760/760 759/759/759 757/757/757
f 763/763/763 762/762/762 761/761/761
f 764/764/764 763/763/763 761/761/761
f 767/767/767 766/766/766 765/765/765
f 768/768/768 767/767/767 765/765/765
f 771/771/771 770/770/770 769/769/769
f 772/772/772 771/771/771 769/769/769
f 775/775/775 774/774/774 773/773/773
f 776/776/776 775/775/775 773/773/773
f 779/779/779 778/778/778 777/777/777
f 778/778/778 780/780/780 777/777/777
f 777/777/777 780/780/780 781/781/781
f 780/780/780 782/782/782 781/781/781
f 785/785/785 784/784/784 783/783/783
f 785/785/785 783/783/783 786/786/786
f 787/787/787 785/785/785 786/786/786
f 790/790/790 789/789/789 788/788/788
f 791/791/791 790/790/790 788/788/788
f 794/794/794 793/793/793 792/792/792
f 794/794/794 795/795/795 793/793/793
f 798/798/798 797/797/797 796/796/796
f 799/799/799 798/798/798 796/796/796
f 802/802/802 801/801/801 800/800/800
f 803/803/803 802/802/802 800/800/800
f 806/806/806 805/805/805 804/804/804
f 807/807/807 806/806/806 804/804/804
f 810/810/810 809/809/809 808/808/808
f 809/809/809 811/811/811 808/808/808
f 809/809/809 812/812/812 811/811/811
f 812/812/812 813/813/813 811/811/811
f 816/816/816 815/815/815 814/814/814
f 817/817/817 816/816/816 814/814/814
f 820/820/820 819/819/819 818/818/818
f 821/821/821 820/820/820 818/818/818
f 824/824/824 823/823/823 822/822/822
f 825/825/825 824/824/824 822/822/822
f 828/828/828 827/827/827 826/826/826
f 829/829/829 828/828/828 826/826/826
f 832/832/832 831/831/831 830/830/830
f 833/833/833 832/832/832 830/830/830
f 836/836/836 835/835/835 834/834/834
f 837/837/837 836/836/836 834/834/834
f 840/840/840 839/839/839 838/838/838
f 841/841/841 840/840/840 838/838/838
f 844/844/844 843/843/843 842/842/842
f 845/845/845 844/844/844 842/842/842
f 848/848/848 847/847/847 846/846/846
f 849/849/849 848/848/848 846/846/846
f 849/849/849 846/846/846 850/850/850
f 851/851/851 849/849/849 850/850/850
f 854/854/854 853/853/853 852/852/852
f 852/852/852 853/853/853 855/855/855
f 853/853/853 856/856/856 855/855/855
f 859/859/859 858/858/858 857/857/857
f 860/860/860 859/859/859 857/857/857
f 863/863/863 862/862/862 861/861/861
f 864/864/864 863/863/863 861/861/861
f 867/867/867 866/866/866 865/865/865
f 866/866/866 868/868/868 865/865/865
f 865/865/865 868/868/868 869/869/869
f 869/869/869 868/868/868 870/870/870
f 868/868/868 871/871/871 870/870/870
f 874/874/874 873/873/873 872/872/872
f 875/875/875 874/874/874 872/872/872
f 878/878/878 877/877/877 876/876/876
f 877/877/877 878/878/878 879/879/879
f 877/877/877 879/879/879 880/880/880
f 880/880/880 881/881/881 877/877/877
f 881/881/881 882/882/882 877/877/877
f 882/882/882 883/883/883 877/877/877
f 886/886/886 885/885/885 884/884/884
f 884/884/884 887/887/887 886/886/886
f 884/884/884 888/888/888 887/887/887
f 891/891/891 890/890/890 889/889/889
f 892/892/892 891/891/891 889/889/889
f 893/893/893 891/891/891 892/892/892
f 894/894/894 893/893/893 892/892/892
f 897/897/897 896/896/896 895/895/895
f 898/898/898 897/897/897 895/895/895
f 899/899/899 897/897/897 898/898/898
f 900/900/900 899/899/899 898/898/898
f 903/903/903 902/902/902 901/901/901
f 904/904/904 903/903/903 901/901/901
f 907/907/907 906/906/906 905/905/905
f 908/908/908 907/907/907 905/905/905
f 911/911/911 910/910/910 909/909/909
f 912/912/912 911/911/911 909/909/909
f 912/912/912 909/909/909 913/913/913
f 914/914/914 912/912/912 913/913/913
f 913/913/913 915/915/915 914/914/914
f 915/915/915 916/916/916 914/914/914
f 919/919/919 918/918/918 917/917/917
f 920/920/920 919/919/919 917/917/917
f 917/917/917 921/921/921 920/920/920
f 921/921/921 922/922/922 920/920/920
f 925/925/925 924/924/924 923/923/923
f 926/926/926 925/925/925 923/923/923
f 929/929/929 928/928/928 927/927/927
f 930/930/930 929/929/929 927/927/927
f 933/933/933 932/932/932 931/931/931
f 934/934/934 933/933/933 931/931/931
f 937/937/937 936/936/936 935/935/935
f 938/938/938 937/937/937 935/935/935
f 938/938/938 935/935/935 939/939/939
f 938/938/938 939/939/939 940/940/940
f 941/941/941 938/938/938 940/940/940
f 944/944/944 943/943/943 942/942/942
f 945/945/945 944/944/944 942/942/942
f 948/948/948 947/947/947 946/946/946
f 949/949/949 947/947/947 948/948/948
f 949/949/949 948/948/948 950/950/950
f 950/950/950 951/951/951 949/949/949
f 952/952/952 950/950/950 948/948/948
f 953/953/953 952/952/952 948/948/948
f 956/956/956 955/955/955 954/954/954
f 954/954/954 957/957/957 956/956/956
f 954/954/954 958/958/958 957/957/957
f 961/961/961 960/960/960 959/959/959
f 960/960/960 962/962/962 959/959/959
f 960/960/960 963/963/963 962/962/962
f 963/963/963 964/964/964 962/962/962
f 967/967/967 966/966/966 965/965/965
f 966/966/966 968/968/968 965/965/965
f 966/966/966 969/969/969 968/968/968
f 969/969/969 970/970/970 968/968/968
f 973/973/973 972/972/972 971/971/971
f 974/974/974 973/973/973 971/971/971
f 977/977/977 976/976/976 975/975/975
f 978/978/978 977/977/977 975/975/975
f 981/981/981 980/980/980 979/979/979
f 980/980/980 982/982/982 979/979/979
f 979/979/979 982/982/982 983/983/983
f 982/982/982 984/984/984 983/983/983
f 985/985/985 983/983/983 984/984/984
f 986/986/986 985/985/985 984/984/984
f 989/989/989 988/988/988 987/987/987
f 988/988/988 990/990/990 987/987/987
f 991/991/991 987/987/987 990/990/990
f 992/992/992 991/991/991 990/990/990
f 995/995/995 994/994/994 993/993/993
f 996/996/996 995/995/995 993/993/993
f 999/999/999 998/998/998 997/997/997
f 1000/1000/1000 999/999/999 997/997/997
f 1003/1003/1003 1002/1002/1002 1001/1001/1001
f 1004/1004/1004 1003/1003/1003 1001/1001/1001
f 1007/1007/1007 1006/1006/1006 1005/1005/1005
f 1008/1008/1008 1007/1007/1007 1005/1005/1005
f 1011/1011/1011 1010/1010/1010 1009/1009/1009
f 1012/1012/1012 1011/1011/1011 1009/1009/1009
f 1015/1015/1015 1014/1014/1014 1013/1013/1013
f 1016/1016/1016 1015/1015/1015 1013/1013/1013
f 1019/1019/1019 1018/1018/1018 1017/1017/1017
f 1020/1020/1020 1019/1019/1019 1017/1017/1017
f 1023/1023/1023 1022/1022/1022 1021/1021/1021
f 1024/1024/1024 1023/1023/1023 1021/1021/1021
f 1027/1027/1027 1026/1026/1026 1025/1025/1025
f 1028/1028/1028 1027/1027/1027 1025/1025/1025
f 1031/1031/1031 1030/1030/1030 1029/1029/1029
f 1032/1032/1032 1031/1031/1031 1029/1029/1029
g logistic-station-2_1
f 1035/1035/1035 1034/1034/1034 1033/1033/1033
f 1036/1036/1036 1035/1035/1035 1033/1033/1033
